label,name,cluster_annotation_term_set_label,parent_term_label,parent_term_set_label,term_set_order,term_order,cluster_annotation_term_set_name,color_hex_triplet,number_of_clusters,number_of_cells
CS20230722_NEUR_Glut,Glut,CCN20230722_NEUR,,,0,0,neurotransmitter,#2B93DF,2561,2054137
CS20230722_NEUR_NA,NA,CCN20230722_NEUR,,,0,1,neurotransmitter,#666666,127,1089152
CS20230722_NEUR_GABA,GABA,CCN20230722_NEUR,,,0,2,neurotransmitter,#FF3358,1991,834601
CS20230722_NEUR_Dopa,Dopa,CCN20230722_NEUR,,,0,3,neurotransmitter,#fcf04b,67,9396
CS20230722_NEUR_Glut-GABA,Glut-GABA,CCN20230722_NEUR,,,0,4,neurotransmitter,#0a9964,62,8989
CS20230722_NEUR_Chol,Chol,CCN20230722_NEUR,,,0,5,neurotransmitter,#73E785,48,7582
CS20230722_NEUR_Hist,Hist,CCN20230722_NEUR,,,0,6,neurotransmitter,#ff7621,5,534
CS20230722_NEUR_GABA-Glyc,GABA-Glyc,CCN20230722_NEUR,,,0,7,neurotransmitter,#820e57,429,36490
CS20230722_NEUR_Sero,Sero,CCN20230722_NEUR,,,0,8,neurotransmitter,#533691,20,1469
CS20230722_NEUR_Nora,Nora,CCN20230722_NEUR,,,0,9,neurotransmitter,#03EDFF,12,626
CS20230722_CLAS_01,01 IT-ET Glut,CCN20230722_CLAS,,,1,0,class,#FA0087,402,1095484
CS20230722_CLAS_02,02 NP-CT-L6b Glut,CCN20230722_CLAS,,,1,1,class,#61e2a4,83,310198
CS20230722_CLAS_03,03 OB-CR Glut,CCN20230722_CLAS,,,1,2,class,#D00000,16,4767
CS20230722_CLAS_04,04 DG-IMN Glut,CCN20230722_CLAS,,,1,3,class,#16f2f2,16,84352
CS20230722_CLAS_05,05 OB-IMN GABA,CCN20230722_CLAS,,,1,4,class,#1b4332,105,107502
CS20230722_CLAS_06,06 CTX-CGE GABA,CCN20230722_CLAS,,,1,5,class,#CCFF33,101,139032
CS20230722_CLAS_07,07 CTX-MGE GABA,CCN20230722_CLAS,,,1,6,class,#f954ee,105,122085
CS20230722_CLAS_08,08 CNU-MGE GABA,CCN20230722_CLAS,,,1,7,class,#70E000,105,18849
CS20230722_CLAS_09,09 CNU-LGE GABA,CCN20230722_CLAS,,,1,8,class,#B199FF,94,115160
CS20230722_CLAS_10,10 LSX GABA,CCN20230722_CLAS,,,1,9,class,#3283FE,146,30313
CS20230722_CLAS_11,11 CNU-HYa GABA,CCN20230722_CLAS,,,1,10,class,#450099,395,78482
CS20230722_CLAS_12,12 HY GABA,CCN20230722_CLAS,,,1,11,class,#FF6600,420,90376
CS20230722_CLAS_13,13 CNU-HYa Glut,CCN20230722_CLAS,,,1,12,class,#90E0EF,236,45685
CS20230722_CLAS_14,14 HY Glut,CCN20230722_CLAS,,,1,13,class,#AA0DFE,339,66984
CS20230722_CLAS_15,15 HY Gnrh1 Glut,CCN20230722_CLAS,,,1,14,class,#F28266,1,191
CS20230722_CLAS_16,16 HY MM Glut,CCN20230722_CLAS,,,1,15,class,#01d669,13,13730
CS20230722_CLAS_17,17 MH-LH Glut,CCN20230722_CLAS,,,1,16,class,#FAA307,35,10770
CS20230722_CLAS_18,18 TH Glut,CCN20230722_CLAS,,,1,17,class,#0D47A1,113,115401
CS20230722_CLAS_19,19 MB Glut,CCN20230722_CLAS,,,1,18,class,#007200,661,120552
CS20230722_CLAS_20,20 MB GABA,CCN20230722_CLAS,,,1,19,class,#9EF01A,451,82032
CS20230722_CLAS_21,21 MB Dopa,CCN20230722_CLAS,,,1,20,class,#38B000,43,4301
CS20230722_CLAS_22,22 MB-HB Sero,CCN20230722_CLAS,,,1,21,class,#EC4067,32,2466
CS20230722_CLAS_23,23 P Glut,CCN20230722_CLAS,,,1,22,class,#6b5ca5,288,25303
CS20230722_CLAS_24,24 MY Glut,CCN20230722_CLAS,,,1,23,class,#F0A0FF,406,27543
CS20230722_CLAS_25,25 Pineal Glut,CCN20230722_CLAS,,,1,24,class,#086375,1,504
CS20230722_CLAS_26,26 P GABA,CCN20230722_CLAS,,,1,25,class,#72195a,206,20206
CS20230722_CLAS_27,27 MY GABA,CCN20230722_CLAS,,,1,26,class,#0096C7,353,33311
CS20230722_CLAS_28,28 CB GABA,CCN20230722_CLAS,,,1,27,class,#FFFB46,30,51226
CS20230722_CLAS_29,29 CB Glut,CCN20230722_CLAS,,,1,28,class,#9D0208,9,141106
CS20230722_CLAS_30,30 Astro-Epen,CCN20230722_CLAS,,,1,29,class,#594a26,60,308681
CS20230722_CLAS_31,31 OPC-Oligo,CCN20230722_CLAS,,,1,30,class,#03045E,23,545179
CS20230722_CLAS_32,32 OEC,CCN20230722_CLAS,,,1,31,class,#996B2E,4,1132
CS20230722_CLAS_33,33 Vascular,CCN20230722_CLAS,,,1,32,class,#858881,19,137493
CS20230722_CLAS_34,34 Immune,CCN20230722_CLAS,,,1,33,class,#825f45,11,92580
CS20230722_SUBC_001,001 CLA-EPd-CTX Car3 Glut,CCN20230722_SUBC,CS20230722_CLAS_01,CCN20230722_CLAS,2,0,subclass,#64c2fc,5,30090
CS20230722_SUBC_002,002 IT EP-CLA Glut,CCN20230722_SUBC,CS20230722_CLAS_01,CCN20230722_CLAS,2,1,subclass,#1F665D,17,24813
CS20230722_SUBC_003,003 L5/6 IT TPE-ENT Glut,CCN20230722_SUBC,CS20230722_CLAS_01,CCN20230722_CLAS,2,2,subclass,#C400FF,10,11854
CS20230722_SUBC_004,004 L6 IT CTX Glut,CCN20230722_SUBC,CS20230722_CLAS_01,CCN20230722_CLAS,2,3,subclass,#C0FF4D,22,108913
CS20230722_SUBC_005,005 L5 IT CTX Glut,CCN20230722_SUBC,CS20230722_CLAS_01,CCN20230722_CLAS,2,4,subclass,#660F38,11,66624
CS20230722_SUBC_006,006 L4/5 IT CTX Glut,CCN20230722_SUBC,CS20230722_CLAS_01,CCN20230722_CLAS,2,5,subclass,#3DCCB7,37,369221
CS20230722_SUBC_007,007 L2/3 IT CTX Glut,CCN20230722_SUBC,CS20230722_CLAS_01,CCN20230722_CLAS,2,6,subclass,#E9530F,18,172213
CS20230722_SUBC_008,008 L2/3 IT ENT Glut,CCN20230722_SUBC,CS20230722_CLAS_01,CCN20230722_CLAS,2,7,subclass,#1F46CC,17,21111
CS20230722_SUBC_009,009 L2/3 IT PIR-ENTl Glut,CCN20230722_SUBC,CS20230722_CLAS_01,CCN20230722_CLAS,2,8,subclass,#940099,28,61035
CS20230722_SUBC_010,010 IT AON-TT-DP Glut,CCN20230722_SUBC,CS20230722_CLAS_01,CCN20230722_CLAS,2,9,subclass,#FF004B,20,32454
CS20230722_SUBC_011,011 L2 IT ENT-po Glut,CCN20230722_SUBC,CS20230722_CLAS_01,CCN20230722_CLAS,2,10,subclass,#00FFC4,6,3704
CS20230722_SUBC_012,012 MEA Slc17a7 Glut,CCN20230722_SUBC,CS20230722_CLAS_01,CCN20230722_CLAS,2,11,subclass,#456C99,23,10120
CS20230722_SUBC_013,013 COAp Grxcr2 Glut,CCN20230722_SUBC,CS20230722_CLAS_01,CCN20230722_CLAS,2,12,subclass,#61CC5C,6,13481
CS20230722_SUBC_014,014 LA-BLA-BMA-PA Glut,CCN20230722_SUBC,CS20230722_CLAS_01,CCN20230722_CLAS,2,13,subclass,#BBFF73,31,20485
CS20230722_SUBC_015,015 ENTmv-PA-COAp Glut,CCN20230722_SUBC,CS20230722_CLAS_01,CCN20230722_CLAS,2,14,subclass,#B6CC7A,9,3434
CS20230722_SUBC_016,016 CA1-ProS Glut,CCN20230722_SUBC,CS20230722_CLAS_01,CCN20230722_CLAS,2,15,subclass,#0F3466,35,31474
CS20230722_SUBC_017,017 CA3 Glut,CCN20230722_SUBC,CS20230722_CLAS_01,CCN20230722_CLAS,2,16,subclass,#C973FF,22,5229
CS20230722_SUBC_018,018 L2 IT PPP-APr Glut,CCN20230722_SUBC,CS20230722_CLAS_01,CCN20230722_CLAS,2,17,subclass,#0F6632,11,5176
CS20230722_SUBC_019,019 L2/3 IT PPP Glut,CCN20230722_SUBC,CS20230722_CLAS_01,CCN20230722_CLAS,2,18,subclass,#925C99,13,28457
CS20230722_SUBC_020,020 L2/3 IT RSP Glut,CCN20230722_SUBC,CS20230722_CLAS_01,CCN20230722_CLAS,2,19,subclass,#999145,5,33940
CS20230722_SUBC_021,021 L4 RSP-ACA Glut,CCN20230722_SUBC,CS20230722_CLAS_01,CCN20230722_CLAS,2,20,subclass,#FFF226,2,6615
CS20230722_SUBC_022,022 L5 ET CTX Glut,CCN20230722_SUBC,CS20230722_CLAS_01,CCN20230722_CLAS,2,21,subclass,#99A2FF,34,24721
CS20230722_SUBC_023,023 SUB-ProS Glut,CCN20230722_SUBC,CS20230722_CLAS_01,CCN20230722_CLAS,2,22,subclass,#FF9999,15,6844
CS20230722_SUBC_024,024 L5 PPP Glut,CCN20230722_SUBC,CS20230722_CLAS_01,CCN20230722_CLAS,2,23,subclass,#6B995C,1,1428
CS20230722_SUBC_025,025 CA2-FC-IG Glut,CCN20230722_SUBC,CS20230722_CLAS_01,CCN20230722_CLAS,2,24,subclass,#FF7391,3,640
CS20230722_SUBC_026,026 NLOT Rho Glut,CCN20230722_SUBC,CS20230722_CLAS_01,CCN20230722_CLAS,2,25,subclass,#FFD573,1,1408
CS20230722_SUBC_027,027 L6b EPd Glut,CCN20230722_SUBC,CS20230722_CLAS_02,CCN20230722_CLAS,2,26,subclass,#CC827A,7,4060
CS20230722_SUBC_028,028 L6b/CT ENT Glut,CCN20230722_SUBC,CS20230722_CLAS_02,CCN20230722_CLAS,2,27,subclass,#CC0098,14,26788
CS20230722_SUBC_029,029 L6b CTX Glut,CCN20230722_SUBC,CS20230722_CLAS_02,CCN20230722_CLAS,2,28,subclass,#9EFF99,12,20098
CS20230722_SUBC_030,030 L6 CT CTX Glut,CCN20230722_SUBC,CS20230722_CLAS_02,CCN20230722_CLAS,2,29,subclass,#34661F,22,201912
CS20230722_SUBC_031,031 CT SUB Glut,CCN20230722_SUBC,CS20230722_CLAS_02,CCN20230722_CLAS,2,30,subclass,#440066,3,7816
CS20230722_SUBC_032,032 L5 NP CTX Glut,CCN20230722_SUBC,CS20230722_CLAS_02,CCN20230722_CLAS,2,31,subclass,#7B7ACC,16,43739
CS20230722_SUBC_033,033 NP SUB Glut,CCN20230722_SUBC,CS20230722_CLAS_02,CCN20230722_CLAS,2,32,subclass,#99CAFF,6,2756
CS20230722_SUBC_034,034 NP PPP Glut,CCN20230722_SUBC,CS20230722_CLAS_02,CCN20230722_CLAS,2,33,subclass,#B8FF26,3,3029
CS20230722_SUBC_035,035 OB Eomes Ms4a15 Glut,CCN20230722_SUBC,CS20230722_CLAS_03,CCN20230722_CLAS,2,34,subclass,#7F1FCC,11,1651
CS20230722_SUBC_036,036 HPF CR Glut,CCN20230722_SUBC,CS20230722_CLAS_03,CCN20230722_CLAS,2,35,subclass,#919900,5,3116
CS20230722_SUBC_037,037 DG Glut,CCN20230722_SUBC,CS20230722_CLAS_04,CCN20230722_CLAS,2,36,subclass,#CC2400,9,82343
CS20230722_SUBC_038,038 DG-PIR Ex IMN,CCN20230722_SUBC,CS20230722_CLAS_04,CCN20230722_CLAS,2,37,subclass,#3D53CC,7,2009
CS20230722_SUBC_039,039 OB Meis2 Thsd7b Gaba,CCN20230722_SUBC,CS20230722_CLAS_05,CCN20230722_CLAS,2,38,subclass,#FF99F7,11,2163
CS20230722_SUBC_040,040 OB Trdn Gaba,CCN20230722_SUBC,CS20230722_CLAS_05,CCN20230722_CLAS,2,39,subclass,#684599,3,3507
CS20230722_SUBC_041,041 OB-in Frmd7 Gaba,CCN20230722_SUBC,CS20230722_CLAS_05,CCN20230722_CLAS,2,40,subclass,#FF0073,36,79816
CS20230722_SUBC_042,042 OB-out Frmd7 Gaba,CCN20230722_SUBC,CS20230722_CLAS_05,CCN20230722_CLAS,2,41,subclass,#CC6D3D,11,5997
CS20230722_SUBC_043,043 OB-mi Frmd7 Gaba,CCN20230722_SUBC,CS20230722_CLAS_05,CCN20230722_CLAS,2,42,subclass,#FF99A7,3,611
CS20230722_SUBC_044,044 OB Dopa-Gaba,CCN20230722_SUBC,CS20230722_CLAS_05,CCN20230722_CLAS,2,43,subclass,#96CC7A,11,4662
CS20230722_SUBC_045,045 OB-STR-CTX Inh IMN,CCN20230722_SUBC,CS20230722_CLAS_05,CCN20230722_CLAS,2,44,subclass,#819945,30,10746
CS20230722_SUBC_046,046 Vip Gaba,CCN20230722_SUBC,CS20230722_CLAS_06,CCN20230722_CLAS,2,45,subclass,#663D47,41,62447
CS20230722_SUBC_047,047 Sncg Gaba,CCN20230722_SUBC,CS20230722_CLAS_06,CCN20230722_CLAS,2,46,subclass,#FFE999,22,18840
CS20230722_SUBC_048,048 RHP-COA Ndnf Gaba,CCN20230722_SUBC,CS20230722_CLAS_06,CCN20230722_CLAS,2,47,subclass,#0003FF,20,3261
CS20230722_SUBC_049,049 Lamp5 Gaba,CCN20230722_SUBC,CS20230722_CLAS_06,CCN20230722_CLAS,2,48,subclass,#FF764D,18,54484
CS20230722_SUBC_050,050 Lamp5 Lhx6 Gaba,CCN20230722_SUBC,CS20230722_CLAS_07,CCN20230722_CLAS,2,49,subclass,#26FF3E,8,8913
CS20230722_SUBC_051,051 Pvalb chandelier Gaba,CCN20230722_SUBC,CS20230722_CLAS_07,CCN20230722_CLAS,2,50,subclass,#2F992E,2,3470
CS20230722_SUBC_052,052 Pvalb Gaba,CCN20230722_SUBC,CS20230722_CLAS_07,CCN20230722_CLAS,2,51,subclass,#661F3B,22,42314
CS20230722_SUBC_053,053 Sst Gaba,CCN20230722_SUBC,CS20230722_CLAS_07,CCN20230722_CLAS,2,52,subclass,#99F2FF,73,67388
CS20230722_SUBC_054,054 STR Prox1 Lhx6 Gaba,CCN20230722_SUBC,CS20230722_CLAS_08,CCN20230722_CLAS,2,53,subclass,#c60f3a,10,2078
CS20230722_SUBC_055,055 STR Lhx8 Gaba,CCN20230722_SUBC,CS20230722_CLAS_08,CCN20230722_CLAS,2,54,subclass,#CC3DC9,6,1573
CS20230722_SUBC_056,056 Sst Chodl Gaba,CCN20230722_SUBC,CS20230722_CLAS_08,CCN20230722_CLAS,2,55,subclass,#EDA32D,18,5550
CS20230722_SUBC_057,057 NDB-SI-MA-STRv Lhx8 Gaba,CCN20230722_SUBC,CS20230722_CLAS_08,CCN20230722_CLAS,2,56,subclass,#199900,55,8429
CS20230722_SUBC_058,058 PAL-STR Gaba-Chol,CCN20230722_SUBC,CS20230722_CLAS_08,CCN20230722_CLAS,2,57,subclass,#4DFFFA,16,1219
CS20230722_SUBC_059,059 GPe-SI Sox6 Cyp26b1 Gaba,CCN20230722_SUBC,CS20230722_CLAS_09,CCN20230722_CLAS,2,58,subclass,#5CCC85,5,1443
CS20230722_SUBC_060,060 OT D3 Folh1 Gaba,CCN20230722_SUBC,CS20230722_CLAS_09,CCN20230722_CLAS,2,59,subclass,#66580F,4,12366
CS20230722_SUBC_061,061 STR D1 Gaba,CCN20230722_SUBC,CS20230722_CLAS_09,CCN20230722_CLAS,2,60,subclass,#005B66,22,36287
CS20230722_SUBC_062,062 STR D2 Gaba,CCN20230722_SUBC,CS20230722_CLAS_09,CCN20230722_CLAS,2,61,subclass,#FF7800,25,36963
CS20230722_SUBC_063,063 STR D1 Sema5a Gaba,CCN20230722_SUBC,CS20230722_CLAS_09,CCN20230722_CLAS,2,62,subclass,#663A2D,11,7476
CS20230722_SUBC_064,064 STR-PAL Chst9 Gaba,CCN20230722_SUBC,CS20230722_CLAS_09,CCN20230722_CLAS,2,63,subclass,#967B09,15,18689
CS20230722_SUBC_065,065 IA Mgp Gaba,CCN20230722_SUBC,CS20230722_CLAS_09,CCN20230722_CLAS,2,64,subclass,#00995F,12,1936
CS20230722_SUBC_066,066 NDB-SI-ant Prdm12 Gaba,CCN20230722_SUBC,CS20230722_CLAS_11,CCN20230722_CLAS,2,65,subclass,#FF00D6,14,1920
CS20230722_SUBC_067,067 LSX Sall3 Pax6 Gaba,CCN20230722_SUBC,CS20230722_CLAS_10,CCN20230722_CLAS,2,66,subclass,#006649,8,1114
CS20230722_SUBC_068,068 LSX Otx2 Gaba,CCN20230722_SUBC,CS20230722_CLAS_10,CCN20230722_CLAS,2,67,subclass,#229917,24,4379
CS20230722_SUBC_069,069 LSX Nkx2-1 Gaba,CCN20230722_SUBC,CS20230722_CLAS_10,CCN20230722_CLAS,2,68,subclass,#CCA43D,41,7877
CS20230722_SUBC_070,070 LSX Prdm12 Slit2 Gaba,CCN20230722_SUBC,CS20230722_CLAS_10,CCN20230722_CLAS,2,69,subclass,#0067FF,34,7843
CS20230722_SUBC_071,071 LSX Prdm12 Zeb2 Gaba,CCN20230722_SUBC,CS20230722_CLAS_10,CCN20230722_CLAS,2,70,subclass,#1F6625,25,6587
CS20230722_SUBC_072,072 LSX Sall3 Lmo1 Gaba,CCN20230722_SUBC,CS20230722_CLAS_10,CCN20230722_CLAS,2,71,subclass,#00FFD0,14,2513
CS20230722_SUBC_073,073 MEA-BST Sox6 Gaba,CCN20230722_SUBC,CS20230722_CLAS_11,CCN20230722_CLAS,2,72,subclass,#66360F,50,11497
CS20230722_SUBC_074,074 MEA-BST Lhx6 Sp9 Gaba,CCN20230722_SUBC,CS20230722_CLAS_11,CCN20230722_CLAS,2,73,subclass,#FCFF4D,31,8508
CS20230722_SUBC_075,075 MEA-BST Lhx6 Nr2e1 Gaba,CCN20230722_SUBC,CS20230722_CLAS_11,CCN20230722_CLAS,2,74,subclass,#995C70,12,3196
CS20230722_SUBC_076,076 MEA-BST Lhx6 Nfib Gaba,CCN20230722_SUBC,CS20230722_CLAS_11,CCN20230722_CLAS,2,75,subclass,#990063,34,6573
CS20230722_SUBC_077,077 CEA-BST Gal Avp Gaba,CCN20230722_SUBC,CS20230722_CLAS_11,CCN20230722_CLAS,2,76,subclass,#2E6637,2,389
CS20230722_SUBC_078,078 SI-MA-ACB Ebf1 Bnc2 Gaba,CCN20230722_SUBC,CS20230722_CLAS_11,CCN20230722_CLAS,2,77,subclass,#5CBCCC,10,1593
CS20230722_SUBC_079,079 CEA-BST Six3 Cyp26b1 Gaba,CCN20230722_SUBC,CS20230722_CLAS_11,CCN20230722_CLAS,2,78,subclass,#73C1FF,21,5872
CS20230722_SUBC_080,080 CEA-AAA-BST Six3 Sp9 Gaba,CCN20230722_SUBC,CS20230722_CLAS_11,CCN20230722_CLAS,2,79,subclass,#990091,25,6645
CS20230722_SUBC_081,081 ACB-BST-FS D1 Gaba,CCN20230722_SUBC,CS20230722_CLAS_11,CCN20230722_CLAS,2,80,subclass,#FF4026,11,2290
CS20230722_SUBC_082,082 CEA-BST Ebf1 Pdyn Gaba,CCN20230722_SUBC,CS20230722_CLAS_11,CCN20230722_CLAS,2,81,subclass,#CC885C,23,8884
CS20230722_SUBC_083,083 CEA-BST Rai14 Pdyn Crh Gaba,CCN20230722_SUBC,CS20230722_CLAS_11,CCN20230722_CLAS,2,82,subclass,#CC5E5C,4,545
CS20230722_SUBC_084,084 BST-SI-AAA Six3 Slc22a3 Gaba,CCN20230722_SUBC,CS20230722_CLAS_11,CCN20230722_CLAS,2,83,subclass,#881FCC,7,1077
CS20230722_SUBC_085,085 SI-MPO-LPO Lhx8 Gaba,CCN20230722_SUBC,CS20230722_CLAS_11,CCN20230722_CLAS,2,84,subclass,#26FFAD,39,3593
CS20230722_SUBC_086,086 MPO-ADP Lhx8 Gaba,CCN20230722_SUBC,CS20230722_CLAS_11,CCN20230722_CLAS,2,85,subclass,#FF004F,26,2498
CS20230722_SUBC_087,087 MPN-MPO-LPO Lhx6 Zfhx3 Gaba,CCN20230722_SUBC,CS20230722_CLAS_11,CCN20230722_CLAS,2,86,subclass,#26C2FF,10,1507
CS20230722_SUBC_088,088 BST Tac2 Gaba,CCN20230722_SUBC,CS20230722_CLAS_11,CCN20230722_CLAS,2,87,subclass,#71FF4D,10,1351
CS20230722_SUBC_089,089 PVR Six3 Sox3 Gaba,CCN20230722_SUBC,CS20230722_CLAS_11,CCN20230722_CLAS,2,88,subclass,#4DFFB4,35,4007
CS20230722_SUBC_090,090 BST-MPN Six3 Nrgn Gaba,CCN20230722_SUBC,CS20230722_CLAS_11,CCN20230722_CLAS,2,89,subclass,#996600,31,6537
CS20230722_SUBC_091,091 ARH-PVi Six6 Dopa-Gaba,CCN20230722_SUBC,CS20230722_CLAS_12,CCN20230722_CLAS,2,90,subclass,#6000FF,4,744
CS20230722_SUBC_092,092 TMv-PMv Tbx3 Hist-Gaba,CCN20230722_SUBC,CS20230722_CLAS_12,CCN20230722_CLAS,2,91,subclass,#2E664D,7,855
CS20230722_SUBC_093,093 RT-ZI Gnb3 Gaba,CCN20230722_SUBC,CS20230722_CLAS_12,CCN20230722_CLAS,2,92,subclass,#CCB65C,25,9558
CS20230722_SUBC_094,094 SCH Six6 Cdc14a Gaba,CCN20230722_SUBC,CS20230722_CLAS_12,CCN20230722_CLAS,2,93,subclass,#FFBC4D,14,4305
CS20230722_SUBC_095,095 DMH Prdm13 Gaba,CCN20230722_SUBC,CS20230722_CLAS_12,CCN20230722_CLAS,2,94,subclass,#179972,6,2411
CS20230722_SUBC_096,096 PVHd Gsc Gaba,CCN20230722_SUBC,CS20230722_CLAS_12,CCN20230722_CLAS,2,95,subclass,#3B1FCC,1,234
CS20230722_SUBC_097,097 PVHd-SBPV Six3 Prox1 Gaba,CCN20230722_SUBC,CS20230722_CLAS_12,CCN20230722_CLAS,2,96,subclass,#2E3D66,21,5065
CS20230722_SUBC_098,098 AHN-SBPV-PVHd Pdrm12 Gaba,CCN20230722_SUBC,CS20230722_CLAS_12,CCN20230722_CLAS,2,97,subclass,#BB7ACC,36,7084
CS20230722_SUBC_099,099 SBPV-PVa Six6 Satb2 Gaba,CCN20230722_SUBC,CS20230722_CLAS_12,CCN20230722_CLAS,2,98,subclass,#99FF4D,15,3947
CS20230722_SUBC_100,100 AHN Onecut3 Gaba,CCN20230722_SUBC,CS20230722_CLAS_12,CCN20230722_CLAS,2,99,subclass,#553D66,16,2641
CS20230722_SUBC_101,101 ZI Pax6 Gaba,CCN20230722_SUBC,CS20230722_CLAS_12,CCN20230722_CLAS,2,100,subclass,#73FFCF,73,13885
CS20230722_SUBC_102,102 DMH-LHA Gsx1 Gaba,CCN20230722_SUBC,CS20230722_CLAS_12,CCN20230722_CLAS,2,101,subclass,#992A00,27,6837
CS20230722_SUBC_103,103 PVHd-DMH Lhx6 Gaba,CCN20230722_SUBC,CS20230722_CLAS_12,CCN20230722_CLAS,2,102,subclass,#73F8FF,23,3231
CS20230722_SUBC_104,104 TU-ARH Otp Six6 Gaba,CCN20230722_SUBC,CS20230722_CLAS_12,CCN20230722_CLAS,2,103,subclass,#2E0F66,24,6483
CS20230722_SUBC_105,105 TMd-DMH Foxd2 Gaba,CCN20230722_SUBC,CS20230722_CLAS_12,CCN20230722_CLAS,2,104,subclass,#3DCC9E,9,2213
CS20230722_SUBC_106,106 PVpo-VMPO-MPN Hmx2 Gaba,CCN20230722_SUBC,CS20230722_CLAS_12,CCN20230722_CLAS,2,105,subclass,#3D4566,47,6146
CS20230722_SUBC_107,107 DMH Hmx2 Gaba,CCN20230722_SUBC,CS20230722_CLAS_12,CCN20230722_CLAS,2,106,subclass,#FFB473,44,6453
CS20230722_SUBC_108,108 ARH-PVp Tbx3 Gaba,CCN20230722_SUBC,CS20230722_CLAS_12,CCN20230722_CLAS,2,107,subclass,#CC3D76,11,3154
CS20230722_SUBC_109,109 LGv-ZI Otx2 Gaba,CCN20230722_SUBC,CS20230722_CLAS_12,CCN20230722_CLAS,2,108,subclass,#664DFF,17,5130
CS20230722_SUBC_110,110 BST-po Iigp1 Glut,CCN20230722_SUBC,CS20230722_CLAS_13,CCN20230722_CLAS,2,109,subclass,#973DCC,1,155
CS20230722_SUBC_111,111 TRS-BAC Sln Glut,CCN20230722_SUBC,CS20230722_CLAS_13,CCN20230722_CLAS,2,110,subclass,#500F66,5,1194
CS20230722_SUBC_112,112 GPi Tbr1 Cngb3 Gaba-Glut,CCN20230722_SUBC,CS20230722_CLAS_13,CCN20230722_CLAS,2,111,subclass,#008ECC,3,460
CS20230722_SUBC_113,113 MEA-COA-BMA Ccdc42 Glut,CCN20230722_SUBC,CS20230722_CLAS_13,CCN20230722_CLAS,2,112,subclass,#660F5A,16,14851
CS20230722_SUBC_114,114 COAa-PAA-MEA Barhl2 Glut,CCN20230722_SUBC,CS20230722_CLAS_13,CCN20230722_CLAS,2,113,subclass,#EDFF99,40,10172
CS20230722_SUBC_115,115 MS-SF Bsx Glut,CCN20230722_SUBC,CS20230722_CLAS_13,CCN20230722_CLAS,2,114,subclass,#1F6641,19,1191
CS20230722_SUBC_116,116 AVPV-MEPO-SFO Tbr1 Glut,CCN20230722_SUBC,CS20230722_CLAS_13,CCN20230722_CLAS,2,115,subclass,#1100CC,26,2793
CS20230722_SUBC_117,117 LHA Barhl2 Glut,CCN20230722_SUBC,CS20230722_CLAS_13,CCN20230722_CLAS,2,116,subclass,#5C9995,14,1548
CS20230722_SUBC_118,118 ADP-MPO Trp73 Glut,CCN20230722_SUBC,CS20230722_CLAS_13,CCN20230722_CLAS,2,117,subclass,#00CC6A,20,1334
CS20230722_SUBC_119,119 SI-MA-LPO-LHA Skor1 Glut,CCN20230722_SUBC,CS20230722_CLAS_13,CCN20230722_CLAS,2,118,subclass,#352E66,70,7916
CS20230722_SUBC_120,120 MEA Otp Foxp2 Glut,CCN20230722_SUBC,CS20230722_CLAS_13,CCN20230722_CLAS,2,119,subclass,#894599,5,1530
CS20230722_SUBC_121,121 MEA-BST Otp Zic2 Glut,CCN20230722_SUBC,CS20230722_CLAS_13,CCN20230722_CLAS,2,120,subclass,#6100CC,10,1576
CS20230722_SUBC_122,122 LHA-MEA Otp Glut,CCN20230722_SUBC,CS20230722_CLAS_13,CCN20230722_CLAS,2,121,subclass,#1FCCCA,7,965
CS20230722_SUBC_123,123 DMH Nkx2-4 Glut,CCN20230722_SUBC,CS20230722_CLAS_14,CCN20230722_CLAS,2,122,subclass,#FF73C8,6,3635
CS20230722_SUBC_124,124 MPN-MPO-PVpo Hmx2 Glut,CCN20230722_SUBC,CS20230722_CLAS_14,CCN20230722_CLAS,2,123,subclass,#CC1F92,32,4631
CS20230722_SUBC_125,125 DMH Hmx2 Glut,CCN20230722_SUBC,CS20230722_CLAS_14,CCN20230722_CLAS,2,124,subclass,#2F6600,11,2345
CS20230722_SUBC_126,126 ARH-PVp Tbx3 Glut,CCN20230722_SUBC,CS20230722_CLAS_14,CCN20230722_CLAS,2,125,subclass,#CC4B1F,11,4109
CS20230722_SUBC_127,127 DMH-LHA Vgll2 Glut,CCN20230722_SUBC,CS20230722_CLAS_14,CCN20230722_CLAS,2,126,subclass,#391799,5,883
CS20230722_SUBC_128,128 VMH Fezf1 Glut,CCN20230722_SUBC,CS20230722_CLAS_14,CCN20230722_CLAS,2,127,subclass,#00CBFF,11,2541
CS20230722_SUBC_129,129 VMH Nr5a1 Glut,CCN20230722_SUBC,CS20230722_CLAS_14,CCN20230722_CLAS,2,128,subclass,#5CCCB1,19,7811
CS20230722_SUBC_130,130 LHA Pmch Glut,CCN20230722_SUBC,CS20230722_CLAS_14,CCN20230722_CLAS,2,129,subclass,#B100CC,5,846
CS20230722_SUBC_131,131 LHA-AHN-PVH Otp Trh Glut,CCN20230722_SUBC,CS20230722_CLAS_14,CCN20230722_CLAS,2,130,subclass,#7ABACC,15,2367
CS20230722_SUBC_132,132 AHN-RCH-LHA Otp Fezf1 Glut,CCN20230722_SUBC,CS20230722_CLAS_14,CCN20230722_CLAS,2,131,subclass,#2E9957,24,4248
CS20230722_SUBC_133,133 PVH-SO-PVa Otp Glut,CCN20230722_SUBC,CS20230722_CLAS_14,CCN20230722_CLAS,2,132,subclass,#603DCC,23,6390
CS20230722_SUBC_134,134 PH-ant-LHA Otp Bsx Glut,CCN20230722_SUBC,CS20230722_CLAS_14,CCN20230722_CLAS,2,133,subclass,#660010,42,6412
CS20230722_SUBC_135,135 STN-PSTN Pitx2 Glut,CCN20230722_SUBC,CS20230722_CLAS_14,CCN20230722_CLAS,2,134,subclass,#CC0048,31,5976
CS20230722_SUBC_136,136 PMv-TMv Pitx2 Glut,CCN20230722_SUBC,CS20230722_CLAS_14,CCN20230722_CLAS,2,135,subclass,#3D5566,14,2752
CS20230722_SUBC_137,137 PH-an Pitx2 Glut,CCN20230722_SUBC,CS20230722_CLAS_14,CCN20230722_CLAS,2,136,subclass,#66441F,7,971
CS20230722_SUBC_138,138 PH Pitx2 Glut,CCN20230722_SUBC,CS20230722_CLAS_14,CCN20230722_CLAS,2,137,subclass,#5C6D99,17,2186
CS20230722_SUBC_139,139 PH-LHA Foxb1 Glut,CCN20230722_SUBC,CS20230722_CLAS_14,CCN20230722_CLAS,2,138,subclass,#7C2E99,24,3521
CS20230722_SUBC_140,140 PMd-LHA Foxb1 Glut,CCN20230722_SUBC,CS20230722_CLAS_14,CCN20230722_CLAS,2,139,subclass,#5C9965,14,2141
CS20230722_SUBC_141,141 PH-SUM Foxa1 Glut,CCN20230722_SUBC,CS20230722_CLAS_14,CCN20230722_CLAS,2,140,subclass,#991793,28,3219
CS20230722_SUBC_142,142 HY Gnrh1 Glut,CCN20230722_SUBC,CS20230722_CLAS_15,CCN20230722_CLAS,2,141,subclass,#7A9ACC,1,191
CS20230722_SUBC_143,143 MM-ant Foxb1 Glut,CCN20230722_SUBC,CS20230722_CLAS_16,CCN20230722_CLAS,2,142,subclass,#66662E,6,5451
CS20230722_SUBC_144,144 MM Foxb1 Glut,CCN20230722_SUBC,CS20230722_CLAS_16,CCN20230722_CLAS,2,143,subclass,#FF2677,7,8279
CS20230722_SUBC_145,145 MH Tac2 Glut,CCN20230722_SUBC,CS20230722_CLAS_17,CCN20230722_CLAS,2,144,subclass,#3D8ACC,21,8003
CS20230722_SUBC_146,146 LH Pou4f1 Sox1 Glut,CCN20230722_SUBC,CS20230722_CLAS_17,CCN20230722_CLAS,2,145,subclass,#CC7A9D,14,2767
CS20230722_SUBC_147,147 AD Serpinb7 Glut,CCN20230722_SUBC,CS20230722_CLAS_18,CCN20230722_CLAS,2,146,subclass,#FF7383,2,720
CS20230722_SUBC_148,148 AV Col27a1 Glut,CCN20230722_SUBC,CS20230722_CLAS_18,CCN20230722_CLAS,2,147,subclass,#16f2f2,2,7531
CS20230722_SUBC_149,149 PVT-PT Ntrk1 Glut,CCN20230722_SUBC,CS20230722_CLAS_18,CCN20230722_CLAS,2,148,subclass,#5C8599,16,10258
CS20230722_SUBC_150,150 CM-IAD-CL-PCN Sema5b Glut,CCN20230722_SUBC,CS20230722_CLAS_18,CCN20230722_CLAS,2,149,subclass,#076600,15,13604
CS20230722_SUBC_151,151 TH Prkcd Grin2c Glut,CCN20230722_SUBC,CS20230722_CLAS_18,CCN20230722_CLAS,2,150,subclass,#68e497,42,68480
CS20230722_SUBC_152,152 RE-Xi Nox4 Glut,CCN20230722_SUBC,CS20230722_CLAS_18,CCN20230722_CLAS,2,151,subclass,#663D57,14,5970
CS20230722_SUBC_153,153 MG-POL-SGN Nts Glut,CCN20230722_SUBC,CS20230722_CLAS_18,CCN20230722_CLAS,2,152,subclass,#992E38,6,2050
CS20230722_SUBC_154,154 PF Fzd5 Glut,CCN20230722_SUBC,CS20230722_CLAS_18,CCN20230722_CLAS,2,153,subclass,#1C0099,16,6788
CS20230722_SUBC_155,155 PRC-PAG Pax6 Glut,CCN20230722_SUBC,CS20230722_CLAS_19,CCN20230722_CLAS,2,154,subclass,#3D6566,26,2345
CS20230722_SUBC_156,156 MB-ant-ve Dmrta2 Glut,CCN20230722_SUBC,CS20230722_CLAS_19,CCN20230722_CLAS,2,155,subclass,#99862E,9,573
CS20230722_SUBC_157,157 RN Spp1 Glut,CCN20230722_SUBC,CS20230722_CLAS_19,CCN20230722_CLAS,2,156,subclass,#FF514D,1,48
CS20230722_SUBC_158,158 MRN-PAG Nkx6-1 Glut,CCN20230722_SUBC,CS20230722_CLAS_19,CCN20230722_CLAS,2,157,subclass,#B6FF4D,5,349
CS20230722_SUBC_159,159 IF-RL-CLI-PAG Foxa1 Glut,CCN20230722_SUBC,CS20230722_CLAS_19,CCN20230722_CLAS,2,158,subclass,#63FF26,14,1885
CS20230722_SUBC_160,160 PAG-SC Neurod2 Meis2 Glut,CCN20230722_SUBC,CS20230722_CLAS_19,CCN20230722_CLAS,2,159,subclass,#2E7799,17,2473
CS20230722_SUBC_161,161 PAG Pou4f3 Glut,CCN20230722_SUBC,CS20230722_CLAS_19,CCN20230722_CLAS,2,160,subclass,#CC3DA3,15,3150
CS20230722_SUBC_162,162 CUN Evx2 Lhx2 Glut,CCN20230722_SUBC,CS20230722_CLAS_19,CCN20230722_CLAS,2,161,subclass,#CCC27A,28,2317
CS20230722_SUBC_163,163 APN C1ql2 Glut,CCN20230722_SUBC,CS20230722_CLAS_19,CCN20230722_CLAS,2,162,subclass,#5C64CC,7,3227
CS20230722_SUBC_164,164 APN C1ql4 Glut,CCN20230722_SUBC,CS20230722_CLAS_19,CCN20230722_CLAS,2,163,subclass,#1FCC4D,9,3076
CS20230722_SUBC_165,165 PAG-MRN Pou3f1 Glut,CCN20230722_SUBC,CS20230722_CLAS_19,CCN20230722_CLAS,2,164,subclass,#FF9D26,27,3136
CS20230722_SUBC_166,166 MRN Pou3f1 C1ql4 Glut,CCN20230722_SUBC,CS20230722_CLAS_19,CCN20230722_CLAS,2,165,subclass,#005C99,13,671
CS20230722_SUBC_167,167 PRC-PAG Tcf7l2 Irx2 Glut,CCN20230722_SUBC,CS20230722_CLAS_19,CCN20230722_CLAS,2,166,subclass,#889917,28,4902
CS20230722_SUBC_168,168 SPA-SPFm-SPFp-POL-PIL-PoT Sp9 Glut,CCN20230722_SUBC,CS20230722_CLAS_19,CCN20230722_CLAS,2,167,subclass,#26FFFE,82,13287
CS20230722_SUBC_169,169 PAG-SC Pou4f1 Zic1 Glut,CCN20230722_SUBC,CS20230722_CLAS_19,CCN20230722_CLAS,2,168,subclass,#311FCC,33,4698
CS20230722_SUBC_170,170 PAG-MRN Tfap2b Glut,CCN20230722_SUBC,CS20230722_CLAS_19,CCN20230722_CLAS,2,169,subclass,#82995C,37,3672
CS20230722_SUBC_171,171 PAG Pou4f1 Bnc2 Glut,CCN20230722_SUBC,CS20230722_CLAS_19,CCN20230722_CLAS,2,170,subclass,#997045,22,1989
CS20230722_SUBC_172,172 PAG Pou4f1 Ebf2 Glut,CCN20230722_SUBC,CS20230722_CLAS_19,CCN20230722_CLAS,2,171,subclass,#F2FF73,44,7190
CS20230722_SUBC_173,173 PAG Pou4f2 Glut,CCN20230722_SUBC,CS20230722_CLAS_19,CCN20230722_CLAS,2,172,subclass,#990027,33,6602
CS20230722_SUBC_174,174 PAG Pou4f2 Mesi2 Glut,CCN20230722_SUBC,CS20230722_CLAS_19,CCN20230722_CLAS,2,173,subclass,#5FCC5C,27,5076
CS20230722_SUBC_175,175 SC Bnc2 Glut,CCN20230722_SUBC,CS20230722_CLAS_19,CCN20230722_CLAS,2,174,subclass,#CC3D9D,8,1481
CS20230722_SUBC_176,176 SCig Foxb1 Glut,CCN20230722_SUBC,CS20230722_CLAS_19,CCN20230722_CLAS,2,175,subclass,#47FF26,30,6783
CS20230722_SUBC_177,177 SCig-an-PPT Foxb1 Glut,CCN20230722_SUBC,CS20230722_CLAS_19,CCN20230722_CLAS,2,176,subclass,#453D66,11,2204
CS20230722_SUBC_178,178 SCig Foxb1 Otx2 Glut,CCN20230722_SUBC,CS20230722_CLAS_19,CCN20230722_CLAS,2,177,subclass,#5C73CC,4,366
CS20230722_SUBC_179,179 SCdg-PAG Tfap2b Glut,CCN20230722_SUBC,CS20230722_CLAS_19,CCN20230722_CLAS,2,178,subclass,#7ACCBE,7,1751
CS20230722_SUBC_180,180 SCiw Pitx2 Glut,CCN20230722_SUBC,CS20230722_CLAS_19,CCN20230722_CLAS,2,179,subclass,#50662E,19,4581
CS20230722_SUBC_181,181 IC Tfap2d Maf Glut,CCN20230722_SUBC,CS20230722_CLAS_19,CCN20230722_CLAS,2,180,subclass,#6C1799,38,20187
CS20230722_SUBC_182,182 CUN-PPN Evx2 Meis2 Glut,CCN20230722_SUBC,CS20230722_CLAS_19,CCN20230722_CLAS,2,181,subclass,#CC7A7E,32,3515
CS20230722_SUBC_183,183 PBG Mtnr1a Glut-Chol,CCN20230722_SUBC,CS20230722_CLAS_19,CCN20230722_CLAS,2,182,subclass,#00CC7F,1,28
CS20230722_SUBC_184,184 PAG Tcf24 Glut,CCN20230722_SUBC,CS20230722_CLAS_19,CCN20230722_CLAS,2,183,subclass,#ED0000,1,29
CS20230722_SUBC_185,185 SCig Tfap2b Chrnb3 Glut,CCN20230722_SUBC,CS20230722_CLAS_19,CCN20230722_CLAS,2,184,subclass,#002099,4,1296
CS20230722_SUBC_186,186 SCop Pou4f2 Neurod2 Glut,CCN20230722_SUBC,CS20230722_CLAS_19,CCN20230722_CLAS,2,185,subclass,#FF73FF,3,918
CS20230722_SUBC_187,187 SCsg Pde5a Glut,CCN20230722_SUBC,CS20230722_CLAS_19,CCN20230722_CLAS,2,186,subclass,#B899FF,10,3341
CS20230722_SUBC_188,188 SCop Sln Glut,CCN20230722_SUBC,CS20230722_CLAS_19,CCN20230722_CLAS,2,187,subclass,#73FF98,11,3096
CS20230722_SUBC_189,189 PAG Ucn Glut,CCN20230722_SUBC,CS20230722_CLAS_19,CCN20230722_CLAS,2,188,subclass,#009923,1,23
CS20230722_SUBC_190,190 ND-INC Foxd2 Glut,CCN20230722_SUBC,CS20230722_CLAS_19,CCN20230722_CLAS,2,189,subclass,#997817,3,265
CS20230722_SUBC_191,191 PAG-MRN Rln3 Gaba,CCN20230722_SUBC,CS20230722_CLAS_20,CCN20230722_CLAS,2,190,subclass,#CC7400,3,228
CS20230722_SUBC_192,192 PPN-CUN-PCG Otp En1 Gaba,CCN20230722_SUBC,CS20230722_CLAS_20,CCN20230722_CLAS,2,191,subclass,#DF99FF,19,1298
CS20230722_SUBC_193,193 MRN-PPN-CUN Pax8 Gaba,CCN20230722_SUBC,CS20230722_CLAS_20,CCN20230722_CLAS,2,192,subclass,#3DCC66,11,912
CS20230722_SUBC_194,194 MRN-VTN-PPN Pax5 Cdh23 Gaba,CCN20230722_SUBC,CS20230722_CLAS_20,CCN20230722_CLAS,2,193,subclass,#82CC1F,14,1232
CS20230722_SUBC_195,195 SNr-VTA Pax5 Npas1 Gaba,CCN20230722_SUBC,CS20230722_CLAS_20,CCN20230722_CLAS,2,194,subclass,#2E8799,9,754
CS20230722_SUBC_196,196 PAG-PPN Pax5 Sox21 Gaba,CCN20230722_SUBC,CS20230722_CLAS_20,CCN20230722_CLAS,2,195,subclass,#1D0066,19,2028
CS20230722_SUBC_197,197 SNr Six3 Gaba,CCN20230722_SUBC,CS20230722_CLAS_20,CCN20230722_CLAS,2,196,subclass,#7A5C99,4,1421
CS20230722_SUBC_198,198 IC Six3 En2 Gaba,CCN20230722_SUBC,CS20230722_CLAS_20,CCN20230722_CLAS,2,197,subclass,#C2FF26,44,4606
CS20230722_SUBC_199,199 PAG-MRN-RN Foxa2 Gaba,CCN20230722_SUBC,CS20230722_CLAS_20,CCN20230722_CLAS,2,198,subclass,#ab1dd6,23,1609
CS20230722_SUBC_200,200 PAG-ND-PCG Onecut1 Gaba,CCN20230722_SUBC,CS20230722_CLAS_20,CCN20230722_CLAS,2,199,subclass,#000799,26,1724
CS20230722_SUBC_201,201 PAG-RN Nkx2-2 Otx1 Gaba,CCN20230722_SUBC,CS20230722_CLAS_20,CCN20230722_CLAS,2,200,subclass,#7DFF4D,38,3452
CS20230722_SUBC_202,202 PRT Tcf7l2 Gaba,CCN20230722_SUBC,CS20230722_CLAS_20,CCN20230722_CLAS,2,201,subclass,#474599,37,5714
CS20230722_SUBC_203,203 LGv-SPFp-SPFm Nkx2-2 Tcf7l2 Gaba,CCN20230722_SUBC,CS20230722_CLAS_20,CCN20230722_CLAS,2,202,subclass,#FFC199,36,6108
CS20230722_SUBC_204,204 SC Otx2 Gcnt4 Gaba,CCN20230722_SUBC,CS20230722_CLAS_20,CCN20230722_CLAS,2,203,subclass,#99685C,4,1036
CS20230722_SUBC_205,205 SC-PAG Lef1 Emx2 Gaba,CCN20230722_SUBC,CS20230722_CLAS_20,CCN20230722_CLAS,2,204,subclass,#4D79FF,28,8383
CS20230722_SUBC_206,206 SCm-PAG Cdh23 Gaba,CCN20230722_SUBC,CS20230722_CLAS_20,CCN20230722_CLAS,2,205,subclass,#CC5C69,21,5032
CS20230722_SUBC_207,207 SCs Dmbx1 Gaba,CCN20230722_SUBC,CS20230722_CLAS_20,CCN20230722_CLAS,2,206,subclass,#4CCC3D,19,5612
CS20230722_SUBC_208,208 SC Lef1 Otx2 Gaba,CCN20230722_SUBC,CS20230722_CLAS_20,CCN20230722_CLAS,2,207,subclass,#994F45,5,2402
CS20230722_SUBC_209,209 SCs Pax7 Nfia Gaba,CCN20230722_SUBC,CS20230722_CLAS_20,CCN20230722_CLAS,2,208,subclass,#CC1F66,14,3321
CS20230722_SUBC_210,210 PRT Mecom Gaba,CCN20230722_SUBC,CS20230722_CLAS_20,CCN20230722_CLAS,2,209,subclass,#CC6B3D,21,2495
CS20230722_SUBC_211,211 SC Tnnt1 Gli3 Gaba,CCN20230722_SUBC,CS20230722_CLAS_20,CCN20230722_CLAS,2,210,subclass,#76CC5C,8,1639
CS20230722_SUBC_212,212 SCs Lef1 Gli3 Gaba,CCN20230722_SUBC,CS20230722_CLAS_20,CCN20230722_CLAS,2,211,subclass,#FFA300,8,2140
CS20230722_SUBC_213,213 SCsg Gabrr2 Gaba,CCN20230722_SUBC,CS20230722_CLAS_20,CCN20230722_CLAS,2,212,subclass,#0e0163,31,15799
CS20230722_SUBC_214,214 IPN Otp Crisp1 Gaba,CCN20230722_SUBC,CS20230722_CLAS_20,CCN20230722_CLAS,2,213,subclass,#BCCC3D,9,3087
CS20230722_SUBC_215,215 SNc-VTA-RAmb Foxa1 Dopa,CCN20230722_SUBC,CS20230722_CLAS_21,CCN20230722_CLAS,2,214,subclass,#992E62,43,4301
CS20230722_SUBC_216,216 MB-MY Tph2 Glut-Sero,CCN20230722_SUBC,CS20230722_CLAS_22,CCN20230722_CLAS,2,215,subclass,#99FFE4,32,2466
CS20230722_SUBC_217,217 PB Lmx1a Glut,CCN20230722_SUBC,CS20230722_CLAS_23,CCN20230722_CLAS,2,216,subclass,#0F5666,47,2427
CS20230722_SUBC_218,218 PSV Lmx1a Trpv6 Glut,CCN20230722_SUBC,CS20230722_CLAS_23,CCN20230722_CLAS,2,217,subclass,#fc003f,4,200
CS20230722_SUBC_219,219 PB-SUT Tlx3 Lhx2 Glut,CCN20230722_SUBC,CS20230722_CLAS_23,CCN20230722_CLAS,2,218,subclass,#4B2E66,2,116
CS20230722_SUBC_220,220 PB Pax5 Glut,CCN20230722_SUBC,CS20230722_CLAS_23,CCN20230722_CLAS,2,219,subclass,#84FF73,9,614
CS20230722_SUBC_221,221 LDT-PCG Vsx2 Lhx4 Glut,CCN20230722_SUBC,CS20230722_CLAS_23,CCN20230722_CLAS,2,220,subclass,#FF4DC7,44,5223
CS20230722_SUBC_222,222 PB Evx2 Glut,CCN20230722_SUBC,CS20230722_CLAS_23,CCN20230722_CLAS,2,221,subclass,#1F8ACC,74,4194
CS20230722_SUBC_223,223 B-PB Nr4a2 Glut,CCN20230722_SUBC,CS20230722_CLAS_23,CCN20230722_CLAS,2,222,subclass,#4ff7de,8,353
CS20230722_SUBC_224,224 PCG-PRNr Vsx2 Nkx6-1 Glut,CCN20230722_SUBC,CS20230722_CLAS_23,CCN20230722_CLAS,2,223,subclass,#175B99,23,1913
CS20230722_SUBC_225,225 PRNc-NI-SG-RPO Vsx2 Nr4a2 Glut,CCN20230722_SUBC,CS20230722_CLAS_23,CCN20230722_CLAS,2,224,subclass,#559917,13,1178
CS20230722_SUBC_226,226 PRNc-PARN Tlx1 Glut,CCN20230722_SUBC,CS20230722_CLAS_23,CCN20230722_CLAS,2,225,subclass,#8C5CCC,8,367
CS20230722_SUBC_227,227 PB-PSV Phox2b Glut,CCN20230722_SUBC,CS20230722_CLAS_23,CCN20230722_CLAS,2,226,subclass,#44FF26,3,118
CS20230722_SUBC_228,228 PSV Pvalb Lhx2 Glut,CCN20230722_SUBC,CS20230722_CLAS_23,CCN20230722_CLAS,2,227,subclass,#3A662E,7,1054
CS20230722_SUBC_229,229 PB-NTS Phox2b Ebf3 Lmx1b Glut,CCN20230722_SUBC,CS20230722_CLAS_23,CCN20230722_CLAS,2,228,subclass,#AB5CCC,17,884
CS20230722_SUBC_230,230 PRNr Otp Nfib Glut,CCN20230722_SUBC,CS20230722_CLAS_23,CCN20230722_CLAS,2,229,subclass,#3ECC1F,3,247
CS20230722_SUBC_231,231 IPN-LDT Vsx2 Nkx6-1 Glut,CCN20230722_SUBC,CS20230722_CLAS_23,CCN20230722_CLAS,2,230,subclass,#994546,12,1009
CS20230722_SUBC_232,232 LDT Vsx2 Nkx6-1 Nfib Glut,CCN20230722_SUBC,CS20230722_CLAS_23,CCN20230722_CLAS,2,231,subclass,#45994B,9,1380
CS20230722_SUBC_233,233 NLL-SOC Spp1 Glut,CCN20230722_SUBC,CS20230722_CLAS_23,CCN20230722_CLAS,2,232,subclass,#CCFF4D,2,132
CS20230722_SUBC_234,234 MEV Ppp1r1c Glut,CCN20230722_SUBC,CS20230722_CLAS_19,CCN20230722_CLAS,2,233,subclass,#0F6610,1,22
CS20230722_SUBC_235,235 PG-TRN-LRN Fat2 Glut,CCN20230722_SUBC,CS20230722_CLAS_23,CCN20230722_CLAS,2,234,subclass,#9B7ACC,3,3894
CS20230722_SUBC_236,236 IRN Vip Glut,CCN20230722_SUBC,CS20230722_CLAS_24,CCN20230722_CLAS,2,235,subclass,#66593D,4,149
CS20230722_SUBC_237,237 PRP-NI-PRNc-GRN Otp Glut,CCN20230722_SUBC,CS20230722_CLAS_24,CCN20230722_CLAS,2,236,subclass,#FF6426,20,1279
CS20230722_SUBC_238,238 NTS Phox2b Glut,CCN20230722_SUBC,CS20230722_CLAS_24,CCN20230722_CLAS,2,237,subclass,#7ACC9F,83,5240
CS20230722_SUBC_239,239 MARN-GRN Pyy Glut,CCN20230722_SUBC,CS20230722_CLAS_24,CCN20230722_CLAS,2,238,subclass,#458499,1,56
CS20230722_SUBC_240,240 MDRNv Lhx4 Qrfprl Glut,CCN20230722_SUBC,CS20230722_CLAS_24,CCN20230722_CLAS,2,239,subclass,#c10717,1,74
CS20230722_SUBC_241,241 NTS Mbnl3 Glut,CCN20230722_SUBC,CS20230722_CLAS_24,CCN20230722_CLAS,2,240,subclass,#e925ed,1,162
CS20230722_SUBC_242,242 PGRNd Dmbx1 Glut,CCN20230722_SUBC,CS20230722_CLAS_24,CCN20230722_CLAS,2,241,subclass,#996E45,3,92
CS20230722_SUBC_243,243 PGRN-PARN-MDRN Hoxb5 Glut,CCN20230722_SUBC,CS20230722_CLAS_24,CCN20230722_CLAS,2,242,subclass,#C6FF99,93,3582
CS20230722_SUBC_244,244 MV-SPIV Slc6a2 Glut,CCN20230722_SUBC,CS20230722_CLAS_24,CCN20230722_CLAS,2,243,subclass,#99985C,6,467
CS20230722_SUBC_245,245 SPVI-SPVC Tlx3 Ebf3 Glut,CCN20230722_SUBC,CS20230722_CLAS_24,CCN20230722_CLAS,2,244,subclass,#84CC3D,36,2969
CS20230722_SUBC_246,246 CU-ECU-SPVI Foxb1 Glut,CCN20230722_SUBC,CS20230722_CLAS_24,CCN20230722_CLAS,2,245,subclass,#5A1F66,27,1677
CS20230722_SUBC_247,247 MV-SPIV Phox2b Ebf3 Lbx1 Glut,CCN20230722_SUBC,CS20230722_CLAS_24,CCN20230722_CLAS,2,246,subclass,#3DC2CC,15,780
CS20230722_SUBC_248,248 MV-SPIV Zic4 Neurod2 Glut,CCN20230722_SUBC,CS20230722_CLAS_24,CCN20230722_CLAS,2,247,subclass,#85CC00,27,1988
CS20230722_SUBC_249,249 NTS Aldh1a2 Glut,CCN20230722_SUBC,CS20230722_CLAS_24,CCN20230722_CLAS,2,248,subclass,#f22693,4,205
CS20230722_SUBC_250,250 CBN Neurod2 Pvalb Glut,CCN20230722_SUBC,CS20230722_CLAS_24,CCN20230722_CLAS,2,249,subclass,#26FF93,4,364
CS20230722_SUBC_251,251 NTS Dbh Glut,CCN20230722_SUBC,CS20230722_CLAS_24,CCN20230722_CLAS,2,250,subclass,#221F66,26,1726
CS20230722_SUBC_252,252 DMX VII Tbx20 Chol,CCN20230722_SUBC,CS20230722_CLAS_24,CCN20230722_CLAS,2,251,subclass,#566600,6,339
CS20230722_SUBC_253,253 IO Fgl2 Glut,CCN20230722_SUBC,CS20230722_CLAS_24,CCN20230722_CLAS,2,252,subclass,#99322E,1,142
CS20230722_SUBC_254,254 VCO Mafa Meis2 Glut,CCN20230722_SUBC,CS20230722_CLAS_24,CCN20230722_CLAS,2,253,subclass,#00CC7C,9,619
CS20230722_SUBC_255,255 SPVO Mafa Meis2 Glut,CCN20230722_SUBC,CS20230722_CLAS_24,CCN20230722_CLAS,2,254,subclass,#CC8E1F,2,137
CS20230722_SUBC_256,256 SPVC Mafa Glut,CCN20230722_SUBC,CS20230722_CLAS_24,CCN20230722_CLAS,2,255,subclass,#805CCC,9,3388
CS20230722_SUBC_257,257 SPVC Ccdc172 Glut,CCN20230722_SUBC,CS20230722_CLAS_24,CCN20230722_CLAS,2,256,subclass,#580099,9,593
CS20230722_SUBC_258,258 SPVC Nmu Glut,CCN20230722_SUBC,CS20230722_CLAS_24,CCN20230722_CLAS,2,257,subclass,#99805C,7,960
CS20230722_SUBC_259,259 MDRNd Bves Glut,CCN20230722_SUBC,CS20230722_CLAS_24,CCN20230722_CLAS,2,258,subclass,#fc235d,3,143
CS20230722_SUBC_260,260 MDRNv Crp Glut,CCN20230722_SUBC,CS20230722_CLAS_24,CCN20230722_CLAS,2,259,subclass,#1FCC43,4,119
CS20230722_SUBC_261,261 HB Calcb Chol,CCN20230722_SUBC,CS20230722_CLAS_24,CCN20230722_CLAS,2,260,subclass,#EAFF4D,5,293
CS20230722_SUBC_262,262 Pineal Crx Glut,CCN20230722_SUBC,CS20230722_CLAS_25,CCN20230722_CLAS,2,261,subclass,#0F6654,1,504
CS20230722_SUBC_263,263 CS-RPO Meis2 Gaba,CCN20230722_SUBC,CS20230722_CLAS_26,CCN20230722_CLAS,2,262,subclass,#B6CC5C,26,1527
CS20230722_SUBC_264,264 PRNc Otp Gly-Gaba,CCN20230722_SUBC,CS20230722_CLAS_26,CCN20230722_CLAS,2,263,subclass,#4DFFCD,31,1947
CS20230722_SUBC_265,265 PB Sst Gly-Gaba,CCN20230722_SUBC,CS20230722_CLAS_26,CCN20230722_CLAS,2,264,subclass,#F44D00,5,228
CS20230722_SUBC_266,266 PRNc Prox1 Brs3 Gly-Gaba,CCN20230722_SUBC,CS20230722_CLAS_26,CCN20230722_CLAS,2,265,subclass,#58992E,1,274
CS20230722_SUBC_267,267 CS-PRNr-PCG Tmem163 Otp Gaba,CCN20230722_SUBC,CS20230722_CLAS_26,CCN20230722_CLAS,2,266,subclass,#3D6647,17,1195
CS20230722_SUBC_268,268 CS-PRNr-DR En1 Sox2 Gaba,CCN20230722_SUBC,CS20230722_CLAS_26,CCN20230722_CLAS,2,267,subclass,#1F5366,18,1237
CS20230722_SUBC_269,269 LDT Fgf7 Gaba,CCN20230722_SUBC,CS20230722_CLAS_26,CCN20230722_CLAS,2,268,subclass,#00CCBA,3,522
CS20230722_SUBC_270,270 LDT-DTN Gata3 Nfix Gaba,CCN20230722_SUBC,CS20230722_CLAS_26,CCN20230722_CLAS,2,269,subclass,#aae6ed,9,803
CS20230722_SUBC_271,271 NI-RPO Gata3 Nr4a2 Gaba,CCN20230722_SUBC,CS20230722_CLAS_26,CCN20230722_CLAS,2,270,subclass,#00CC4A,17,955
CS20230722_SUBC_272,272 LDT-PCG-CS Gata3 Lhx1 Gaba,CCN20230722_SUBC,CS20230722_CLAS_26,CCN20230722_CLAS,2,271,subclass,#630099,15,1112
CS20230722_SUBC_273,273 PDTg-PCG Pax6 Gaba,CCN20230722_SUBC,CS20230722_CLAS_26,CCN20230722_CLAS,2,272,subclass,#991761,9,3092
CS20230722_SUBC_274,274 PDTg Otp Shroom3 Gaba,CCN20230722_SUBC,CS20230722_CLAS_26,CCN20230722_CLAS,2,273,subclass,#5BFF00,2,349
CS20230722_SUBC_275,275 PDTg Otp Olig3 Gaba,CCN20230722_SUBC,CS20230722_CLAS_26,CCN20230722_CLAS,2,274,subclass,#0F1266,3,1105
CS20230722_SUBC_276,276 LDT-PCG St18 Gaba,CCN20230722_SUBC,CS20230722_CLAS_26,CCN20230722_CLAS,2,275,subclass,#456499,12,1094
CS20230722_SUBC_277,277 DTN-LDT-IPN Otp Pax3 Gaba,CCN20230722_SUBC,CS20230722_CLAS_26,CCN20230722_CLAS,2,276,subclass,#1F3766,25,4057
CS20230722_SUBC_278,278 NLL Gata3 Gly-Gaba,CCN20230722_SUBC,CS20230722_CLAS_26,CCN20230722_CLAS,2,277,subclass,#E57300,8,548
CS20230722_SUBC_279,279 PSV Pax2 Gly-Gaba,CCN20230722_SUBC,CS20230722_CLAS_26,CCN20230722_CLAS,2,278,subclass,#d2b8f2,2,43
CS20230722_SUBC_280,280 NLL-po Pax7 Gaba,CCN20230722_SUBC,CS20230722_CLAS_26,CCN20230722_CLAS,2,279,subclass,#000999,1,17
CS20230722_SUBC_281,281 POR Gata3 Gly-Gaba,CCN20230722_SUBC,CS20230722_CLAS_26,CCN20230722_CLAS,2,280,subclass,#00CC1B,1,79
CS20230722_SUBC_282,282 POR Spp1 Gly-Gaba,CCN20230722_SUBC,CS20230722_CLAS_26,CCN20230722_CLAS,2,281,subclass,#35CC00,1,22
CS20230722_SUBC_283,283 PRP Otp Gly-Gaba,CCN20230722_SUBC,CS20230722_CLAS_27,CCN20230722_CLAS,2,282,subclass,#995C2E,31,2319
CS20230722_SUBC_284,284 GRN-IRN-MDRNd Ikzf1 Gly-Gaba,CCN20230722_SUBC,CS20230722_CLAS_27,CCN20230722_CLAS,2,283,subclass,#659900,3,164
CS20230722_SUBC_285,285 MY Lhx1 Gly-Gaba,CCN20230722_SUBC,CS20230722_CLAS_27,CCN20230722_CLAS,2,284,subclass,#f20985,84,2458
CS20230722_SUBC_286,286 PPY-PGRNl Vip Glyc-Gaba,CCN20230722_SUBC,CS20230722_CLAS_27,CCN20230722_CLAS,2,285,subclass,#CC5C81,3,136
CS20230722_SUBC_287,287 MV-SPIV-PRP Dmbx1 Gly-Gaba,CCN20230722_SUBC,CS20230722_CLAS_27,CCN20230722_CLAS,2,286,subclass,#4DBEFF,15,879
CS20230722_SUBC_288,288 MDRN Hoxb5 Ebf2 Gly-Gaba,CCN20230722_SUBC,CS20230722_CLAS_27,CCN20230722_CLAS,2,287,subclass,#660038,6,350
CS20230722_SUBC_289,289 MDRNd Prox1 Pax6 Gly-Gaba,CCN20230722_SUBC,CS20230722_CLAS_27,CCN20230722_CLAS,2,288,subclass,#4e5b48,3,210
CS20230722_SUBC_290,290 MY Prox1 Lmo7 Gly-Gaba,CCN20230722_SUBC,CS20230722_CLAS_27,CCN20230722_CLAS,2,289,subclass,#6ff754,6,400
CS20230722_SUBC_291,291 NTS-MDRNd Prox1 Zic1 Gly-Gaba,CCN20230722_SUBC,CS20230722_CLAS_27,CCN20230722_CLAS,2,290,subclass,#990004,6,607
CS20230722_SUBC_292,292 MV Nkx6-1 Gly-Gaba,CCN20230722_SUBC,CS20230722_CLAS_27,CCN20230722_CLAS,2,291,subclass,#CC3D91,8,1272
CS20230722_SUBC_293,293 PAS-MV Ebf2 Gly-Gaba,CCN20230722_SUBC,CS20230722_CLAS_27,CCN20230722_CLAS,2,292,subclass,#2E3399,15,4520
CS20230722_SUBC_294,294 MV Pax6 Gly-Gaba,CCN20230722_SUBC,CS20230722_CLAS_27,CCN20230722_CLAS,2,293,subclass,#66502E,6,626
CS20230722_SUBC_295,295 CBN Dmbx1 Gaba,CCN20230722_SUBC,CS20230722_CLAS_27,CCN20230722_CLAS,2,294,subclass,#00FF6C,2,3641
CS20230722_SUBC_296,296 RPA Pax6 Hoxb5 Gly-Gaba,CCN20230722_SUBC,CS20230722_CLAS_27,CCN20230722_CLAS,2,295,subclass,#3426FF,7,336
CS20230722_SUBC_297,297 CU-ECU Pax2 Gly-Gaba,CCN20230722_SUBC,CS20230722_CLAS_27,CCN20230722_CLAS,2,296,subclass,#2E6799,1,15
CS20230722_SUBC_298,298 PRP Gata3 Slc6a5 Gly-Gaba,CCN20230722_SUBC,CS20230722_CLAS_27,CCN20230722_CLAS,2,297,subclass,#00FF08,6,716
CS20230722_SUBC_299,299 MARN-PPY Ngfr Gly-Gaba,CCN20230722_SUBC,CS20230722_CLAS_27,CCN20230722_CLAS,2,298,subclass,#CC8A5C,2,28
CS20230722_SUBC_300,300 PARN-MDRNd-NTS Gbx2 Gly-Gaba,CCN20230722_SUBC,CS20230722_CLAS_27,CCN20230722_CLAS,2,299,subclass,#CC3D70,48,3958
CS20230722_SUBC_301,301 MV Nr4a2 Gly-Gaba,CCN20230722_SUBC,CS20230722_CLAS_27,CCN20230722_CLAS,2,300,subclass,#efda4f,1,35
CS20230722_SUBC_302,302 MV Xdh Gly-Gaba,CCN20230722_SUBC,CS20230722_CLAS_27,CCN20230722_CLAS,2,301,subclass,#72FF00,1,48
CS20230722_SUBC_303,303 IRN Dmbx1 Pax2 Gly-Gaba,CCN20230722_SUBC,CS20230722_CLAS_27,CCN20230722_CLAS,2,302,subclass,#5C997D,4,318
CS20230722_SUBC_304,304 NTS-PARN Neurod2 Gly-Gaba,CCN20230722_SUBC,CS20230722_CLAS_27,CCN20230722_CLAS,2,303,subclass,#FF1400,48,6237
CS20230722_SUBC_305,305 SPVI-SPVC Sall3 Nfib Gly-Gaba,CCN20230722_SUBC,CS20230722_CLAS_27,CCN20230722_CLAS,2,304,subclass,#66140F,24,1586
CS20230722_SUBC_306,306 SPVI-SPVC Sall3 Lhx1 Gly-Gaba,CCN20230722_SUBC,CS20230722_CLAS_27,CCN20230722_CLAS,2,305,subclass,#FF73EA,20,2004
CS20230722_SUBC_307,307 RO-RPA Pkd2l1 Gaba,CCN20230722_SUBC,CS20230722_CLAS_27,CCN20230722_CLAS,2,306,subclass,#26FFE8,3,448
CS20230722_SUBC_308,308 DCO Il22 Gly-Gaba,CCN20230722_SUBC,CS20230722_CLAS_28,CCN20230722_CLAS,2,307,subclass,#994517,10,1367
CS20230722_SUBC_309,309 CB PLI Gly-Gaba,CCN20230722_SUBC,CS20230722_CLAS_28,CCN20230722_CLAS,2,308,subclass,#009899,9,4471
CS20230722_SUBC_310,310 CBX Golgi Gly-Gaba,CCN20230722_SUBC,CS20230722_CLAS_28,CCN20230722_CLAS,2,309,subclass,#003366,2,291
CS20230722_SUBC_311,311 CBX MLI Megf11 Gaba,CCN20230722_SUBC,CS20230722_CLAS_28,CCN20230722_CLAS,2,310,subclass,#8BCC5C,4,31619
CS20230722_SUBC_312,312 CBX MLI Cdh22 Gaba,CCN20230722_SUBC,CS20230722_CLAS_28,CCN20230722_CLAS,2,311,subclass,#45996C,1,13098
CS20230722_SUBC_313,313 CBX Purkinje Gaba,CCN20230722_SUBC,CS20230722_CLAS_28,CCN20230722_CLAS,2,312,subclass,#511799,4,380
CS20230722_SUBC_314,314 CB Granule Glut,CCN20230722_SUBC,CS20230722_CLAS_29,CCN20230722_CLAS,2,313,subclass,#FF4826,5,133778
CS20230722_SUBC_315,315 DCO UBC Glut,CCN20230722_SUBC,CS20230722_CLAS_29,CCN20230722_CLAS,2,314,subclass,#1FCC87,4,7328
CS20230722_SUBC_316,316 Bergmann NN,CCN20230722_SUBC,CS20230722_CLAS_30,CCN20230722_CLAS,2,315,subclass,#8E2600,1,3321
CS20230722_SUBC_317,317 Astro-CB NN,CCN20230722_SUBC,CS20230722_CLAS_30,CCN20230722_CLAS,2,316,subclass,#CC4E00,1,1716
CS20230722_SUBC_318,318 Astro-NT NN,CCN20230722_SUBC,CS20230722_CLAS_30,CCN20230722_CLAS,2,317,subclass,#AD5CCC,10,140669
CS20230722_SUBC_319,319 Astro-TE NN,CCN20230722_SUBC,CS20230722_CLAS_30,CCN20230722_CLAS,2,318,subclass,#3DCCB1,13,154311
CS20230722_SUBC_320,320 Astro-OLF NN,CCN20230722_SUBC,CS20230722_CLAS_30,CCN20230722_CLAS,2,319,subclass,#FF73CF,6,2486
CS20230722_SUBC_321,321 Astroependymal NN,CCN20230722_SUBC,CS20230722_CLAS_30,CCN20230722_CLAS,2,320,subclass,#0833ce,6,1232
CS20230722_SUBC_322,322 Tanycyte NN,CCN20230722_SUBC,CS20230722_CLAS_30,CCN20230722_CLAS,2,321,subclass,#FF26A1,8,1072
CS20230722_SUBC_323,323 Ependymal NN,CCN20230722_SUBC,CS20230722_CLAS_30,CCN20230722_CLAS,2,322,subclass,#D8FF00,12,3259
CS20230722_SUBC_324,324 Hypendymal NN,CCN20230722_SUBC,CS20230722_CLAS_30,CCN20230722_CLAS,2,323,subclass,#3F2E99,1,139
CS20230722_SUBC_325,325 CHOR NN,CCN20230722_SUBC,CS20230722_CLAS_30,CCN20230722_CLAS,2,324,subclass,#2D9917,2,476
CS20230722_SUBC_326,326 OPC NN,CCN20230722_SUBC,CS20230722_CLAS_31,CCN20230722_CLAS,2,325,subclass,#FF26CB,6,122605
CS20230722_SUBC_327,327 Oligo NN,CCN20230722_SUBC,CS20230722_CLAS_31,CCN20230722_CLAS,2,326,subclass,#99FFBC,17,422574
CS20230722_SUBC_328,328 OEC NN,CCN20230722_SUBC,CS20230722_CLAS_32,CCN20230722_CLAS,2,327,subclass,#FF99CF,4,1132
CS20230722_SUBC_329,329 ABC NN,CCN20230722_SUBC,CS20230722_CLAS_33,CCN20230722_CLAS,2,328,subclass,#CC5CC1,3,857
CS20230722_SUBC_330,330 VLMC NN,CCN20230722_SUBC,CS20230722_CLAS_33,CCN20230722_CLAS,2,329,subclass,#653D66,8,9104
CS20230722_SUBC_331,331 Peri NN,CCN20230722_SUBC,CS20230722_CLAS_33,CCN20230722_CLAS,2,330,subclass,#82992E,2,24907
CS20230722_SUBC_332,332 SMC NN,CCN20230722_SUBC,CS20230722_CLAS_33,CCN20230722_CLAS,2,331,subclass,#FF9F73,3,14614
CS20230722_SUBC_333,333 Endo NN,CCN20230722_SUBC,CS20230722_CLAS_33,CCN20230722_CLAS,2,332,subclass,#994567,3,88011
CS20230722_SUBC_334,334 Microglia NN,CCN20230722_SUBC,CS20230722_CLAS_34,CCN20230722_CLAS,2,333,subclass,#CC1F4E,1,86232
CS20230722_SUBC_335,335 BAM NN,CCN20230722_SUBC,CS20230722_CLAS_34,CCN20230722_CLAS,2,334,subclass,#66493D,2,5626
CS20230722_SUBC_336,336 Monocytes NN,CCN20230722_SUBC,CS20230722_CLAS_34,CCN20230722_CLAS,2,335,subclass,#A673FF,1,33
CS20230722_SUBC_337,337 DC NN,CCN20230722_SUBC,CS20230722_CLAS_34,CCN20230722_CLAS,2,336,subclass,#CCA27A,3,285
CS20230722_SUBC_338,338 Lymphoid NN,CCN20230722_SUBC,CS20230722_CLAS_34,CCN20230722_CLAS,2,337,subclass,#3D5766,4,404
CS20230722_SUPT_0001,0001 CLA-EPd-CTX Car3 Glut_1,CCN20230722_SUPT,CS20230722_SUBC_001,CCN20230722_SUBC,3,0,supertype,#99822E,4,29034
CS20230722_SUPT_0002,0002 CLA-EPd-CTX Car3 Glut_2,CCN20230722_SUPT,CS20230722_SUBC_001,CCN20230722_SUBC,3,1,supertype,#170F66,1,1056
CS20230722_SUPT_0003,0003 IT EP-CLA Glut_1,CCN20230722_SUPT,CS20230722_SUBC_002,CCN20230722_SUBC,3,2,supertype,#994563,7,19918
CS20230722_SUPT_0004,0004 IT EP-CLA Glut_2,CCN20230722_SUPT,CS20230722_SUBC_002,CCN20230722_SUBC,3,3,supertype,#1F4666,5,3433
CS20230722_SUPT_0005,0005 IT EP-CLA Glut_3,CCN20230722_SUPT,CS20230722_SUBC_002,CCN20230722_SUBC,3,4,supertype,#694599,3,798
CS20230722_SUPT_0006,0006 IT EP-CLA Glut_4,CCN20230722_SUPT,CS20230722_SUBC_002,CCN20230722_SUBC,3,5,supertype,#5CAACC,2,664
CS20230722_SUPT_0007,0007 L5/6 IT TPE-ENT Glut_1,CCN20230722_SUPT,CS20230722_SUBC_003,CCN20230722_SUBC,3,6,supertype,#2E3966,3,2080
CS20230722_SUPT_0008,0008 L5/6 IT TPE-ENT Glut_2,CCN20230722_SUPT,CS20230722_SUBC_003,CCN20230722_SUBC,3,7,supertype,#00B2CC,3,4663
CS20230722_SUPT_0009,0009 L5/6 IT TPE-ENT Glut_3,CCN20230722_SUPT,CS20230722_SUBC_003,CCN20230722_SUBC,3,8,supertype,#172C99,1,2902
CS20230722_SUPT_0010,0010 L5/6 IT TPE-ENT Glut_4,CCN20230722_SUPT,CS20230722_SUBC_003,CCN20230722_SUBC,3,9,supertype,#990073,1,1791
CS20230722_SUPT_0011,0011 L5/6 IT TPE-ENT Glut_5,CCN20230722_SUPT,CS20230722_SUBC_003,CCN20230722_SUBC,3,10,supertype,#99172F,1,225
CS20230722_SUPT_0012,0012 L5/6 IT TPE-ENT Glut_6,CCN20230722_SUPT,CS20230722_SUBC_003,CCN20230722_SUBC,3,11,supertype,#3B2E66,1,193
CS20230722_SUPT_0013,0013 L6 IT CTX Glut_1,CCN20230722_SUPT,CS20230722_SUBC_004,CCN20230722_SUBC,3,12,supertype,#952E99,5,18901
CS20230722_SUPT_0014,0014 L6 IT CTX Glut_2,CCN20230722_SUPT,CS20230722_SUBC_004,CCN20230722_SUBC,3,13,supertype,#2E5266,6,48729
CS20230722_SUPT_0015,0015 L6 IT CTX Glut_3,CCN20230722_SUPT,CS20230722_SUBC_004,CCN20230722_SUBC,3,14,supertype,#661799,5,14953
CS20230722_SUPT_0016,0016 L6 IT CTX Glut_4,CCN20230722_SUPT,CS20230722_SUBC_004,CCN20230722_SUBC,3,15,supertype,#991759,4,18607
CS20230722_SUPT_0017,0017 L6 IT CTX Glut_5,CCN20230722_SUPT,CS20230722_SUBC_004,CCN20230722_SUBC,3,16,supertype,#6A992E,2,7723
CS20230722_SUPT_0018,0018 L5 IT CTX Glut_1,CCN20230722_SUPT,CS20230722_SUBC_005,CCN20230722_SUBC,3,17,supertype,#8D9917,3,14583
CS20230722_SUPT_0019,0019 L5 IT CTX Glut_2,CCN20230722_SUPT,CS20230722_SUBC_005,CCN20230722_SUBC,3,18,supertype,#456199,3,20805
CS20230722_SUPT_0020,0020 L5 IT CTX Glut_3,CCN20230722_SUPT,CS20230722_SUBC_005,CCN20230722_SUBC,3,19,supertype,#66530F,2,21099
CS20230722_SUPT_0021,0021 L5 IT CTX Glut_4,CCN20230722_SUPT,CS20230722_SUBC_005,CCN20230722_SUBC,3,20,supertype,#FFFE99,2,7677
CS20230722_SUPT_0022,0022 L5 IT CTX Glut_5,CCN20230722_SUPT,CS20230722_SUBC_005,CCN20230722_SUBC,3,21,supertype,#651F66,1,2460
CS20230722_SUPT_0023,0023 L4/5 IT CTX Glut_1,CCN20230722_SUPT,CS20230722_SUBC_006,CCN20230722_SUBC,3,22,supertype,#3B9900,9,85830
CS20230722_SUPT_0024,0024 L4/5 IT CTX Glut_2,CCN20230722_SUPT,CS20230722_SUBC_006,CCN20230722_SUBC,3,23,supertype,#4DFFA3,8,80792
CS20230722_SUPT_0025,0025 L4/5 IT CTX Glut_3,CCN20230722_SUPT,CS20230722_SUBC_006,CCN20230722_SUBC,3,24,supertype,#991768,6,11736
CS20230722_SUPT_0026,0026 L4/5 IT CTX Glut_4,CCN20230722_SUPT,CS20230722_SUBC_006,CCN20230722_SUBC,3,25,supertype,#0F6619,6,23147
CS20230722_SUPT_0027,0027 L4/5 IT CTX Glut_5,CCN20230722_SUPT,CS20230722_SUBC_006,CCN20230722_SUBC,3,26,supertype,#639917,4,76805
CS20230722_SUPT_0028,0028 L4/5 IT CTX Glut_6,CCN20230722_SUPT,CS20230722_SUBC_006,CCN20230722_SUBC,3,27,supertype,#009909,4,90911
CS20230722_SUPT_0029,0029 L2/3 IT CTX Glut_1,CCN20230722_SUPT,CS20230722_SUBC_007,CCN20230722_SUBC,3,28,supertype,#998817,5,11019
CS20230722_SUPT_0030,0030 L2/3 IT CTX Glut_2,CCN20230722_SUPT,CS20230722_SUBC_007,CCN20230722_SUBC,3,29,supertype,#CC7A8F,5,128897
CS20230722_SUPT_0031,0031 L2/3 IT CTX Glut_3,CCN20230722_SUPT,CS20230722_SUBC_007,CCN20230722_SUBC,3,30,supertype,#5C6899,4,14297
CS20230722_SUPT_0032,0032 L2/3 IT CTX Glut_4,CCN20230722_SUPT,CS20230722_SUBC_007,CCN20230722_SUBC,3,31,supertype,#5C9972,4,18000
CS20230722_SUPT_0033,0033 L2/3 IT ENT Glut_1,CCN20230722_SUPT,CS20230722_SUBC_008,CCN20230722_SUBC,3,32,supertype,#990030,3,1299
CS20230722_SUPT_0034,0034 L2/3 IT ENT Glut_2,CCN20230722_SUPT,CS20230722_SUBC_008,CCN20230722_SUBC,3,33,supertype,#5C998D,3,866
CS20230722_SUPT_0035,0035 L2/3 IT ENT Glut_3,CCN20230722_SUPT,CS20230722_SUBC_008,CCN20230722_SUBC,3,34,supertype,#73F7FF,3,2527
CS20230722_SUPT_0036,0036 L2/3 IT ENT Glut_4,CCN20230722_SUPT,CS20230722_SUBC_008,CCN20230722_SUBC,3,35,supertype,#FF4DAE,3,11921
CS20230722_SUPT_0037,0037 L2/3 IT ENT Glut_5,CCN20230722_SUPT,CS20230722_SUBC_008,CCN20230722_SUBC,3,36,supertype,#FF99F9,3,3557
CS20230722_SUPT_0038,0038 L2/3 IT ENT Glut_6,CCN20230722_SUPT,CS20230722_SUBC_008,CCN20230722_SUBC,3,37,supertype,#179921,2,941
CS20230722_SUPT_0039,0039 L2/3 IT PIR-ENTl Glut_1,CCN20230722_SUPT,CS20230722_SUBC_009,CCN20230722_SUBC,3,38,supertype,#00FF39,6,12443
CS20230722_SUPT_0040,0040 L2/3 IT PIR-ENTl Glut_2,CCN20230722_SUPT,CS20230722_SUBC_009,CCN20230722_SUBC,3,39,supertype,#995C77,5,19494
CS20230722_SUPT_0041,0041 L2/3 IT PIR-ENTl Glut_3,CCN20230722_SUPT,CS20230722_SUBC_009,CCN20230722_SUBC,3,40,supertype,#66001D,6,7304
CS20230722_SUPT_0042,0042 L2/3 IT PIR-ENTl Glut_4,CCN20230722_SUPT,CS20230722_SUBC_009,CCN20230722_SUBC,3,41,supertype,#280066,6,16330
CS20230722_SUPT_0043,0043 L2/3 IT PIR-ENTl Glut_5,CCN20230722_SUPT,CS20230722_SUBC_009,CCN20230722_SUBC,3,42,supertype,#1FCC9A,1,417
CS20230722_SUPT_0044,0044 L2/3 IT PIR-ENTl Glut_6,CCN20230722_SUPT,CS20230722_SUBC_009,CCN20230722_SUBC,3,43,supertype,#B87ACC,2,1133
CS20230722_SUPT_0045,0045 L2/3 IT PIR-ENTl Glut_7,CCN20230722_SUPT,CS20230722_SUBC_009,CCN20230722_SUBC,3,44,supertype,#5C8A99,2,3914
CS20230722_SUPT_0046,0046 IT AON-TT-DP Glut_1,CCN20230722_SUPT,CS20230722_SUBC_010,CCN20230722_SUBC,3,45,supertype,#8626FF,5,4528
CS20230722_SUPT_0047,0047 IT AON-TT-DP Glut_2,CCN20230722_SUPT,CS20230722_SUBC_010,CCN20230722_SUBC,3,46,supertype,#3D6652,4,6979
CS20230722_SUPT_0048,0048 IT AON-TT-DP Glut_3,CCN20230722_SUPT,CS20230722_SUBC_010,CCN20230722_SUBC,3,47,supertype,#C773FF,4,3190
CS20230722_SUPT_0049,0049 IT AON-TT-DP Glut_4,CCN20230722_SUPT,CS20230722_SUBC_010,CCN20230722_SUBC,3,48,supertype,#666400,3,1557
CS20230722_SUPT_0050,0050 IT AON-TT-DP Glut_5,CCN20230722_SUPT,CS20230722_SUBC_010,CCN20230722_SUBC,3,49,supertype,#1F3E66,4,16200
CS20230722_SUPT_0051,0051 L2 IT ENT-po Glut_1,CCN20230722_SUPT,CS20230722_SUBC_011,CCN20230722_SUBC,3,50,supertype,#5A2E99,2,350
CS20230722_SUPT_0052,0052 L2 IT ENT-po Glut_2,CCN20230722_SUPT,CS20230722_SUBC_011,CCN20230722_SUBC,3,51,supertype,#992E57,2,992
CS20230722_SUPT_0053,0053 L2 IT ENT-po Glut_3,CCN20230722_SUPT,CS20230722_SUBC_011,CCN20230722_SUBC,3,52,supertype,#5CCCBD,1,495
CS20230722_SUPT_0054,0054 L2 IT ENT-po Glut_4,CCN20230722_SUPT,CS20230722_SUBC_011,CCN20230722_SUBC,3,53,supertype,#CC5CA0,1,1867
CS20230722_SUPT_0055,0055 MEA Slc17a7 Glut_1,CCN20230722_SUPT,CS20230722_SUBC_012,CCN20230722_SUBC,3,54,supertype,#A099FF,9,2715
CS20230722_SUPT_0056,0056 MEA Slc17a7 Glut_2,CCN20230722_SUPT,CS20230722_SUBC_012,CCN20230722_SUBC,3,55,supertype,#5CCCC9,12,3657
CS20230722_SUPT_0057,0057 MEA Slc17a7 Glut_3,CCN20230722_SUPT,CS20230722_SUBC_012,CCN20230722_SUBC,3,56,supertype,#7E5C99,2,3748
CS20230722_SUPT_0058,0058 COAp Grxcr2 Glut_1,CCN20230722_SUPT,CS20230722_SUBC_013,CCN20230722_SUBC,3,57,supertype,#82995C,1,1147
CS20230722_SUPT_0059,0059 COAp Grxcr2 Glut_2,CCN20230722_SUPT,CS20230722_SUBC_013,CCN20230722_SUBC,3,58,supertype,#330F66,5,12334
CS20230722_SUPT_0060,0060 LA-BLA-BMA-PA Glut_1,CCN20230722_SUPT,CS20230722_SUBC_014,CCN20230722_SUBC,3,59,supertype,#99FFE5,9,3385
CS20230722_SUPT_0061,0061 LA-BLA-BMA-PA Glut_2,CCN20230722_SUPT,CS20230722_SUBC_014,CCN20230722_SUBC,3,60,supertype,#99174B,6,6385
CS20230722_SUPT_0062,0062 LA-BLA-BMA-PA Glut_3,CCN20230722_SUPT,CS20230722_SUBC_014,CCN20230722_SUBC,3,61,supertype,#992E6E,5,5187
CS20230722_SUPT_0063,0063 LA-BLA-BMA-PA Glut_4,CCN20230722_SUPT,CS20230722_SUBC_014,CCN20230722_SUBC,3,62,supertype,#633D66,4,2700
CS20230722_SUPT_0064,0064 LA-BLA-BMA-PA Glut_5,CCN20230722_SUPT,CS20230722_SUBC_014,CCN20230722_SUBC,3,63,supertype,#660F43,4,1803
CS20230722_SUPT_0065,0065 LA-BLA-BMA-PA Glut_6,CCN20230722_SUPT,CS20230722_SUBC_014,CCN20230722_SUBC,3,64,supertype,#CC867A,3,1025
CS20230722_SUPT_0066,0066 ENTmv-PA-COAp Glut_1,CCN20230722_SUPT,CS20230722_SUBC_015,CCN20230722_SUBC,3,65,supertype,#99735C,4,1528
CS20230722_SUPT_0067,0067 ENTmv-PA-COAp Glut_2,CCN20230722_SUPT,CS20230722_SUBC_015,CCN20230722_SUBC,3,66,supertype,#CC6A3D,3,943
CS20230722_SUPT_0068,0068 ENTmv-PA-COAp Glut_3,CCN20230722_SUPT,CS20230722_SUBC_015,CCN20230722_SUBC,3,67,supertype,#95CC7A,2,963
CS20230722_SUPT_0069,0069 CA1-ProS Glut_1,CCN20230722_SUPT,CS20230722_SUBC_016,CCN20230722_SUBC,3,68,supertype,#8800CC,10,19061
CS20230722_SUPT_0070,0070 CA1-ProS Glut_2,CCN20230722_SUPT,CS20230722_SUBC_016,CCN20230722_SUBC,3,69,supertype,#4D9945,7,4609
CS20230722_SUPT_0071,0071 CA1-ProS Glut_3,CCN20230722_SUPT,CS20230722_SUBC_016,CCN20230722_SUBC,3,70,supertype,#993E00,6,1492
CS20230722_SUPT_0072,0072 CA1-ProS Glut_4,CCN20230722_SUPT,CS20230722_SUBC_016,CCN20230722_SUBC,3,71,supertype,#2E4999,5,3493
CS20230722_SUPT_0073,0073 CA1-ProS Glut_5,CCN20230722_SUPT,CS20230722_SUBC_016,CCN20230722_SUBC,3,72,supertype,#FF00CE,4,898
CS20230722_SUPT_0074,0074 CA1-ProS Glut_6,CCN20230722_SUPT,CS20230722_SUBC_016,CCN20230722_SUBC,3,73,supertype,#2A0F66,3,1921
CS20230722_SUPT_0075,0075 CA3 Glut_1,CCN20230722_SUPT,CS20230722_SUBC_017,CCN20230722_SUBC,3,74,supertype,#997645,6,763
CS20230722_SUPT_0076,0076 CA3 Glut_2,CCN20230722_SUPT,CS20230722_SUBC_017,CCN20230722_SUBC,3,75,supertype,#00FFC5,5,962
CS20230722_SUPT_0077,0077 CA3 Glut_3,CCN20230722_SUPT,CS20230722_SUBC_017,CCN20230722_SUBC,3,76,supertype,#6ACC00,6,1039
CS20230722_SUPT_0078,0078 CA3 Glut_4,CCN20230722_SUPT,CS20230722_SUBC_017,CCN20230722_SUBC,3,77,supertype,#991776,3,2147
CS20230722_SUPT_0079,0079 CA3 Glut_5,CCN20230722_SUPT,CS20230722_SUBC_017,CCN20230722_SUBC,3,78,supertype,#712E99,2,318
CS20230722_SUPT_0080,0080 L2 IT PPP-APr Glut_1,CCN20230722_SUPT,CS20230722_SUBC_018,CCN20230722_SUBC,3,79,supertype,#433D66,4,784
CS20230722_SUPT_0081,0081 L2 IT PPP-APr Glut_2,CCN20230722_SUPT,CS20230722_SUBC_018,CCN20230722_SUBC,3,80,supertype,#002BCC,4,2426
CS20230722_SUPT_0082,0082 L2 IT PPP-APr Glut_3,CCN20230722_SUPT,CS20230722_SUBC_018,CCN20230722_SUBC,3,81,supertype,#266DFF,2,1226
CS20230722_SUPT_0083,0083 L2 IT PPP-APr Glut_4,CCN20230722_SUPT,CS20230722_SUBC_018,CCN20230722_SUBC,3,82,supertype,#3D65CC,1,740
CS20230722_SUPT_0084,0084 L2/3 IT PPP Glut_1,CCN20230722_SUPT,CS20230722_SUBC_019,CCN20230722_SUBC,3,83,supertype,#CC4D00,4,2345
CS20230722_SUPT_0085,0085 L2/3 IT PPP Glut_2,CCN20230722_SUPT,CS20230722_SUBC_019,CCN20230722_SUBC,3,84,supertype,#FF007A,4,20603
CS20230722_SUPT_0086,0086 L2/3 IT PPP Glut_3,CCN20230722_SUPT,CS20230722_SUBC_019,CCN20230722_SUBC,3,85,supertype,#635C99,5,5509
CS20230722_SUPT_0087,0087 L2/3 IT RSP Glut_1,CCN20230722_SUPT,CS20230722_SUBC_020,CCN20230722_SUBC,3,86,supertype,#2E7899,1,7924
CS20230722_SUPT_0088,0088 L2/3 IT RSP Glut_2,CCN20230722_SUPT,CS20230722_SUBC_020,CCN20230722_SUBC,3,87,supertype,#FFAE00,4,26016
CS20230722_SUPT_0089,0089 L4 RSP-ACA Glut_1,CCN20230722_SUPT,CS20230722_SUBC_021,CCN20230722_SUBC,3,88,supertype,#998D2E,2,6615
CS20230722_SUPT_0090,0090 L5 ET CTX Glut_1,CCN20230722_SUPT,CS20230722_SUBC_022,CCN20230722_SUBC,3,89,supertype,#5A0099,10,4582
CS20230722_SUPT_0091,0091 L5 ET CTX Glut_2,CCN20230722_SUPT,CS20230722_SUBC_022,CCN20230722_SUBC,3,90,supertype,#FF2200,6,5363
CS20230722_SUPT_0092,0092 L5 ET CTX Glut_3,CCN20230722_SUPT,CS20230722_SUBC_022,CCN20230722_SUBC,3,91,supertype,#5CCCB1,5,6268
CS20230722_SUPT_0093,0093 L5 ET CTX Glut_4,CCN20230722_SUPT,CS20230722_SUBC_022,CCN20230722_SUBC,3,92,supertype,#99522E,5,2426
CS20230722_SUPT_0094,0094 L5 ET CTX Glut_5,CCN20230722_SUPT,CS20230722_SUBC_022,CCN20230722_SUBC,3,93,supertype,#B34DFF,4,3895
CS20230722_SUPT_0095,0095 L5 ET CTX Glut_6,CCN20230722_SUPT,CS20230722_SUBC_022,CCN20230722_SUBC,3,94,supertype,#66400F,4,2187
CS20230722_SUPT_0096,0096 SUB-ProS Glut_1,CCN20230722_SUPT,CS20230722_SUBC_023,CCN20230722_SUBC,3,95,supertype,#602E66,5,3490
CS20230722_SUPT_0097,0097 SUB-ProS Glut_2,CCN20230722_SUPT,CS20230722_SUBC_023,CCN20230722_SUBC,3,96,supertype,#5C60CC,6,2251
CS20230722_SUPT_0098,0098 SUB-ProS Glut_3,CCN20230722_SUPT,CS20230722_SUBC_023,CCN20230722_SUBC,3,97,supertype,#2F2E66,4,1103
CS20230722_SUPT_0099,0099 L5 PPP Glut_1,CCN20230722_SUPT,CS20230722_SUBC_024,CCN20230722_SUBC,3,98,supertype,#CC1F30,1,1428
CS20230722_SUPT_0100,0100 CA2-FC-IG Glut_1,CCN20230722_SUPT,CS20230722_SUBC_025,CCN20230722_SUBC,3,99,supertype,#662E99,1,143
CS20230722_SUPT_0101,0101 CA2-FC-IG Glut_2,CCN20230722_SUPT,CS20230722_SUBC_025,CCN20230722_SUBC,3,100,supertype,#661F20,2,497
CS20230722_SUPT_0102,0102 NLOT Rho Glut_1,CCN20230722_SUPT,CS20230722_SUBC_026,CCN20230722_SUBC,3,101,supertype,#7D5CCC,1,1408
CS20230722_SUPT_0103,0103 L6b EPd Glut_1,CCN20230722_SUPT,CS20230722_SUBC_027,CCN20230722_SUBC,3,102,supertype,#82CC5C,2,429
CS20230722_SUPT_0104,0104 L6b EPd Glut_2,CCN20230722_SUPT,CS20230722_SUBC_027,CCN20230722_SUBC,3,103,supertype,#994547,2,1875
CS20230722_SUPT_0105,0105 L6b EPd Glut_3,CCN20230722_SUPT,CS20230722_SUBC_027,CCN20230722_SUBC,3,104,supertype,#81CC3D,3,1756
CS20230722_SUPT_0106,0106 L6b/CT ENT Glut_1,CCN20230722_SUPT,CS20230722_SUBC_028,CCN20230722_SUBC,3,105,supertype,#66643D,4,8083
CS20230722_SUPT_0107,0107 L6b/CT ENT Glut_2,CCN20230722_SUPT,CS20230722_SUBC_028,CCN20230722_SUBC,3,106,supertype,#699945,4,2247
CS20230722_SUPT_0108,0108 L6b/CT ENT Glut_3,CCN20230722_SUPT,CS20230722_SUBC_028,CCN20230722_SUBC,3,107,supertype,#B4CC5C,3,1289
CS20230722_SUPT_0109,0109 L6b/CT ENT Glut_4,CCN20230722_SUPT,CS20230722_SUBC_028,CCN20230722_SUBC,3,108,supertype,#5C9965,3,15169
CS20230722_SUPT_0110,0110 L6b CTX Glut_1,CCN20230722_SUPT,CS20230722_SUBC_029,CCN20230722_SUBC,3,109,supertype,#5C9979,3,10264
CS20230722_SUPT_0111,0111 L6b CTX Glut_2,CCN20230722_SUPT,CS20230722_SUBC_029,CCN20230722_SUBC,3,110,supertype,#66533D,4,5499
CS20230722_SUPT_0112,0112 L6b CTX Glut_3,CCN20230722_SUPT,CS20230722_SUBC_029,CCN20230722_SUBC,3,111,supertype,#5C9986,4,3637
CS20230722_SUPT_0113,0113 L6b CTX Glut_4,CCN20230722_SUPT,CS20230722_SUBC_029,CCN20230722_SUBC,3,112,supertype,#00FFE1,1,698
CS20230722_SUPT_0114,0114 L6 CT CTX Glut_1,CCN20230722_SUPT,CS20230722_SUBC_030,CCN20230722_SUBC,3,113,supertype,#CC3D77,5,76047
CS20230722_SUPT_0115,0115 L6 CT CTX Glut_2,CCN20230722_SUPT,CS20230722_SUBC_030,CCN20230722_SUBC,3,114,supertype,#3DCC96,4,68930
CS20230722_SUPT_0116,0116 L6 CT CTX Glut_3,CCN20230722_SUPT,CS20230722_SUBC_030,CCN20230722_SUBC,3,115,supertype,#49660F,5,14692
CS20230722_SUPT_0117,0117 L6 CT CTX Glut_4,CCN20230722_SUPT,CS20230722_SUBC_030,CCN20230722_SUBC,3,116,supertype,#3E662E,1,4562
CS20230722_SUPT_0118,0118 L6 CT CTX Glut_5,CCN20230722_SUPT,CS20230722_SUBC_030,CCN20230722_SUBC,3,117,supertype,#00FFFD,6,35459
CS20230722_SUPT_0119,0119 L6 CT CTX Glut_6,CCN20230722_SUPT,CS20230722_SUBC_030,CCN20230722_SUBC,3,118,supertype,#1F52CC,1,2222
CS20230722_SUPT_0120,0120 CT SUB Glut_1,CCN20230722_SUPT,CS20230722_SUBC_031,CCN20230722_SUBC,3,119,supertype,#662D0F,1,5449
CS20230722_SUPT_0121,0121 CT SUB Glut_2,CCN20230722_SUPT,CS20230722_SUBC_031,CCN20230722_SUBC,3,120,supertype,#FF9999,2,2367
CS20230722_SUPT_0122,0122 L5 NP CTX Glut_1,CCN20230722_SUPT,CS20230722_SUBC_032,CCN20230722_SUBC,3,121,supertype,#26FF73,3,2034
CS20230722_SUPT_0123,0123 L5 NP CTX Glut_2,CCN20230722_SUPT,CS20230722_SUBC_032,CCN20230722_SUBC,3,122,supertype,#935C99,4,24479
CS20230722_SUPT_0124,0124 L5 NP CTX Glut_3,CCN20230722_SUPT,CS20230722_SUBC_032,CCN20230722_SUBC,3,123,supertype,#662E53,4,13915
CS20230722_SUPT_0125,0125 L5 NP CTX Glut_4,CCN20230722_SUPT,CS20230722_SUBC_032,CCN20230722_SUBC,3,124,supertype,#54661F,3,2521
CS20230722_SUPT_0126,0126 L5 NP CTX Glut_5,CCN20230722_SUPT,CS20230722_SUBC_032,CCN20230722_SUBC,3,125,supertype,#FF73DB,2,790
CS20230722_SUPT_0127,0127 NP SUB Glut_1,CCN20230722_SUPT,CS20230722_SUBC_033,CCN20230722_SUBC,3,126,supertype,#006614,2,311
CS20230722_SUPT_0128,0128 NP SUB Glut_2,CCN20230722_SUPT,CS20230722_SUBC_033,CCN20230722_SUBC,3,127,supertype,#CC9A5C,4,2445
CS20230722_SUPT_0129,0129 NP PPP Glut_1,CCN20230722_SUPT,CS20230722_SUBC_034,CCN20230722_SUBC,3,128,supertype,#574599,3,3029
CS20230722_SUPT_0130,0130 OB Eomes Ms4a15 Glut_1,CCN20230722_SUPT,CS20230722_SUBC_035,CCN20230722_SUBC,3,129,supertype,#FF737E,2,259
CS20230722_SUPT_0131,0131 OB Eomes Ms4a15 Glut_2,CCN20230722_SUPT,CS20230722_SUBC_035,CCN20230722_SUBC,3,130,supertype,#51663D,4,678
CS20230722_SUPT_0132,0132 OB Eomes Ms4a15 Glut_3,CCN20230722_SUPT,CS20230722_SUBC_035,CCN20230722_SUBC,3,131,supertype,#00993B,2,294
CS20230722_SUPT_0133,0133 OB Eomes Ms4a15 Glut_4,CCN20230722_SUPT,CS20230722_SUBC_035,CCN20230722_SUBC,3,132,supertype,#7ACCA8,1,156
CS20230722_SUPT_0134,0134 OB Eomes Ms4a15 Glut_5,CCN20230722_SUPT,CS20230722_SUBC_035,CCN20230722_SUBC,3,133,supertype,#AECC1F,2,264
CS20230722_SUPT_0135,0135 HPF CR Glut_1,CCN20230722_SUPT,CS20230722_SUBC_036,CCN20230722_SUBC,3,134,supertype,#662E59,5,3116
CS20230722_SUPT_0136,0136 DG Glut_1,CCN20230722_SUPT,CS20230722_SUBC_037,CCN20230722_SUBC,3,135,supertype,#009BCC,3,1263
CS20230722_SUPT_0137,0137 DG Glut_2,CCN20230722_SUPT,CS20230722_SUBC_037,CCN20230722_SUBC,3,136,supertype,#F573FF,3,74950
CS20230722_SUPT_0138,0138 DG Glut_3,CCN20230722_SUPT,CS20230722_SUBC_037,CCN20230722_SUBC,3,137,supertype,#FF7726,2,964
CS20230722_SUPT_0139,0139 DG Glut_4,CCN20230722_SUPT,CS20230722_SUBC_037,CCN20230722_SUBC,3,138,supertype,#992E41,1,5166
CS20230722_SUPT_0140,0140 DG-PIR Ex IMN_1,CCN20230722_SUPT,CS20230722_SUBC_038,CCN20230722_SUBC,3,139,supertype,#389917,1,93
CS20230722_SUPT_0141,0141 DG-PIR Ex IMN_2,CCN20230722_SUPT,CS20230722_SUBC_038,CCN20230722_SUBC,3,140,supertype,#CC7A3D,4,1200
CS20230722_SUPT_0142,0142 DG-PIR Ex IMN_3,CCN20230722_SUPT,CS20230722_SUBC_038,CCN20230722_SUBC,3,141,supertype,#643DCC,2,716
CS20230722_SUPT_0143,0143 OB Meis2 Thsd7b Gaba_1,CCN20230722_SUPT,CS20230722_SUBC_039,CCN20230722_SUBC,3,142,supertype,#9F00CC,3,597
CS20230722_SUPT_0144,0144 OB Meis2 Thsd7b Gaba_2,CCN20230722_SUPT,CS20230722_SUBC_039,CCN20230722_SUBC,3,143,supertype,#0005FF,4,512
CS20230722_SUPT_0145,0145 OB Meis2 Thsd7b Gaba_3,CCN20230722_SUPT,CS20230722_SUBC_039,CCN20230722_SUBC,3,144,supertype,#3DCC86,1,193
CS20230722_SUPT_0146,0146 OB Meis2 Thsd7b Gaba_4,CCN20230722_SUPT,CS20230722_SUBC_039,CCN20230722_SUBC,3,145,supertype,#664A3D,1,678
CS20230722_SUPT_0147,0147 OB Meis2 Thsd7b Gaba_5,CCN20230722_SUPT,CS20230722_SUBC_039,CCN20230722_SUBC,3,146,supertype,#459990,2,183
CS20230722_SUPT_0148,0148 OB Trdn Gaba_1,CCN20230722_SUPT,CS20230722_SUBC_040,CCN20230722_SUBC,3,147,supertype,#992E33,1,996
CS20230722_SUPT_0149,0149 OB Trdn Gaba_2,CCN20230722_SUPT,CS20230722_SUBC_040,CCN20230722_SUBC,3,148,supertype,#3D4966,2,2511
CS20230722_SUPT_0150,0150 OB-in Frmd7 Gaba_1,CCN20230722_SUPT,CS20230722_SUBC_041,CCN20230722_SUBC,3,149,supertype,#A6FF99,10,38299
CS20230722_SUPT_0151,0151 OB-in Frmd7 Gaba_2,CCN20230722_SUPT,CS20230722_SUBC_041,CCN20230722_SUBC,3,150,supertype,#00664C,8,34048
CS20230722_SUPT_0152,0152 OB-in Frmd7 Gaba_3,CCN20230722_SUPT,CS20230722_SUBC_041,CCN20230722_SUBC,3,151,supertype,#D5FF73,5,2063
CS20230722_SUPT_0153,0153 OB-in Frmd7 Gaba_4,CCN20230722_SUPT,CS20230722_SUBC_041,CCN20230722_SUBC,3,152,supertype,#80FF26,4,1876
CS20230722_SUPT_0154,0154 OB-in Frmd7 Gaba_5,CCN20230722_SUPT,CS20230722_SUBC_041,CCN20230722_SUBC,3,153,supertype,#BD1FCC,6,2172
CS20230722_SUPT_0155,0155 OB-in Frmd7 Gaba_6,CCN20230722_SUPT,CS20230722_SUBC_041,CCN20230722_SUBC,3,154,supertype,#995C71,1,216
CS20230722_SUPT_0156,0156 OB-in Frmd7 Gaba_7,CCN20230722_SUPT,CS20230722_SUBC_041,CCN20230722_SUBC,3,155,supertype,#FFBF26,1,739
CS20230722_SUPT_0157,0157 OB-in Frmd7 Gaba_8,CCN20230722_SUPT,CS20230722_SUBC_041,CCN20230722_SUBC,3,156,supertype,#990001,1,403
CS20230722_SUPT_0158,0158 OB-out Frmd7 Gaba_1,CCN20230722_SUPT,CS20230722_SUBC_042,CCN20230722_SUBC,3,157,supertype,#4A0066,7,5366
CS20230722_SUPT_0159,0159 OB-out Frmd7 Gaba_2,CCN20230722_SUPT,CS20230722_SUBC_042,CCN20230722_SUBC,3,158,supertype,#4DFF68,3,435
CS20230722_SUPT_0160,0160 OB-out Frmd7 Gaba_3,CCN20230722_SUPT,CS20230722_SUBC_042,CCN20230722_SUBC,3,159,supertype,#662000,1,196
CS20230722_SUPT_0161,0161 OB-mi Frmd7 Gaba_1,CCN20230722_SUPT,CS20230722_SUBC_043,CCN20230722_SUBC,3,160,supertype,#715CCC,3,611
CS20230722_SUPT_0162,0162 OB Dopa-Gaba_1,CCN20230722_SUPT,CS20230722_SUBC_044,CCN20230722_SUBC,3,161,supertype,#CC5C5C,8,4296
CS20230722_SUPT_0163,0163 OB Dopa-Gaba_2,CCN20230722_SUPT,CS20230722_SUBC_044,CCN20230722_SUBC,3,162,supertype,#994F00,1,157
CS20230722_SUPT_0164,0164 OB Dopa-Gaba_3,CCN20230722_SUPT,CS20230722_SUBC_044,CCN20230722_SUBC,3,163,supertype,#2cb26d,1,71
CS20230722_SUPT_0165,0165 OB Dopa-Gaba_4,CCN20230722_SUPT,CS20230722_SUBC_044,CCN20230722_SUBC,3,164,supertype,#CC7800,1,138
CS20230722_SUPT_0166,0166 OB-STR-CTX Inh IMN_1,CCN20230722_SUPT,CS20230722_SUBC_045,CCN20230722_SUBC,3,165,supertype,#2d42b7,8,1628
CS20230722_SUPT_0167,0167 OB-STR-CTX Inh IMN_2,CCN20230722_SUPT,CS20230722_SUBC_045,CCN20230722_SUBC,3,166,supertype,#990062,7,3459
CS20230722_SUPT_0168,0168 OB-STR-CTX Inh IMN_3,CCN20230722_SUPT,CS20230722_SUBC_045,CCN20230722_SUBC,3,167,supertype,#52CC3D,3,774
CS20230722_SUPT_0169,0169 OB-STR-CTX Inh IMN_4,CCN20230722_SUPT,CS20230722_SUBC_045,CCN20230722_SUBC,3,168,supertype,#2E3199,5,4384
CS20230722_SUPT_0170,0170 OB-STR-CTX Inh IMN_5,CCN20230722_SUPT,CS20230722_SUBC_045,CCN20230722_SUBC,3,169,supertype,#CC3E1F,5,448
CS20230722_SUPT_0171,0171 OB-STR-CTX Inh IMN_6,CCN20230722_SUPT,CS20230722_SUBC_045,CCN20230722_SUBC,3,170,supertype,#99462E,1,21
CS20230722_SUPT_0172,0172 OB-STR-CTX Inh IMN_7,CCN20230722_SUPT,CS20230722_SUBC_045,CCN20230722_SUBC,3,171,supertype,#FF0500,1,32
CS20230722_SUPT_0173,0173 Vip Gaba_1,CCN20230722_SUPT,CS20230722_SUBC_046,CCN20230722_SUBC,3,172,supertype,#2E6C99,4,6998
CS20230722_SUPT_0174,0174 Vip Gaba_2,CCN20230722_SUPT,CS20230722_SUBC_046,CCN20230722_SUBC,3,173,supertype,#10660F,5,5710
CS20230722_SUPT_0175,0175 Vip Gaba_3,CCN20230722_SUPT,CS20230722_SUBC_046,CCN20230722_SUBC,3,174,supertype,#17994C,4,7526
CS20230722_SUPT_0176,0176 Vip Gaba_4,CCN20230722_SUPT,CS20230722_SUBC_046,CCN20230722_SUBC,3,175,supertype,#715C99,4,6083
CS20230722_SUPT_0177,0177 Vip Gaba_5,CCN20230722_SUPT,CS20230722_SUBC_046,CCN20230722_SUBC,3,176,supertype,#7200CC,5,14713
CS20230722_SUPT_0178,0178 Vip Gaba_6,CCN20230722_SUPT,CS20230722_SUBC_046,CCN20230722_SUBC,3,177,supertype,#7A96CC,4,8474
CS20230722_SUPT_0179,0179 Vip Gaba_7,CCN20230722_SUPT,CS20230722_SUBC_046,CCN20230722_SUBC,3,178,supertype,#CC5CC5,3,1083
CS20230722_SUPT_0180,0180 Vip Gaba_8,CCN20230722_SUPT,CS20230722_SUBC_046,CCN20230722_SUBC,3,179,supertype,#CC815C,2,1511
CS20230722_SUPT_0181,0181 Vip Gaba_9,CCN20230722_SUPT,CS20230722_SUBC_046,CCN20230722_SUBC,3,180,supertype,#CC3D87,4,1441
CS20230722_SUPT_0182,0182 Vip Gaba_10,CCN20230722_SUPT,CS20230722_SUBC_046,CCN20230722_SUBC,3,181,supertype,#66372E,2,140
CS20230722_SUPT_0183,0183 Vip Gaba_11,CCN20230722_SUPT,CS20230722_SUBC_046,CCN20230722_SUBC,3,182,supertype,#5C85CC,2,3730
CS20230722_SUPT_0184,0184 Vip Gaba_12,CCN20230722_SUPT,CS20230722_SUBC_046,CCN20230722_SUBC,3,183,supertype,#F5FF99,2,5038
CS20230722_SUPT_0185,0185 Sncg Gaba_1,CCN20230722_SUPT,CS20230722_SUBC_047,CCN20230722_SUBC,3,184,supertype,#0F6622,5,2256
CS20230722_SUPT_0186,0186 Sncg Gaba_2,CCN20230722_SUPT,CS20230722_SUBC_047,CCN20230722_SUBC,3,185,supertype,#785C99,3,2349
CS20230722_SUPT_0187,0187 Sncg Gaba_3,CCN20230722_SUPT,CS20230722_SUBC_047,CCN20230722_SUBC,3,186,supertype,#FF2671,6,7737
CS20230722_SUPT_0188,0188 Sncg Gaba_4,CCN20230722_SUPT,CS20230722_SUBC_047,CCN20230722_SUBC,3,187,supertype,#52992E,1,1900
CS20230722_SUPT_0189,0189 Sncg Gaba_5,CCN20230722_SUPT,CS20230722_SUBC_047,CCN20230722_SUBC,3,188,supertype,#000B99,3,1065
CS20230722_SUPT_0190,0190 Sncg Gaba_6,CCN20230722_SUPT,CS20230722_SUBC_047,CCN20230722_SUBC,3,189,supertype,#178299,1,1928
CS20230722_SUPT_0191,0191 Sncg Gaba_7,CCN20230722_SUPT,CS20230722_SUBC_047,CCN20230722_SUBC,3,190,supertype,#91CC3D,1,429
CS20230722_SUPT_0192,0192 Sncg Gaba_8,CCN20230722_SUPT,CS20230722_SUBC_047,CCN20230722_SUBC,3,191,supertype,#654DFF,2,1176
CS20230722_SUPT_0193,0193 RHP-COA Ndnf Gaba_1,CCN20230722_SUPT,CS20230722_SUBC_048,CCN20230722_SUBC,3,192,supertype,#5CCC7F,4,1365
CS20230722_SUPT_0194,0194 RHP-COA Ndnf Gaba_2,CCN20230722_SUPT,CS20230722_SUBC_048,CCN20230722_SUBC,3,193,supertype,#C0CC5C,3,336
CS20230722_SUPT_0195,0195 RHP-COA Ndnf Gaba_3,CCN20230722_SUPT,CS20230722_SUBC_048,CCN20230722_SUBC,3,194,supertype,#00CC76,4,695
CS20230722_SUPT_0196,0196 RHP-COA Ndnf Gaba_4,CCN20230722_SUPT,CS20230722_SUBC_048,CCN20230722_SUBC,3,195,supertype,#2E5866,2,167
CS20230722_SUPT_0197,0197 RHP-COA Ndnf Gaba_5,CCN20230722_SUPT,CS20230722_SUBC_048,CCN20230722_SUBC,3,196,supertype,#9BCC5C,5,426
CS20230722_SUPT_0198,0198 RHP-COA Ndnf Gaba_6,CCN20230722_SUPT,CS20230722_SUBC_048,CCN20230722_SUBC,3,197,supertype,#CC771F,2,272
CS20230722_SUPT_0199,0199 Lamp5 Gaba_1,CCN20230722_SUPT,CS20230722_SUBC_049,CCN20230722_SUBC,3,198,supertype,#DC00FF,8,41362
CS20230722_SUPT_0200,0200 Lamp5 Gaba_2,CCN20230722_SUPT,CS20230722_SUBC_049,CCN20230722_SUBC,3,199,supertype,#422E99,5,7040
CS20230722_SUPT_0201,0201 Lamp5 Gaba_3,CCN20230722_SUPT,CS20230722_SUBC_049,CCN20230722_SUBC,3,200,supertype,#263DFF,3,3949
CS20230722_SUPT_0202,0202 Lamp5 Gaba_4,CCN20230722_SUPT,CS20230722_SUBC_049,CCN20230722_SUBC,3,201,supertype,#C0CC3D,2,2133
CS20230722_SUPT_0203,0203 Lamp5 Lhx6 Gaba_1,CCN20230722_SUPT,CS20230722_SUBC_050,CCN20230722_SUBC,3,202,supertype,#FF584D,8,8913
CS20230722_SUPT_0204,0204 Pvalb chandelier Gaba_1,CCN20230722_SUPT,CS20230722_SUBC_051,CCN20230722_SUBC,3,203,supertype,#261F66,2,3470
CS20230722_SUPT_0205,0205 Pvalb Gaba_1,CCN20230722_SUPT,CS20230722_SUBC_052,CCN20230722_SUBC,3,204,supertype,#455899,3,2546
CS20230722_SUPT_0206,0206 Pvalb Gaba_2,CCN20230722_SUPT,CS20230722_SUBC_052,CCN20230722_SUBC,3,205,supertype,#66240F,3,650
CS20230722_SUPT_0207,0207 Pvalb Gaba_3,CCN20230722_SUPT,CS20230722_SUBC_052,CCN20230722_SUBC,3,206,supertype,#991793,3,18939
CS20230722_SUPT_0208,0208 Pvalb Gaba_4,CCN20230722_SUPT,CS20230722_SUBC_052,CCN20230722_SUBC,3,207,supertype,#542E66,5,6693
CS20230722_SUPT_0209,0209 Pvalb Gaba_5,CCN20230722_SUPT,CS20230722_SUBC_052,CCN20230722_SUBC,3,208,supertype,#D899FF,3,3190
CS20230722_SUPT_0210,0210 Pvalb Gaba_6,CCN20230722_SUPT,CS20230722_SUBC_052,CCN20230722_SUBC,3,209,supertype,#992E91,2,1711
CS20230722_SUPT_0211,0211 Pvalb Gaba_7,CCN20230722_SUPT,CS20230722_SUBC_052,CCN20230722_SUBC,3,210,supertype,#3D55CC,1,567
CS20230722_SUPT_0212,0212 Pvalb Gaba_8,CCN20230722_SUPT,CS20230722_SUBC_052,CCN20230722_SUBC,3,211,supertype,#662100,1,7777
CS20230722_SUPT_0213,0213 Pvalb Gaba_9,CCN20230722_SUPT,CS20230722_SUBC_052,CCN20230722_SUBC,3,212,supertype,#99FFAD,1,241
CS20230722_SUPT_0214,0214 Sst Gaba_1,CCN20230722_SUPT,CS20230722_SUBC_053,CCN20230722_SUBC,3,213,supertype,#2E6662,6,6875
CS20230722_SUPT_0215,0215 Sst Gaba_2,CCN20230722_SUPT,CS20230722_SUBC_053,CCN20230722_SUBC,3,214,supertype,#E5FF73,5,1183
CS20230722_SUPT_0216,0216 Sst Gaba_3,CCN20230722_SUPT,CS20230722_SUBC_053,CCN20230722_SUBC,3,215,supertype,#AE5CCC,9,2004
CS20230722_SUPT_0217,0217 Sst Gaba_4,CCN20230722_SUPT,CS20230722_SUBC_053,CCN20230722_SUBC,3,216,supertype,#EF99FF,5,14335
CS20230722_SUPT_0218,0218 Sst Gaba_5,CCN20230722_SUPT,CS20230722_SUBC_053,CCN20230722_SUBC,3,217,supertype,#B0FF26,4,3999
CS20230722_SUPT_0219,0219 Sst Gaba_6,CCN20230722_SUPT,CS20230722_SUBC_053,CCN20230722_SUBC,3,218,supertype,#8800FF,7,725
CS20230722_SUPT_0220,0220 Sst Gaba_7,CCN20230722_SUPT,CS20230722_SUBC_053,CCN20230722_SUBC,3,219,supertype,#5C00CC,3,3740
CS20230722_SUPT_0221,0221 Sst Gaba_8,CCN20230722_SUPT,CS20230722_SUBC_053,CCN20230722_SUBC,3,220,supertype,#990084,3,4145
CS20230722_SUPT_0222,0222 Sst Gaba_9,CCN20230722_SUPT,CS20230722_SUBC_053,CCN20230722_SUBC,3,221,supertype,#662E47,4,3432
CS20230722_SUPT_0223,0223 Sst Gaba_10,CCN20230722_SUPT,CS20230722_SUBC_053,CCN20230722_SUBC,3,222,supertype,#A25CCC,3,6141
CS20230722_SUPT_0224,0224 Sst Gaba_11,CCN20230722_SUPT,CS20230722_SUBC_053,CCN20230722_SUBC,3,223,supertype,#00661F,2,2677
CS20230722_SUPT_0225,0225 Sst Gaba_12,CCN20230722_SUPT,CS20230722_SUBC_053,CCN20230722_SUBC,3,224,supertype,#997100,3,2126
CS20230722_SUPT_0226,0226 Sst Gaba_13,CCN20230722_SUPT,CS20230722_SUBC_053,CCN20230722_SUBC,3,225,supertype,#661A0F,2,4064
CS20230722_SUPT_0227,0227 Sst Gaba_14,CCN20230722_SUPT,CS20230722_SUBC_053,CCN20230722_SUBC,3,226,supertype,#7D2E99,3,2464
CS20230722_SUPT_0228,0228 Sst Gaba_15,CCN20230722_SUPT,CS20230722_SUBC_053,CCN20230722_SUBC,3,227,supertype,#CC3D68,3,2893
CS20230722_SUPT_0229,0229 Sst Gaba_16,CCN20230722_SUPT,CS20230722_SUBC_053,CCN20230722_SUBC,3,228,supertype,#5C91CC,4,4322
CS20230722_SUPT_0230,0230 Sst Gaba_17,CCN20230722_SUPT,CS20230722_SUBC_053,CCN20230722_SUBC,3,229,supertype,#516600,3,956
CS20230722_SUPT_0231,0231 Sst Gaba_18,CCN20230722_SUPT,CS20230722_SUBC_053,CCN20230722_SUBC,3,230,supertype,#FF000A,2,644
CS20230722_SUPT_0232,0232 Sst Gaba_19,CCN20230722_SUPT,CS20230722_SUBC_053,CCN20230722_SUBC,3,231,supertype,#73FFC9,2,663
CS20230722_SUPT_0233,0233 STR Prox1 Lhx6 Gaba_1,CCN20230722_SUPT,CS20230722_SUBC_054,CCN20230722_SUBC,3,232,supertype,#7ACC7B,4,630
CS20230722_SUPT_0234,0234 STR Prox1 Lhx6 Gaba_2,CCN20230722_SUPT,CS20230722_SUBC_054,CCN20230722_SUBC,3,233,supertype,#FF73BC,4,1302
CS20230722_SUPT_0235,0235 STR Prox1 Lhx6 Gaba_3,CCN20230722_SUPT,CS20230722_SUBC_054,CCN20230722_SUBC,3,234,supertype,#00FF48,2,146
CS20230722_SUPT_0236,0236 STR Lhx8 Gaba_1,CCN20230722_SUPT,CS20230722_SUBC_055,CCN20230722_SUBC,3,235,supertype,#CCA700,4,836
CS20230722_SUPT_0237,0237 STR Lhx8 Gaba_2,CCN20230722_SUPT,CS20230722_SUBC_055,CCN20230722_SUBC,3,236,supertype,#3DCCC5,2,737
CS20230722_SUPT_0238,0238 Sst Chodl Gaba_1,CCN20230722_SUPT,CS20230722_SUBC_056,CCN20230722_SUBC,3,237,supertype,#645CCC,4,651
CS20230722_SUPT_0239,0239 Sst Chodl Gaba_2,CCN20230722_SUPT,CS20230722_SUBC_056,CCN20230722_SUBC,3,238,supertype,#3D0F66,6,1306
CS20230722_SUPT_0240,0240 Sst Chodl Gaba_3,CCN20230722_SUPT,CS20230722_SUBC_056,CCN20230722_SUBC,3,239,supertype,#00ADFF,3,278
CS20230722_SUPT_0241,0241 Sst Chodl Gaba_4,CCN20230722_SUPT,CS20230722_SUBC_056,CCN20230722_SUBC,3,240,supertype,#5C9DCC,2,2905
CS20230722_SUPT_0242,0242 Sst Chodl Gaba_5,CCN20230722_SUPT,CS20230722_SUBC_056,CCN20230722_SUBC,3,241,supertype,#996D45,2,350
CS20230722_SUPT_0243,0243 Sst Chodl Gaba_6,CCN20230722_SUPT,CS20230722_SUBC_056,CCN20230722_SUBC,3,242,supertype,#00BFFF,1,60
CS20230722_SUPT_0244,0244 NDB-SI-MA-STRv Lhx8 Gaba_1,CCN20230722_SUPT,CS20230722_SUBC_057,CCN20230722_SUBC,3,243,supertype,#2E9950,7,1046
CS20230722_SUPT_0245,0245 NDB-SI-MA-STRv Lhx8 Gaba_2,CCN20230722_SUPT,CS20230722_SUBC_057,CCN20230722_SUBC,3,244,supertype,#99815C,9,1211
CS20230722_SUPT_0246,0246 NDB-SI-MA-STRv Lhx8 Gaba_3,CCN20230722_SUPT,CS20230722_SUBC_057,CCN20230722_SUBC,3,245,supertype,#3F3D66,10,2411
CS20230722_SUPT_0247,0247 NDB-SI-MA-STRv Lhx8 Gaba_4,CCN20230722_SUPT,CS20230722_SUBC_057,CCN20230722_SUBC,3,246,supertype,#FF4D5F,4,522
CS20230722_SUPT_0248,0248 NDB-SI-MA-STRv Lhx8 Gaba_5,CCN20230722_SUPT,CS20230722_SUBC_057,CCN20230722_SUBC,3,247,supertype,#FF26E9,6,1098
CS20230722_SUPT_0249,0249 NDB-SI-MA-STRv Lhx8 Gaba_6,CCN20230722_SUPT,CS20230722_SUBC_057,CCN20230722_SUBC,3,248,supertype,#CC9D1F,5,423
CS20230722_SUPT_0250,0250 NDB-SI-MA-STRv Lhx8 Gaba_7,CCN20230722_SUPT,CS20230722_SUBC_057,CCN20230722_SUBC,3,249,supertype,#3D4D66,3,333
CS20230722_SUPT_0251,0251 NDB-SI-MA-STRv Lhx8 Gaba_8,CCN20230722_SUPT,CS20230722_SUBC_057,CCN20230722_SUBC,3,250,supertype,#A000CC,3,536
CS20230722_SUPT_0252,0252 NDB-SI-MA-STRv Lhx8 Gaba_9,CCN20230722_SUPT,CS20230722_SUBC_057,CCN20230722_SUBC,3,251,supertype,#661F22,2,106
CS20230722_SUPT_0253,0253 NDB-SI-MA-STRv Lhx8 Gaba_10,CCN20230722_SUPT,CS20230722_SUBC_057,CCN20230722_SUBC,3,252,supertype,#009975,3,423
CS20230722_SUPT_0254,0254 NDB-SI-MA-STRv Lhx8 Gaba_11,CCN20230722_SUPT,CS20230722_SUBC_057,CCN20230722_SUBC,3,253,supertype,#002999,1,103
CS20230722_SUPT_0255,0255 NDB-SI-MA-STRv Lhx8 Gaba_12,CCN20230722_SUPT,CS20230722_SUBC_057,CCN20230722_SUBC,3,254,supertype,#992E35,1,55
CS20230722_SUPT_0256,0256 NDB-SI-MA-STRv Lhx8 Gaba_13,CCN20230722_SUPT,CS20230722_SUBC_057,CCN20230722_SUBC,3,255,supertype,#090066,1,162
CS20230722_SUPT_0257,0257 GPe-SI Sox6 Cyp26b1 Gaba_1,CCN20230722_SUPT,CS20230722_SUBC_059,CCN20230722_SUBC,3,256,supertype,#660F56,1,510
CS20230722_SUPT_0258,0258 GPe-SI Sox6 Cyp26b1 Gaba_2,CCN20230722_SUPT,CS20230722_SUBC_059,CCN20230722_SUBC,3,257,supertype,#514DFF,4,933
CS20230722_SUPT_0259,0259 PAL-STR Gaba-Chol_1,CCN20230722_SUPT,CS20230722_SUBC_058,CCN20230722_SUBC,3,258,supertype,#79FF73,6,467
CS20230722_SUPT_0260,0260 PAL-STR Gaba-Chol_2,CCN20230722_SUPT,CS20230722_SUBC_058,CCN20230722_SUBC,3,259,supertype,#E399FF,5,368
CS20230722_SUPT_0261,0261 PAL-STR Gaba-Chol_3,CCN20230722_SUPT,CS20230722_SUBC_058,CCN20230722_SUBC,3,260,supertype,#3D664D,5,384
CS20230722_SUPT_0262,0262 OT D3 Folh1 Gaba_1,CCN20230722_SUPT,CS20230722_SUBC_060,CCN20230722_SUBC,3,261,supertype,#FF007D,1,9429
CS20230722_SUPT_0263,0263 OT D3 Folh1 Gaba_2,CCN20230722_SUPT,CS20230722_SUBC_060,CCN20230722_SUBC,3,262,supertype,#722E99,1,226
CS20230722_SUPT_0264,0264 OT D3 Folh1 Gaba_3,CCN20230722_SUPT,CS20230722_SUBC_060,CCN20230722_SUBC,3,263,supertype,#007ECC,2,2711
CS20230722_SUPT_0265,0265 STR D1 Gaba_1,CCN20230722_SUPT,CS20230722_SUBC_061,CCN20230722_SUBC,3,264,supertype,#663D45,5,2291
CS20230722_SUPT_0266,0266 STR D1 Gaba_2,CCN20230722_SUPT,CS20230722_SUBC_061,CCN20230722_SUBC,3,265,supertype,#995C7E,2,434
CS20230722_SUPT_0267,0267 STR D1 Gaba_3,CCN20230722_SUPT,CS20230722_SUBC_061,CCN20230722_SUBC,3,266,supertype,#0041CC,3,13770
CS20230722_SUPT_0268,0268 STR D1 Gaba_4,CCN20230722_SUPT,CS20230722_SUBC_061,CCN20230722_SUBC,3,267,supertype,#737BFF,2,3511
CS20230722_SUPT_0269,0269 STR D1 Gaba_5,CCN20230722_SUPT,CS20230722_SUBC_061,CCN20230722_SUBC,3,268,supertype,#B0CC3D,3,656
CS20230722_SUPT_0270,0270 STR D1 Gaba_6,CCN20230722_SUPT,CS20230722_SUBC_061,CCN20230722_SUBC,3,269,supertype,#000899,2,10628
CS20230722_SUPT_0271,0271 STR D1 Gaba_7,CCN20230722_SUPT,CS20230722_SUBC_061,CCN20230722_SUBC,3,270,supertype,#965CCC,1,189
CS20230722_SUPT_0272,0272 STR D1 Gaba_8,CCN20230722_SUPT,CS20230722_SUBC_061,CCN20230722_SUBC,3,271,supertype,#660F13,3,1918
CS20230722_SUPT_0273,0273 STR D1 Gaba_9,CCN20230722_SUPT,CS20230722_SUBC_061,CCN20230722_SUBC,3,272,supertype,#831799,1,2890
CS20230722_SUPT_0274,0274 STR D2 Gaba_1,CCN20230722_SUPT,CS20230722_SUBC_062,CCN20230722_SUBC,3,273,supertype,#992E86,7,1376
CS20230722_SUPT_0275,0275 STR D2 Gaba_2,CCN20230722_SUPT,CS20230722_SUBC_062,CCN20230722_SUBC,3,274,supertype,#600066,6,13719
CS20230722_SUPT_0276,0276 STR D2 Gaba_3,CCN20230722_SUPT,CS20230722_SUBC_062,CCN20230722_SUBC,3,275,supertype,#2F6600,1,938
CS20230722_SUPT_0277,0277 STR D2 Gaba_4,CCN20230722_SUPT,CS20230722_SUBC_062,CCN20230722_SUBC,3,276,supertype,#FF4DC1,4,18417
CS20230722_SUPT_0278,0278 STR D2 Gaba_5,CCN20230722_SUPT,CS20230722_SUBC_062,CCN20230722_SUBC,3,277,supertype,#CCB27A,3,1182
CS20230722_SUPT_0279,0279 STR D2 Gaba_6,CCN20230722_SUPT,CS20230722_SUBC_062,CCN20230722_SUBC,3,278,supertype,#996B17,3,1250
CS20230722_SUPT_0280,0280 STR D2 Gaba_7,CCN20230722_SUPT,CS20230722_SUBC_062,CCN20230722_SUBC,3,279,supertype,#00FFD1,1,81
CS20230722_SUPT_0281,0281 STR D1 Sema5a Gaba_1,CCN20230722_SUPT,CS20230722_SUBC_063,CCN20230722_SUBC,3,280,supertype,#CC7AC5,2,825
CS20230722_SUPT_0282,0282 STR D1 Sema5a Gaba_2,CCN20230722_SUPT,CS20230722_SUBC_063,CCN20230722_SUBC,3,281,supertype,#7FFF4D,5,2473
CS20230722_SUPT_0283,0283 STR D1 Sema5a Gaba_3,CCN20230722_SUPT,CS20230722_SUBC_063,CCN20230722_SUBC,3,282,supertype,#4FCC1F,2,1765
CS20230722_SUPT_0284,0284 STR D1 Sema5a Gaba_4,CCN20230722_SUPT,CS20230722_SUBC_063,CCN20230722_SUBC,3,283,supertype,#330066,2,2413
CS20230722_SUPT_0285,0285 STR-PAL Chst9 Gaba_1,CCN20230722_SUPT,CS20230722_SUBC_064,CCN20230722_SUBC,3,284,supertype,#CC005C,3,4125
CS20230722_SUPT_0286,0286 STR-PAL Chst9 Gaba_2,CCN20230722_SUPT,CS20230722_SUBC_064,CCN20230722_SUBC,3,285,supertype,#99762E,4,4621
CS20230722_SUPT_0287,0287 STR-PAL Chst9 Gaba_3,CCN20230722_SUPT,CS20230722_SUBC_064,CCN20230722_SUBC,3,286,supertype,#991D00,3,3822
CS20230722_SUPT_0288,0288 STR-PAL Chst9 Gaba_4,CCN20230722_SUPT,CS20230722_SUBC_064,CCN20230722_SUBC,3,287,supertype,#FFF54D,2,4588
CS20230722_SUPT_0289,0289 STR-PAL Chst9 Gaba_5,CCN20230722_SUPT,CS20230722_SUBC_064,CCN20230722_SUBC,3,288,supertype,#5F663D,3,1533
CS20230722_SUPT_0290,0290 IA Mgp Gaba_1,CCN20230722_SUPT,CS20230722_SUBC_065,CCN20230722_SUBC,3,289,supertype,#9BFF99,3,608
CS20230722_SUPT_0291,0291 IA Mgp Gaba_2,CCN20230722_SUPT,CS20230722_SUBC_065,CCN20230722_SUBC,3,290,supertype,#380099,2,462
CS20230722_SUPT_0292,0292 IA Mgp Gaba_3,CCN20230722_SUPT,CS20230722_SUBC_065,CCN20230722_SUBC,3,291,supertype,#664A2E,3,443
CS20230722_SUPT_0293,0293 IA Mgp Gaba_4,CCN20230722_SUPT,CS20230722_SUBC_065,CCN20230722_SUBC,3,292,supertype,#286600,1,44
CS20230722_SUPT_0294,0294 IA Mgp Gaba_5,CCN20230722_SUPT,CS20230722_SUBC_065,CCN20230722_SUBC,3,293,supertype,#00FF2C,3,379
CS20230722_SUPT_0295,0295 NDB-SI-ant Prdm12 Gaba_1,CCN20230722_SUPT,CS20230722_SUBC_066,CCN20230722_SUBC,3,294,supertype,#660F4C,10,1606
CS20230722_SUPT_0296,0296 NDB-SI-ant Prdm12 Gaba_2,CCN20230722_SUPT,CS20230722_SUBC_066,CCN20230722_SUBC,3,295,supertype,#1F2766,1,89
CS20230722_SUPT_0297,0297 NDB-SI-ant Prdm12 Gaba_3,CCN20230722_SUPT,CS20230722_SUBC_066,CCN20230722_SUBC,3,296,supertype,#2E6655,2,182
CS20230722_SUPT_0298,0298 NDB-SI-ant Prdm12 Gaba_4,CCN20230722_SUPT,CS20230722_SUBC_066,CCN20230722_SUBC,3,297,supertype,#665B0F,1,43
CS20230722_SUPT_0299,0299 LSX Sall3 Pax6 Gaba_1,CCN20230722_SUPT,CS20230722_SUBC_067,CCN20230722_SUBC,3,298,supertype,#EE4DFF,2,353
CS20230722_SUPT_0300,0300 LSX Sall3 Pax6 Gaba_2,CCN20230722_SUPT,CS20230722_SUBC_067,CCN20230722_SUBC,3,299,supertype,#984599,6,761
CS20230722_SUPT_0301,0301 LSX Otx2 Gaba_1,CCN20230722_SUPT,CS20230722_SUBC_068,CCN20230722_SUBC,3,300,supertype,#4D96FF,2,849
CS20230722_SUPT_0302,0302 LSX Otx2 Gaba_2,CCN20230722_SUPT,CS20230722_SUBC_068,CCN20230722_SUBC,3,301,supertype,#784DFF,3,1154
CS20230722_SUPT_0303,0303 LSX Otx2 Gaba_3,CCN20230722_SUPT,CS20230722_SUBC_068,CCN20230722_SUBC,3,302,supertype,#E1FF4D,9,1550
CS20230722_SUPT_0304,0304 LSX Otx2 Gaba_4,CCN20230722_SUPT,CS20230722_SUBC_068,CCN20230722_SUBC,3,303,supertype,#CC1F8F,5,428
CS20230722_SUPT_0305,0305 LSX Otx2 Gaba_5,CCN20230722_SUPT,CS20230722_SUBC_068,CCN20230722_SUBC,3,304,supertype,#99FFA2,5,398
CS20230722_SUPT_0306,0306 LSX Nkx2-1 Gaba_1,CCN20230722_SUPT,CS20230722_SUBC_069,CCN20230722_SUBC,3,305,supertype,#A873FF,2,344
CS20230722_SUPT_0307,0307 LSX Nkx2-1 Gaba_2,CCN20230722_SUPT,CS20230722_SUBC_069,CCN20230722_SUBC,3,306,supertype,#CC5CAC,12,1791
CS20230722_SUPT_0308,0308 LSX Nkx2-1 Gaba_3,CCN20230722_SUPT,CS20230722_SUBC_069,CCN20230722_SUBC,3,307,supertype,#CC0072,5,1108
CS20230722_SUPT_0309,0309 LSX Nkx2-1 Gaba_4,CCN20230722_SUPT,CS20230722_SUBC_069,CCN20230722_SUBC,3,308,supertype,#0021FF,4,1112
CS20230722_SUPT_0310,0310 LSX Nkx2-1 Gaba_5,CCN20230722_SUPT,CS20230722_SUBC_069,CCN20230722_SUBC,3,309,supertype,#8CCC7A,4,881
CS20230722_SUPT_0311,0311 LSX Nkx2-1 Gaba_6,CCN20230722_SUPT,CS20230722_SUBC_069,CCN20230722_SUBC,3,310,supertype,#51FF26,3,474
CS20230722_SUPT_0312,0312 LSX Nkx2-1 Gaba_7,CCN20230722_SUPT,CS20230722_SUBC_069,CCN20230722_SUBC,3,311,supertype,#2E3366,4,435
CS20230722_SUPT_0313,0313 LSX Nkx2-1 Gaba_8,CCN20230722_SUPT,CS20230722_SUBC_069,CCN20230722_SUBC,3,312,supertype,#73FF8C,3,162
CS20230722_SUPT_0314,0314 LSX Nkx2-1 Gaba_9,CCN20230722_SUPT,CS20230722_SUBC_069,CCN20230722_SUBC,3,313,supertype,#0F665B,1,507
CS20230722_SUPT_0315,0315 LSX Nkx2-1 Gaba_10,CCN20230722_SUPT,CS20230722_SUBC_069,CCN20230722_SUBC,3,314,supertype,#1FCCAD,1,461
CS20230722_SUPT_0316,0316 LSX Nkx2-1 Gaba_11,CCN20230722_SUPT,CS20230722_SUBC_069,CCN20230722_SUBC,3,315,supertype,#663D5C,2,602
CS20230722_SUPT_0317,0317 LSX Prdm12 Slit2 Gaba_1,CCN20230722_SUPT,CS20230722_SUBC_070,CCN20230722_SUBC,3,316,supertype,#73C9FF,9,2780
CS20230722_SUPT_0318,0318 LSX Prdm12 Slit2 Gaba_2,CCN20230722_SUPT,CS20230722_SUBC_070,CCN20230722_SUBC,3,317,supertype,#88FF73,7,1799
CS20230722_SUPT_0319,0319 LSX Prdm12 Slit2 Gaba_3,CCN20230722_SUPT,CS20230722_SUBC_070,CCN20230722_SUBC,3,318,supertype,#5E3D66,6,1237
CS20230722_SUPT_0320,0320 LSX Prdm12 Slit2 Gaba_4,CCN20230722_SUPT,CS20230722_SUBC_070,CCN20230722_SUBC,3,319,supertype,#2E6630,2,302
CS20230722_SUPT_0321,0321 LSX Prdm12 Slit2 Gaba_5,CCN20230722_SUPT,CS20230722_SUBC_070,CCN20230722_SUBC,3,320,supertype,#991784,4,680
CS20230722_SUPT_0322,0322 LSX Prdm12 Slit2 Gaba_6,CCN20230722_SUPT,CS20230722_SUBC_070,CCN20230722_SUBC,3,321,supertype,#CCC41F,2,73
CS20230722_SUPT_0323,0323 LSX Prdm12 Slit2 Gaba_7,CCN20230722_SUPT,CS20230722_SUBC_070,CCN20230722_SUBC,3,322,supertype,#66603D,2,294
CS20230722_SUPT_0324,0324 LSX Prdm12 Slit2 Gaba_8,CCN20230722_SUPT,CS20230722_SUBC_070,CCN20230722_SUBC,3,323,supertype,#FF5800,1,574
CS20230722_SUPT_0325,0325 LSX Prdm12 Slit2 Gaba_9,CCN20230722_SUPT,CS20230722_SUBC_070,CCN20230722_SUBC,3,324,supertype,#FF2100,1,104
CS20230722_SUPT_0326,0326 LSX Prdm12 Zeb2 Gaba_1,CCN20230722_SUPT,CS20230722_SUBC_071,CCN20230722_SUBC,3,325,supertype,#500F66,9,2707
CS20230722_SUPT_0327,0327 LSX Prdm12 Zeb2 Gaba_2,CCN20230722_SUPT,CS20230722_SUBC_071,CCN20230722_SUBC,3,326,supertype,#FF739D,4,1271
CS20230722_SUPT_0328,0328 LSX Prdm12 Zeb2 Gaba_3,CCN20230722_SUPT,CS20230722_SUBC_071,CCN20230722_SUBC,3,327,supertype,#CC7A00,4,814
CS20230722_SUPT_0329,0329 LSX Prdm12 Zeb2 Gaba_4,CCN20230722_SUPT,CS20230722_SUBC_071,CCN20230722_SUBC,3,328,supertype,#005F99,2,964
CS20230722_SUPT_0330,0330 LSX Prdm12 Zeb2 Gaba_5,CCN20230722_SUPT,CS20230722_SUBC_071,CCN20230722_SUBC,3,329,supertype,#FF73C4,6,831
CS20230722_SUPT_0331,0331 LSX Sall3 Lmo1 Gaba_1,CCN20230722_SUPT,CS20230722_SUBC_072,CCN20230722_SUBC,3,330,supertype,#A8FF00,2,464
CS20230722_SUPT_0332,0332 LSX Sall3 Lmo1 Gaba_2,CCN20230722_SUPT,CS20230722_SUBC_072,CCN20230722_SUBC,3,331,supertype,#CC002F,4,919
CS20230722_SUPT_0333,0333 LSX Sall3 Lmo1 Gaba_3,CCN20230722_SUPT,CS20230722_SUBC_072,CCN20230722_SUBC,3,332,supertype,#C17ACC,2,365
CS20230722_SUPT_0334,0334 LSX Sall3 Lmo1 Gaba_4,CCN20230722_SUPT,CS20230722_SUBC_072,CCN20230722_SUBC,3,333,supertype,#AE1FCC,1,62
CS20230722_SUPT_0335,0335 LSX Sall3 Lmo1 Gaba_5,CCN20230722_SUPT,CS20230722_SUBC_072,CCN20230722_SUBC,3,334,supertype,#641799,2,181
CS20230722_SUPT_0336,0336 LSX Sall3 Lmo1 Gaba_6,CCN20230722_SUPT,CS20230722_SUBC_072,CCN20230722_SUBC,3,335,supertype,#B91FCC,3,522
CS20230722_SUPT_0337,0337 MEA-BST Sox6 Gaba_1,CCN20230722_SUPT,CS20230722_SUBC_073,CCN20230722_SUBC,3,336,supertype,#7ACCCC,4,716
CS20230722_SUPT_0338,0338 MEA-BST Sox6 Gaba_2,CCN20230722_SUPT,CS20230722_SUBC_073,CCN20230722_SUBC,3,337,supertype,#3DCC00,6,1596
CS20230722_SUPT_0339,0339 MEA-BST Sox6 Gaba_3,CCN20230722_SUPT,CS20230722_SUBC_073,CCN20230722_SUBC,3,338,supertype,#FF2642,7,1424
CS20230722_SUPT_0340,0340 MEA-BST Sox6 Gaba_4,CCN20230722_SUPT,CS20230722_SUBC_073,CCN20230722_SUBC,3,339,supertype,#3D6664,7,1023
CS20230722_SUPT_0341,0341 MEA-BST Sox6 Gaba_5,CCN20230722_SUPT,CS20230722_SUBC_073,CCN20230722_SUBC,3,340,supertype,#831FCC,7,1603
CS20230722_SUPT_0342,0342 MEA-BST Sox6 Gaba_6,CCN20230722_SUPT,CS20230722_SUBC_073,CCN20230722_SUBC,3,341,supertype,#855C99,7,1832
CS20230722_SUPT_0343,0343 MEA-BST Sox6 Gaba_7,CCN20230722_SUPT,CS20230722_SUBC_073,CCN20230722_SUBC,3,342,supertype,#4DAAFF,3,2071
CS20230722_SUPT_0344,0344 MEA-BST Sox6 Gaba_8,CCN20230722_SUPT,CS20230722_SUBC_073,CCN20230722_SUBC,3,343,supertype,#CC9100,3,332
CS20230722_SUPT_0345,0345 MEA-BST Sox6 Gaba_9,CCN20230722_SUPT,CS20230722_SUBC_073,CCN20230722_SUBC,3,344,supertype,#8F9900,3,488
CS20230722_SUPT_0346,0346 MEA-BST Sox6 Gaba_10,CCN20230722_SUPT,CS20230722_SUBC_073,CCN20230722_SUBC,3,345,supertype,#FF73AD,3,412
CS20230722_SUPT_0347,0347 MEA-BST Lhx6 Sp9 Gaba_1,CCN20230722_SUPT,CS20230722_SUBC_074,CCN20230722_SUBC,3,346,supertype,#CCBF5C,6,2609
CS20230722_SUPT_0348,0348 MEA-BST Lhx6 Sp9 Gaba_2,CCN20230722_SUPT,CS20230722_SUBC_074,CCN20230722_SUBC,3,347,supertype,#4DFF55,4,675
CS20230722_SUPT_0349,0349 MEA-BST Lhx6 Sp9 Gaba_3,CCN20230722_SUPT,CS20230722_SUBC_074,CCN20230722_SUBC,3,348,supertype,#665B3D,5,830
CS20230722_SUPT_0350,0350 MEA-BST Lhx6 Sp9 Gaba_4,CCN20230722_SUPT,CS20230722_SUBC_074,CCN20230722_SUBC,3,349,supertype,#1FCC87,4,1355
CS20230722_SUPT_0351,0351 MEA-BST Lhx6 Sp9 Gaba_5,CCN20230722_SUPT,CS20230722_SUBC_074,CCN20230722_SUBC,3,350,supertype,#26FFBA,4,1083
CS20230722_SUPT_0352,0352 MEA-BST Lhx6 Sp9 Gaba_6,CCN20230722_SUPT,CS20230722_SUBC_074,CCN20230722_SUBC,3,351,supertype,#FFCA00,2,969
CS20230722_SUPT_0353,0353 MEA-BST Lhx6 Sp9 Gaba_7,CCN20230722_SUPT,CS20230722_SUBC_074,CCN20230722_SUBC,3,352,supertype,#CC1F43,6,987
CS20230722_SUPT_0354,0354 MEA-BST Lhx6 Nr2e1 Gaba_1,CCN20230722_SUPT,CS20230722_SUBC_075,CCN20230722_SUBC,3,353,supertype,#A04DFF,4,844
CS20230722_SUPT_0355,0355 MEA-BST Lhx6 Nr2e1 Gaba_2,CCN20230722_SUPT,CS20230722_SUBC_075,CCN20230722_SUBC,3,354,supertype,#995C6A,7,2106
CS20230722_SUPT_0356,0356 MEA-BST Lhx6 Nr2e1 Gaba_3,CCN20230722_SUPT,CS20230722_SUBC_075,CCN20230722_SUBC,3,355,supertype,#FFCE4D,1,246
CS20230722_SUPT_0357,0357 MEA-BST Lhx6 Nfib Gaba_1,CCN20230722_SUPT,CS20230722_SUBC_076,CCN20230722_SUBC,3,356,supertype,#3D6656,8,1185
CS20230722_SUPT_0358,0358 MEA-BST Lhx6 Nfib Gaba_2,CCN20230722_SUPT,CS20230722_SUBC_076,CCN20230722_SUBC,3,357,supertype,#96995C,7,1734
CS20230722_SUPT_0359,0359 MEA-BST Lhx6 Nfib Gaba_3,CCN20230722_SUPT,CS20230722_SUBC_076,CCN20230722_SUBC,3,358,supertype,#FF3026,5,1225
CS20230722_SUPT_0360,0360 MEA-BST Lhx6 Nfib Gaba_4,CCN20230722_SUPT,CS20230722_SUBC_076,CCN20230722_SUBC,3,359,supertype,#A400FF,3,339
CS20230722_SUPT_0361,0361 MEA-BST Lhx6 Nfib Gaba_5,CCN20230722_SUPT,CS20230722_SUBC_076,CCN20230722_SUBC,3,360,supertype,#3D6644,7,1225
CS20230722_SUPT_0362,0362 MEA-BST Lhx6 Nfib Gaba_6,CCN20230722_SUPT,CS20230722_SUBC_076,CCN20230722_SUBC,3,361,supertype,#6F26FF,4,865
CS20230722_SUPT_0363,0363 CEA-BST Gal Avp Gaba_1,CCN20230722_SUPT,CS20230722_SUBC_077,CCN20230722_SUBC,3,362,supertype,#270099,2,389
CS20230722_SUPT_0364,0364 SI-MA-ACB Ebf1 Bnc2 Gaba_1,CCN20230722_SUPT,CS20230722_SUBC_078,CCN20230722_SUBC,3,363,supertype,#99001F,3,805
CS20230722_SUPT_0365,0365 SI-MA-ACB Ebf1 Bnc2 Gaba_2,CCN20230722_SUPT,CS20230722_SUBC_078,CCN20230722_SUBC,3,364,supertype,#664E00,4,415
CS20230722_SUPT_0366,0366 SI-MA-ACB Ebf1 Bnc2 Gaba_3,CCN20230722_SUPT,CS20230722_SUBC_078,CCN20230722_SUBC,3,365,supertype,#38662E,3,373
CS20230722_SUPT_0367,0367 CEA-BST Six3 Cyp26b1 Gaba_1,CCN20230722_SUPT,CS20230722_SUBC_079,CCN20230722_SUBC,3,366,supertype,#660F30,4,910
CS20230722_SUPT_0368,0368 CEA-BST Six3 Cyp26b1 Gaba_2,CCN20230722_SUPT,CS20230722_SUBC_079,CCN20230722_SUBC,3,367,supertype,#FF934D,5,1868
CS20230722_SUPT_0369,0369 CEA-BST Six3 Cyp26b1 Gaba_3,CCN20230722_SUPT,CS20230722_SUBC_079,CCN20230722_SUBC,3,368,supertype,#27CC00,4,591
CS20230722_SUPT_0370,0370 CEA-BST Six3 Cyp26b1 Gaba_4,CCN20230722_SUPT,CS20230722_SUBC_079,CCN20230722_SUBC,3,369,supertype,#99F7FF,4,1118
CS20230722_SUPT_0371,0371 CEA-BST Six3 Cyp26b1 Gaba_5,CCN20230722_SUPT,CS20230722_SUBC_079,CCN20230722_SUBC,3,370,supertype,#76992E,2,1004
CS20230722_SUPT_0372,0372 CEA-BST Six3 Cyp26b1 Gaba_6,CCN20230722_SUPT,CS20230722_SUBC_079,CCN20230722_SUBC,3,371,supertype,#336600,2,381
CS20230722_SUPT_0373,0373 CEA-AAA-BST Six3 Sp9 Gaba_1,CCN20230722_SUPT,CS20230722_SUBC_080,CCN20230722_SUBC,3,372,supertype,#81CC00,6,2431
CS20230722_SUPT_0374,0374 CEA-AAA-BST Six3 Sp9 Gaba_2,CCN20230722_SUPT,CS20230722_SUBC_080,CCN20230722_SUBC,3,373,supertype,#57662E,6,1969
CS20230722_SUPT_0375,0375 CEA-AAA-BST Six3 Sp9 Gaba_3,CCN20230722_SUPT,CS20230722_SUBC_080,CCN20230722_SUBC,3,374,supertype,#D673FF,3,436
CS20230722_SUPT_0376,0376 CEA-AAA-BST Six3 Sp9 Gaba_4,CCN20230722_SUPT,CS20230722_SUBC_080,CCN20230722_SUBC,3,375,supertype,#00CC81,5,859
CS20230722_SUPT_0377,0377 CEA-AAA-BST Six3 Sp9 Gaba_5,CCN20230722_SUPT,CS20230722_SUBC_080,CCN20230722_SUBC,3,376,supertype,#00FF11,1,140
CS20230722_SUPT_0378,0378 CEA-AAA-BST Six3 Sp9 Gaba_6,CCN20230722_SUPT,CS20230722_SUBC_080,CCN20230722_SUBC,3,377,supertype,#CC511F,1,120
CS20230722_SUPT_0379,0379 CEA-AAA-BST Six3 Sp9 Gaba_7,CCN20230722_SUPT,CS20230722_SUBC_080,CCN20230722_SUBC,3,378,supertype,#0093CC,1,195
CS20230722_SUPT_0380,0380 CEA-AAA-BST Six3 Sp9 Gaba_8,CCN20230722_SUPT,CS20230722_SUBC_080,CCN20230722_SUBC,3,379,supertype,#994575,2,495
CS20230722_SUPT_0381,0381 ACB-BST-FS D1 Gaba_1,CCN20230722_SUPT,CS20230722_SUBC_081,CCN20230722_SUBC,3,380,supertype,#1F664F,3,419
CS20230722_SUPT_0382,0382 ACB-BST-FS D1 Gaba_2,CCN20230722_SUPT,CS20230722_SUBC_081,CCN20230722_SUBC,3,381,supertype,#FFFB73,4,1149
CS20230722_SUPT_0383,0383 ACB-BST-FS D1 Gaba_3,CCN20230722_SUPT,CS20230722_SUBC_081,CCN20230722_SUBC,3,382,supertype,#469917,4,722
CS20230722_SUPT_0384,0384 CEA-BST Ebf1 Pdyn Gaba_1,CCN20230722_SUPT,CS20230722_SUBC_082,CCN20230722_SUBC,3,383,supertype,#005E66,3,5053
CS20230722_SUPT_0385,0385 CEA-BST Ebf1 Pdyn Gaba_2,CCN20230722_SUPT,CS20230722_SUBC_082,CCN20230722_SUBC,3,384,supertype,#FFD726,3,954
CS20230722_SUPT_0386,0386 CEA-BST Ebf1 Pdyn Gaba_3,CCN20230722_SUPT,CS20230722_SUBC_082,CCN20230722_SUBC,3,385,supertype,#269DFF,5,1434
CS20230722_SUPT_0387,0387 CEA-BST Ebf1 Pdyn Gaba_4,CCN20230722_SUPT,CS20230722_SUBC_082,CCN20230722_SUBC,3,386,supertype,#BAFF4D,3,294
CS20230722_SUPT_0388,0388 CEA-BST Ebf1 Pdyn Gaba_5,CCN20230722_SUPT,CS20230722_SUBC_082,CCN20230722_SUBC,3,387,supertype,#1FCC61,4,400
CS20230722_SUPT_0389,0389 CEA-BST Ebf1 Pdyn Gaba_6,CCN20230722_SUPT,CS20230722_SUBC_082,CCN20230722_SUBC,3,388,supertype,#66491F,2,533
CS20230722_SUPT_0390,0390 CEA-BST Ebf1 Pdyn Gaba_7,CCN20230722_SUPT,CS20230722_SUBC_082,CCN20230722_SUBC,3,389,supertype,#2D661F,1,97
CS20230722_SUPT_0391,0391 CEA-BST Ebf1 Pdyn Gaba_8,CCN20230722_SUPT,CS20230722_SUBC_082,CCN20230722_SUBC,3,390,supertype,#0051FF,2,119
CS20230722_SUPT_0392,0392 CEA-BST Rai14 Pdyn Crh Gaba_1,CCN20230722_SUPT,CS20230722_SUBC_083,CCN20230722_SUBC,3,391,supertype,#CC987A,2,267
CS20230722_SUPT_0393,0393 CEA-BST Rai14 Pdyn Crh Gaba_2,CCN20230722_SUPT,CS20230722_SUBC_083,CCN20230722_SUBC,3,392,supertype,#C4FF00,2,278
CS20230722_SUPT_0394,0394 BST-SI-AAA Six3 Slc22a3 Gaba_1,CCN20230722_SUPT,CS20230722_SUBC_084,CCN20230722_SUBC,3,393,supertype,#73FFBA,3,606
CS20230722_SUPT_0395,0395 BST-SI-AAA Six3 Slc22a3 Gaba_2,CCN20230722_SUPT,CS20230722_SUBC_084,CCN20230722_SUBC,3,394,supertype,#660F26,4,471
CS20230722_SUPT_0396,0396 SI-MPO-LPO Lhx8 Gaba_1,CCN20230722_SUPT,CS20230722_SUBC_085,CCN20230722_SUBC,3,395,supertype,#FA99FF,11,1048
CS20230722_SUPT_0397,0397 SI-MPO-LPO Lhx8 Gaba_2,CCN20230722_SUPT,CS20230722_SUBC_085,CCN20230722_SUBC,3,396,supertype,#664A0F,10,1109
CS20230722_SUPT_0398,0398 SI-MPO-LPO Lhx8 Gaba_3,CCN20230722_SUPT,CS20230722_SUBC_085,CCN20230722_SUBC,3,397,supertype,#994591,7,686
CS20230722_SUPT_0399,0399 SI-MPO-LPO Lhx8 Gaba_4,CCN20230722_SUPT,CS20230722_SUBC_085,CCN20230722_SUBC,3,398,supertype,#998200,5,507
CS20230722_SUPT_0400,0400 SI-MPO-LPO Lhx8 Gaba_5,CCN20230722_SUPT,CS20230722_SUBC_085,CCN20230722_SUBC,3,399,supertype,#006ECC,5,195
CS20230722_SUPT_0401,0401 SI-MPO-LPO Lhx8 Gaba_6,CCN20230722_SUPT,CS20230722_SUBC_085,CCN20230722_SUBC,3,400,supertype,#612E66,1,48
CS20230722_SUPT_0402,0402 MPO-ADP Lhx8 Gaba_1,CCN20230722_SUPT,CS20230722_SUBC_086,CCN20230722_SUBC,3,401,supertype,#FCFF00,3,422
CS20230722_SUPT_0403,0403 MPO-ADP Lhx8 Gaba_2,CCN20230722_SUPT,CS20230722_SUBC_086,CCN20230722_SUBC,3,402,supertype,#FFE24D,6,627
CS20230722_SUPT_0404,0404 MPO-ADP Lhx8 Gaba_3,CCN20230722_SUPT,CS20230722_SUBC_086,CCN20230722_SUBC,3,403,supertype,#6E995C,6,468
CS20230722_SUPT_0405,0405 MPO-ADP Lhx8 Gaba_4,CCN20230722_SUPT,CS20230722_SUBC_086,CCN20230722_SUBC,3,404,supertype,#003DFF,8,797
CS20230722_SUPT_0406,0406 MPO-ADP Lhx8 Gaba_5,CCN20230722_SUPT,CS20230722_SUBC_086,CCN20230722_SUBC,3,405,supertype,#FF0042,3,184
CS20230722_SUPT_0407,0407 MPN-MPO-LPO Lhx6 Zfhx3 Gaba_1,CCN20230722_SUPT,CS20230722_SUBC_087,CCN20230722_SUBC,3,406,supertype,#FF738E,6,1067
CS20230722_SUPT_0408,0408 MPN-MPO-LPO Lhx6 Zfhx3 Gaba_2,CCN20230722_SUPT,CS20230722_SUBC_087,CCN20230722_SUBC,3,407,supertype,#99BFFF,4,440
CS20230722_SUPT_0409,0409 BST Tac2 Gaba_1,CCN20230722_SUPT,CS20230722_SUBC_088,CCN20230722_SUBC,3,408,supertype,#CC3DC6,6,868
CS20230722_SUPT_0410,0410 BST Tac2 Gaba_2,CCN20230722_SUPT,CS20230722_SUBC_088,CCN20230722_SUBC,3,409,supertype,#7E9900,4,483
CS20230722_SUPT_0411,0411 PVR Six3 Sox3 Gaba_1,CCN20230722_SUPT,CS20230722_SUBC_089,CCN20230722_SUBC,3,410,supertype,#5C996B,5,740
CS20230722_SUPT_0412,0412 PVR Six3 Sox3 Gaba_2,CCN20230722_SUPT,CS20230722_SUBC_089,CCN20230722_SUBC,3,411,supertype,#6C00FF,3,783
CS20230722_SUPT_0413,0413 PVR Six3 Sox3 Gaba_3,CCN20230722_SUPT,CS20230722_SUBC_089,CCN20230722_SUBC,3,412,supertype,#AB99FF,4,443
CS20230722_SUPT_0414,0414 PVR Six3 Sox3 Gaba_4,CCN20230722_SUPT,CS20230722_SUBC_089,CCN20230722_SUBC,3,413,supertype,#5C8399,5,388
CS20230722_SUPT_0415,0415 PVR Six3 Sox3 Gaba_5,CCN20230722_SUPT,CS20230722_SUBC_089,CCN20230722_SUBC,3,414,supertype,#FF4DFC,3,361
CS20230722_SUPT_0416,0416 PVR Six3 Sox3 Gaba_6,CCN20230722_SUPT,CS20230722_SUBC_089,CCN20230722_SUBC,3,415,supertype,#459958,1,89
CS20230722_SUPT_0417,0417 PVR Six3 Sox3 Gaba_7,CCN20230722_SUPT,CS20230722_SUBC_089,CCN20230722_SUBC,3,416,supertype,#4B9900,3,244
CS20230722_SUPT_0418,0418 PVR Six3 Sox3 Gaba_8,CCN20230722_SUPT,CS20230722_SUBC_089,CCN20230722_SUBC,3,417,supertype,#160099,4,339
CS20230722_SUPT_0419,0419 PVR Six3 Sox3 Gaba_9,CCN20230722_SUPT,CS20230722_SUBC_089,CCN20230722_SUBC,3,418,supertype,#662C00,7,620
CS20230722_SUPT_0420,0420 BST-MPN Six3 Nrgn Gaba_1,CCN20230722_SUPT,CS20230722_SUBC_090,CCN20230722_SUBC,3,419,supertype,#456A99,2,526
CS20230722_SUPT_0421,0421 BST-MPN Six3 Nrgn Gaba_2,CCN20230722_SUPT,CS20230722_SUBC_090,CCN20230722_SUBC,3,420,supertype,#661F28,1,293
CS20230722_SUPT_0422,0422 BST-MPN Six3 Nrgn Gaba_3,CCN20230722_SUPT,CS20230722_SUBC_090,CCN20230722_SUBC,3,421,supertype,#009299,6,1836
CS20230722_SUPT_0423,0423 BST-MPN Six3 Nrgn Gaba_4,CCN20230722_SUPT,CS20230722_SUBC_090,CCN20230722_SUBC,3,422,supertype,#CE26FF,4,1215
CS20230722_SUPT_0424,0424 BST-MPN Six3 Nrgn Gaba_5,CCN20230722_SUPT,CS20230722_SUBC_090,CCN20230722_SUBC,3,423,supertype,#5CCC98,7,1166
CS20230722_SUPT_0425,0425 BST-MPN Six3 Nrgn Gaba_6,CCN20230722_SUPT,CS20230722_SUBC_090,CCN20230722_SUBC,3,424,supertype,#179969,7,1062
CS20230722_SUPT_0426,0426 BST-MPN Six3 Nrgn Gaba_7,CCN20230722_SUPT,CS20230722_SUBC_090,CCN20230722_SUBC,3,425,supertype,#0091FF,4,439
CS20230722_SUPT_0427,0427 ARH-PVi Six6 Dopa-Gaba_1,CCN20230722_SUPT,CS20230722_SUBC_091,CCN20230722_SUBC,3,426,supertype,#5CC2CC,3,659
CS20230722_SUPT_0428,0428 ARH-PVi Six6 Dopa-Gaba_2,CCN20230722_SUPT,CS20230722_SUBC_091,CCN20230722_SUBC,3,427,supertype,#663800,1,85
CS20230722_SUPT_0429,0429 TMv-PMv Tbx3 Hist-Gaba_1,CCN20230722_SUPT,CS20230722_SUBC_092,CCN20230722_SUBC,3,428,supertype,#3D661F,5,534
CS20230722_SUPT_0430,0430 TMv-PMv Tbx3 Hist-Gaba_2,CCN20230722_SUPT,CS20230722_SUBC_092,CCN20230722_SUBC,3,429,supertype,#2D1799,2,321
CS20230722_SUPT_0431,0431 RT-ZI Gnb3 Gaba_1,CCN20230722_SUPT,CS20230722_SUBC_093,CCN20230722_SUBC,3,430,supertype,#99FFFC,6,1597
CS20230722_SUPT_0432,0432 RT-ZI Gnb3 Gaba_2,CCN20230722_SUPT,CS20230722_SUBC_093,CCN20230722_SUBC,3,431,supertype,#93FF4D,5,2036
CS20230722_SUPT_0433,0433 RT-ZI Gnb3 Gaba_3,CCN20230722_SUPT,CS20230722_SUBC_093,CCN20230722_SUBC,3,432,supertype,#29CC1F,4,2195
CS20230722_SUPT_0434,0434 RT-ZI Gnb3 Gaba_4,CCN20230722_SUPT,CS20230722_SUBC_093,CCN20230722_SUBC,3,433,supertype,#179930,5,569
CS20230722_SUPT_0435,0435 RT-ZI Gnb3 Gaba_5,CCN20230722_SUPT,CS20230722_SUBC_093,CCN20230722_SUBC,3,434,supertype,#90995C,5,3161
CS20230722_SUPT_0436,0436 SCH Six6 Cdc14a Gaba_1,CCN20230722_SUPT,CS20230722_SUBC_094,CCN20230722_SUBC,3,435,supertype,#00FF8D,6,1772
CS20230722_SUPT_0437,0437 SCH Six6 Cdc14a Gaba_2,CCN20230722_SUPT,CS20230722_SUBC_094,CCN20230722_SUBC,3,436,supertype,#66110F,4,1688
CS20230722_SUPT_0438,0438 SCH Six6 Cdc14a Gaba_3,CCN20230722_SUPT,CS20230722_SUBC_094,CCN20230722_SUBC,3,437,supertype,#961FCC,4,845
CS20230722_SUPT_0439,0439 DMH Prdm13 Gaba_1,CCN20230722_SUPT,CS20230722_SUBC_095,CCN20230722_SUBC,3,438,supertype,#FF73EA,4,1314
CS20230722_SUPT_0440,0440 DMH Prdm13 Gaba_2,CCN20230722_SUPT,CS20230722_SUBC_095,CCN20230722_SUBC,3,439,supertype,#75995C,2,1097
CS20230722_SUPT_0441,0441 PVHd Gsc Gaba_1,CCN20230722_SUPT,CS20230722_SUBC_096,CCN20230722_SUBC,3,440,supertype,#854599,1,234
CS20230722_SUPT_0442,0442 PVHd-SBPV Six3 Prox1 Gaba_1,CCN20230722_SUPT,CS20230722_SUBC_097,CCN20230722_SUBC,3,441,supertype,#9D7ACC,7,1281
CS20230722_SUPT_0443,0443 PVHd-SBPV Six3 Prox1 Gaba_2,CCN20230722_SUPT,CS20230722_SUBC_097,CCN20230722_SUBC,3,442,supertype,#35661F,5,1723
CS20230722_SUPT_0444,0444 PVHd-SBPV Six3 Prox1 Gaba_3,CCN20230722_SUPT,CS20230722_SUBC_097,CCN20230722_SUBC,3,443,supertype,#661F47,4,1193
CS20230722_SUPT_0445,0445 PVHd-SBPV Six3 Prox1 Gaba_4,CCN20230722_SUPT,CS20230722_SUBC_097,CCN20230722_SUBC,3,444,supertype,#48663D,5,868
CS20230722_SUPT_0446,0446 AHN-SBPV-PVHd Pdrm12 Gaba_1,CCN20230722_SUPT,CS20230722_SUBC_098,CCN20230722_SUBC,3,445,supertype,#569945,4,1050
CS20230722_SUPT_0447,0447 AHN-SBPV-PVHd Pdrm12 Gaba_2,CCN20230722_SUPT,CS20230722_SUBC_098,CCN20230722_SUBC,3,446,supertype,#CCA17A,6,904
CS20230722_SUPT_0448,0448 AHN-SBPV-PVHd Pdrm12 Gaba_3,CCN20230722_SUPT,CS20230722_SUBC_098,CCN20230722_SUBC,3,447,supertype,#99FFDA,6,1978
CS20230722_SUPT_0449,0449 AHN-SBPV-PVHd Pdrm12 Gaba_4,CCN20230722_SUPT,CS20230722_SUBC_098,CCN20230722_SUBC,3,448,supertype,#CC5C6E,5,1121
CS20230722_SUPT_0450,0450 AHN-SBPV-PVHd Pdrm12 Gaba_5,CCN20230722_SUPT,CS20230722_SUBC_098,CCN20230722_SUBC,3,449,supertype,#660012,4,409
CS20230722_SUPT_0451,0451 AHN-SBPV-PVHd Pdrm12 Gaba_6,CCN20230722_SUPT,CS20230722_SUBC_098,CCN20230722_SUBC,3,450,supertype,#73FFAB,6,833
CS20230722_SUPT_0452,0452 AHN-SBPV-PVHd Pdrm12 Gaba_7,CCN20230722_SUPT,CS20230722_SUBC_098,CCN20230722_SUBC,3,451,supertype,#994017,5,789
CS20230722_SUPT_0453,0453 SBPV-PVa Six6 Satb2 Gaba_1,CCN20230722_SUPT,CS20230722_SUBC_099,CCN20230722_SUBC,3,452,supertype,#0F4B66,5,1205
CS20230722_SUPT_0454,0454 SBPV-PVa Six6 Satb2 Gaba_2,CCN20230722_SUPT,CS20230722_SUBC_099,CCN20230722_SUBC,3,453,supertype,#A7FF73,6,1205
CS20230722_SUPT_0455,0455 SBPV-PVa Six6 Satb2 Gaba_3,CCN20230722_SUPT,CS20230722_SUBC_099,CCN20230722_SUBC,3,454,supertype,#5C6F99,4,1537
CS20230722_SUPT_0456,0456 AHN Onecut3 Gaba_1,CCN20230722_SUPT,CS20230722_SUBC_100,CCN20230722_SUBC,3,455,supertype,#1FCCC0,7,1202
CS20230722_SUPT_0457,0457 AHN Onecut3 Gaba_2,CCN20230722_SUPT,CS20230722_SUBC_100,CCN20230722_SUBC,3,456,supertype,#7AB1CC,5,944
CS20230722_SUPT_0458,0458 AHN Onecut3 Gaba_3,CCN20230722_SUPT,CS20230722_SUBC_100,CCN20230722_SUBC,3,457,supertype,#036600,4,495
CS20230722_SUPT_0459,0459 ZI Pax6 Gaba_1,CCN20230722_SUPT,CS20230722_SUBC_101,CCN20230722_SUBC,3,458,supertype,#1F1799,11,1434
CS20230722_SUPT_0460,0460 ZI Pax6 Gaba_2,CCN20230722_SUPT,CS20230722_SUBC_101,CCN20230722_SUBC,3,459,supertype,#CC7A86,5,764
CS20230722_SUPT_0461,0461 ZI Pax6 Gaba_3,CCN20230722_SUPT,CS20230722_SUBC_101,CCN20230722_SUBC,3,460,supertype,#CC5A3D,9,1832
CS20230722_SUPT_0462,0462 ZI Pax6 Gaba_4,CCN20230722_SUPT,CS20230722_SUBC_101,CCN20230722_SUBC,3,461,supertype,#52660F,10,1934
CS20230722_SUPT_0463,0463 ZI Pax6 Gaba_5,CCN20230722_SUPT,CS20230722_SUBC_101,CCN20230722_SUBC,3,462,supertype,#73FF9B,3,351
CS20230722_SUPT_0464,0464 ZI Pax6 Gaba_6,CCN20230722_SUPT,CS20230722_SUBC_101,CCN20230722_SUBC,3,463,supertype,#00FF1D,6,693
CS20230722_SUPT_0465,0465 ZI Pax6 Gaba_7,CCN20230722_SUPT,CS20230722_SUBC_101,CCN20230722_SUBC,3,464,supertype,#453DCC,8,1907
CS20230722_SUPT_0466,0466 ZI Pax6 Gaba_8,CCN20230722_SUPT,CS20230722_SUBC_101,CCN20230722_SUBC,3,465,supertype,#299917,9,2979
CS20230722_SUPT_0467,0467 ZI Pax6 Gaba_9,CCN20230722_SUPT,CS20230722_SUBC_101,CCN20230722_SUBC,3,466,supertype,#99457F,4,815
CS20230722_SUPT_0468,0468 ZI Pax6 Gaba_10,CCN20230722_SUPT,CS20230722_SUBC_101,CCN20230722_SUBC,3,467,supertype,#4A1FCC,3,281
CS20230722_SUPT_0469,0469 ZI Pax6 Gaba_11,CCN20230722_SUPT,CS20230722_SUBC_101,CCN20230722_SUBC,3,468,supertype,#FFAF99,5,895
CS20230722_SUPT_0470,0470 DMH-LHA Gsx1 Gaba_1,CCN20230722_SUPT,CS20230722_SUBC_102,CCN20230722_SUBC,3,469,supertype,#7C4599,8,2101
CS20230722_SUPT_0471,0471 DMH-LHA Gsx1 Gaba_2,CCN20230722_SUPT,CS20230722_SUBC_102,CCN20230722_SUBC,3,470,supertype,#0F662C,15,2396
CS20230722_SUPT_0472,0472 DMH-LHA Gsx1 Gaba_3,CCN20230722_SUPT,CS20230722_SUBC_102,CCN20230722_SUBC,3,471,supertype,#483D66,1,707
CS20230722_SUPT_0473,0473 DMH-LHA Gsx1 Gaba_4,CCN20230722_SUPT,CS20230722_SUBC_102,CCN20230722_SUBC,3,472,supertype,#466600,3,1633
CS20230722_SUPT_0474,0474 PVHd-DMH Lhx6 Gaba_1,CCN20230722_SUPT,CS20230722_SUBC_103,CCN20230722_SUBC,3,473,supertype,#73E7FF,7,943
CS20230722_SUPT_0475,0475 PVHd-DMH Lhx6 Gaba_2,CCN20230722_SUPT,CS20230722_SUBC_103,CCN20230722_SUBC,3,474,supertype,#859945,9,1176
CS20230722_SUPT_0476,0476 PVHd-DMH Lhx6 Gaba_3,CCN20230722_SUPT,CS20230722_SUBC_103,CCN20230722_SUBC,3,475,supertype,#FF5A00,4,764
CS20230722_SUPT_0477,0477 PVHd-DMH Lhx6 Gaba_4,CCN20230722_SUPT,CS20230722_SUBC_103,CCN20230722_SUBC,3,476,supertype,#5726FF,3,348
CS20230722_SUPT_0478,0478 TU-ARH Otp Six6 Gaba_1,CCN20230722_SUPT,CS20230722_SUBC_104,CCN20230722_SUBC,3,477,supertype,#7B9945,7,2418
CS20230722_SUPT_0479,0479 TU-ARH Otp Six6 Gaba_2,CCN20230722_SUPT,CS20230722_SUBC_104,CCN20230722_SUBC,3,478,supertype,#CC2100,9,2244
CS20230722_SUPT_0480,0480 TU-ARH Otp Six6 Gaba_3,CCN20230722_SUPT,CS20230722_SUBC_104,CCN20230722_SUBC,3,479,supertype,#4F00FF,8,1821
CS20230722_SUPT_0481,0481 TMd-DMH Foxd2 Gaba_1,CCN20230722_SUPT,CS20230722_SUBC_105,CCN20230722_SUBC,3,480,supertype,#1F3666,9,2213
CS20230722_SUPT_0482,0482 PVpo-VMPO-MPN Hmx2 Gaba_1,CCN20230722_SUPT,CS20230722_SUBC_106,CCN20230722_SUBC,3,481,supertype,#DB4DFF,18,1828
CS20230722_SUPT_0483,0483 PVpo-VMPO-MPN Hmx2 Gaba_2,CCN20230722_SUPT,CS20230722_SUBC_106,CCN20230722_SUBC,3,482,supertype,#3DCCA6,16,2331
CS20230722_SUPT_0484,0484 PVpo-VMPO-MPN Hmx2 Gaba_3,CCN20230722_SUPT,CS20230722_SUBC_106,CCN20230722_SUBC,3,483,supertype,#26B4FF,6,794
CS20230722_SUPT_0485,0485 PVpo-VMPO-MPN Hmx2 Gaba_4,CCN20230722_SUPT,CS20230722_SUBC_106,CCN20230722_SUBC,3,484,supertype,#990095,2,260
CS20230722_SUPT_0486,0486 PVpo-VMPO-MPN Hmx2 Gaba_5,CCN20230722_SUPT,CS20230722_SUBC_106,CCN20230722_SUBC,3,485,supertype,#00CC8D,5,933
CS20230722_SUPT_0487,0487 DMH Hmx2 Gaba_1,CCN20230722_SUPT,CS20230722_SUBC_107,CCN20230722_SUBC,3,486,supertype,#2E8F99,11,1813
CS20230722_SUPT_0488,0488 DMH Hmx2 Gaba_2,CCN20230722_SUPT,CS20230722_SUBC_107,CCN20230722_SUBC,3,487,supertype,#994550,9,1162
CS20230722_SUPT_0489,0489 DMH Hmx2 Gaba_3,CCN20230722_SUPT,CS20230722_SUBC_107,CCN20230722_SUBC,3,488,supertype,#734599,9,1377
CS20230722_SUPT_0490,0490 DMH Hmx2 Gaba_4,CCN20230722_SUPT,CS20230722_SUBC_107,CCN20230722_SUBC,3,489,supertype,#995C5C,6,654
CS20230722_SUPT_0491,0491 DMH Hmx2 Gaba_5,CCN20230722_SUPT,CS20230722_SUBC_107,CCN20230722_SUBC,3,490,supertype,#4DFFF2,6,700
CS20230722_SUPT_0492,0492 DMH Hmx2 Gaba_6,CCN20230722_SUPT,CS20230722_SUBC_107,CCN20230722_SUBC,3,491,supertype,#738BFF,3,747
CS20230722_SUPT_0493,0493 ARH-PVp Tbx3 Gaba_1,CCN20230722_SUPT,CS20230722_SUBC_108,CCN20230722_SUBC,3,492,supertype,#FFA499,4,1054
CS20230722_SUPT_0494,0494 ARH-PVp Tbx3 Gaba_2,CCN20230722_SUPT,CS20230722_SUBC_108,CCN20230722_SUBC,3,493,supertype,#171E99,3,640
CS20230722_SUPT_0495,0495 ARH-PVp Tbx3 Gaba_3,CCN20230722_SUPT,CS20230722_SUBC_108,CCN20230722_SUBC,3,494,supertype,#B799FF,4,1460
CS20230722_SUPT_0496,0496 LGv-ZI Otx2 Gaba_1,CCN20230722_SUPT,CS20230722_SUBC_109,CCN20230722_SUBC,3,495,supertype,#AF7ACC,5,843
CS20230722_SUPT_0497,0497 LGv-ZI Otx2 Gaba_2,CCN20230722_SUPT,CS20230722_SUBC_109,CCN20230722_SUBC,3,496,supertype,#66453D,2,589
CS20230722_SUPT_0498,0498 LGv-ZI Otx2 Gaba_3,CCN20230722_SUPT,CS20230722_SUBC_109,CCN20230722_SUBC,3,497,supertype,#997F45,1,193
CS20230722_SUPT_0499,0499 LGv-ZI Otx2 Gaba_4,CCN20230722_SUPT,CS20230722_SUBC_109,CCN20230722_SUBC,3,498,supertype,#5C9199,4,1280
CS20230722_SUPT_0500,0500 LGv-ZI Otx2 Gaba_5,CCN20230722_SUPT,CS20230722_SUBC_109,CCN20230722_SUBC,3,499,supertype,#5C6299,5,2225
CS20230722_SUPT_0501,0501 BST-po Iigp1 Glut_1,CCN20230722_SUPT,CS20230722_SUBC_110,CCN20230722_SUBC,3,500,supertype,#26FFA3,1,155
CS20230722_SUPT_0502,0502 TRS-BAC Sln Glut_1,CCN20230722_SUPT,CS20230722_SUBC_111,CCN20230722_SUBC,3,501,supertype,#3D5F66,3,1038
CS20230722_SUPT_0503,0503 TRS-BAC Sln Glut_2,CCN20230722_SUPT,CS20230722_SUBC_111,CCN20230722_SUBC,3,502,supertype,#8E4599,2,156
CS20230722_SUPT_0504,0504 GPi Tbr1 Cngb3 Gaba-Glut_1,CCN20230722_SUPT,CS20230722_SUBC_112,CCN20230722_SUBC,3,503,supertype,#661F38,3,460
CS20230722_SUPT_0505,0505 MEA-COA-BMA Ccdc42 Glut_1,CCN20230722_SUPT,CS20230722_SUBC_113,CCN20230722_SUBC,3,504,supertype,#CC1FC8,6,2418
CS20230722_SUPT_0506,0506 MEA-COA-BMA Ccdc42 Glut_2,CCN20230722_SUPT,CS20230722_SUBC_113,CCN20230722_SUBC,3,505,supertype,#7F9917,1,1387
CS20230722_SUPT_0507,0507 MEA-COA-BMA Ccdc42 Glut_3,CCN20230722_SUPT,CS20230722_SUBC_113,CCN20230722_SUBC,3,506,supertype,#FF26D1,5,9599
CS20230722_SUPT_0508,0508 MEA-COA-BMA Ccdc42 Glut_4,CCN20230722_SUPT,CS20230722_SUBC_113,CCN20230722_SUBC,3,507,supertype,#BDFF99,4,1447
CS20230722_SUPT_0509,0509 COAa-PAA-MEA Barhl2 Glut_1,CCN20230722_SUPT,CS20230722_SUBC_114,CCN20230722_SUBC,3,508,supertype,#0059FF,10,4152
CS20230722_SUPT_0510,0510 COAa-PAA-MEA Barhl2 Glut_2,CCN20230722_SUPT,CS20230722_SUBC_114,CCN20230722_SUBC,3,509,supertype,#992417,3,689
CS20230722_SUPT_0511,0511 COAa-PAA-MEA Barhl2 Glut_3,CCN20230722_SUPT,CS20230722_SUBC_114,CCN20230722_SUBC,3,510,supertype,#3B992E,5,1368
CS20230722_SUPT_0512,0512 COAa-PAA-MEA Barhl2 Glut_4,CCN20230722_SUPT,CS20230722_SUBC_114,CCN20230722_SUBC,3,511,supertype,#FF4D9A,3,1002
CS20230722_SUPT_0513,0513 COAa-PAA-MEA Barhl2 Glut_5,CCN20230722_SUPT,CS20230722_SUBC_114,CCN20230722_SUBC,3,512,supertype,#663E2E,3,749
CS20230722_SUPT_0514,0514 COAa-PAA-MEA Barhl2 Glut_6,CCN20230722_SUPT,CS20230722_SUBC_114,CCN20230722_SUBC,3,513,supertype,#7973FF,3,493
CS20230722_SUPT_0515,0515 COAa-PAA-MEA Barhl2 Glut_7,CCN20230722_SUPT,CS20230722_SUBC_114,CCN20230722_SUBC,3,514,supertype,#CCC83D,8,1435
CS20230722_SUPT_0516,0516 COAa-PAA-MEA Barhl2 Glut_8,CCN20230722_SUPT,CS20230722_SUBC_114,CCN20230722_SUBC,3,515,supertype,#7ACC9F,4,164
CS20230722_SUPT_0517,0517 COAa-PAA-MEA Barhl2 Glut_9,CCN20230722_SUPT,CS20230722_SUBC_114,CCN20230722_SUBC,3,516,supertype,#CBCC7A,1,120
CS20230722_SUPT_0518,0518 MS-SF Bsx Glut_1,CCN20230722_SUPT,CS20230722_SUBC_115,CCN20230722_SUBC,3,517,supertype,#CC5C62,19,1191
CS20230722_SUPT_0519,0519 AVPV-MEPO-SFO Tbr1 Glut_1,CCN20230722_SUPT,CS20230722_SUBC_116,CCN20230722_SUBC,3,518,supertype,#663D4A,6,522
CS20230722_SUPT_0520,0520 AVPV-MEPO-SFO Tbr1 Glut_2,CCN20230722_SUPT,CS20230722_SUBC_116,CCN20230722_SUBC,3,519,supertype,#CC3D97,5,905
CS20230722_SUPT_0521,0521 AVPV-MEPO-SFO Tbr1 Glut_3,CCN20230722_SUPT,CS20230722_SUBC_116,CCN20230722_SUBC,3,520,supertype,#0200CC,8,690
CS20230722_SUPT_0522,0522 AVPV-MEPO-SFO Tbr1 Glut_4,CCN20230722_SUPT,CS20230722_SUBC_116,CCN20230722_SUBC,3,521,supertype,#99173D,4,474
CS20230722_SUPT_0523,0523 AVPV-MEPO-SFO Tbr1 Glut_5,CCN20230722_SUPT,CS20230722_SUBC_116,CCN20230722_SUBC,3,522,supertype,#2E4C66,3,202
CS20230722_SUPT_0524,0524 LHA Barhl2 Glut_1,CCN20230722_SUPT,CS20230722_SUBC_117,CCN20230722_SUBC,3,523,supertype,#5C661F,7,882
CS20230722_SUPT_0525,0525 LHA Barhl2 Glut_2,CCN20230722_SUPT,CS20230722_SUBC_117,CCN20230722_SUBC,3,524,supertype,#CC3DB6,6,489
CS20230722_SUPT_0526,0526 LHA Barhl2 Glut_3,CCN20230722_SUPT,CS20230722_SUBC_117,CCN20230722_SUBC,3,525,supertype,#B500CC,1,177
CS20230722_SUPT_0527,0527 ADP-MPO Trp73 Glut_1,CCN20230722_SUPT,CS20230722_SUBC_118,CCN20230722_SUBC,3,526,supertype,#8C5C99,8,578
CS20230722_SUPT_0528,0528 ADP-MPO Trp73 Glut_2,CCN20230722_SUPT,CS20230722_SUBC_118,CCN20230722_SUBC,3,527,supertype,#CC5CB8,8,521
CS20230722_SUPT_0529,0529 ADP-MPO Trp73 Glut_3,CCN20230722_SUPT,CS20230722_SUBC_118,CCN20230722_SUBC,3,528,supertype,#FF005E,4,235
CS20230722_SUPT_0530,0530 SI-MA-LPO-LHA Skor1 Glut_1,CCN20230722_SUPT,CS20230722_SUBC_119,CCN20230722_SUBC,3,529,supertype,#1D0066,13,1459
CS20230722_SUPT_0531,0531 SI-MA-LPO-LHA Skor1 Glut_2,CCN20230722_SUPT,CS20230722_SUBC_119,CCN20230722_SUBC,3,530,supertype,#17995A,9,1142
CS20230722_SUPT_0532,0532 SI-MA-LPO-LHA Skor1 Glut_3,CCN20230722_SUPT,CS20230722_SUBC_119,CCN20230722_SUBC,3,531,supertype,#0F5466,8,1058
CS20230722_SUPT_0533,0533 SI-MA-LPO-LHA Skor1 Glut_4,CCN20230722_SUPT,CS20230722_SUBC_119,CCN20230722_SUBC,3,532,supertype,#FF4DE9,7,688
CS20230722_SUPT_0534,0534 SI-MA-LPO-LHA Skor1 Glut_5,CCN20230722_SUPT,CS20230722_SUBC_119,CCN20230722_SUBC,3,533,supertype,#FFBB99,10,1152
CS20230722_SUPT_0535,0535 SI-MA-LPO-LHA Skor1 Glut_6,CCN20230722_SUPT,CS20230722_SUBC_119,CCN20230722_SUBC,3,534,supertype,#99B4FF,13,1165
CS20230722_SUPT_0536,0536 SI-MA-LPO-LHA Skor1 Glut_7,CCN20230722_SUPT,CS20230722_SUBC_119,CCN20230722_SUBC,3,535,supertype,#CCA93D,5,651
CS20230722_SUPT_0537,0537 SI-MA-LPO-LHA Skor1 Glut_8,CCN20230722_SUPT,CS20230722_SUBC_119,CCN20230722_SUBC,3,536,supertype,#5C660F,5,601
CS20230722_SUPT_0538,0538 MEA Otp Foxp2 Glut_1,CCN20230722_SUPT,CS20230722_SUBC_120,CCN20230722_SUBC,3,537,supertype,#4DFFCA,5,1530
CS20230722_SUPT_0539,0539 MEA-BST Otp Zic2 Glut_1,CCN20230722_SUPT,CS20230722_SUBC_121,CCN20230722_SUBC,3,538,supertype,#664300,6,442
CS20230722_SUPT_0540,0540 MEA-BST Otp Zic2 Glut_2,CCN20230722_SUPT,CS20230722_SUBC_121,CCN20230722_SUBC,3,539,supertype,#54CC00,3,829
CS20230722_SUPT_0541,0541 MEA-BST Otp Zic2 Glut_3,CCN20230722_SUPT,CS20230722_SUBC_121,CCN20230722_SUBC,3,540,supertype,#7A84CC,1,305
CS20230722_SUPT_0542,0542 LHA-MEA Otp Glut_1,CCN20230722_SUPT,CS20230722_SUBC_122,CCN20230722_SUBC,3,541,supertype,#459099,6,785
CS20230722_SUPT_0543,0543 LHA-MEA Otp Glut_2,CCN20230722_SUPT,CS20230722_SUBC_122,CCN20230722_SUBC,3,542,supertype,#997A17,1,180
CS20230722_SUPT_0544,0544 DMH Nkx2-4 Glut_1,CCN20230722_SUPT,CS20230722_SUBC_123,CCN20230722_SUBC,3,543,supertype,#947ACC,1,1056
CS20230722_SUPT_0545,0545 DMH Nkx2-4 Glut_2,CCN20230722_SUPT,CS20230722_SUBC_123,CCN20230722_SUBC,3,544,supertype,#FF0026,5,2579
CS20230722_SUPT_0546,0546 MPN-MPO-PVpo Hmx2 Glut_1,CCN20230722_SUPT,CS20230722_SUBC_124,CCN20230722_SUBC,3,545,supertype,#7ACCC3,9,1384
CS20230722_SUPT_0547,0547 MPN-MPO-PVpo Hmx2 Glut_2,CCN20230722_SUPT,CS20230722_SUBC_124,CCN20230722_SUBC,3,546,supertype,#FF262A,7,687
CS20230722_SUPT_0548,0548 MPN-MPO-PVpo Hmx2 Glut_3,CCN20230722_SUPT,CS20230722_SUBC_124,CCN20230722_SUBC,3,547,supertype,#CC009F,5,842
CS20230722_SUPT_0549,0549 MPN-MPO-PVpo Hmx2 Glut_4,CCN20230722_SUPT,CS20230722_SUBC_124,CCN20230722_SUBC,3,548,supertype,#00662A,5,732
CS20230722_SUPT_0550,0550 MPN-MPO-PVpo Hmx2 Glut_5,CCN20230722_SUPT,CS20230722_SUBC_124,CCN20230722_SUBC,3,549,supertype,#5A0F66,3,583
CS20230722_SUPT_0551,0551 MPN-MPO-PVpo Hmx2 Glut_6,CCN20230722_SUPT,CS20230722_SUBC_124,CCN20230722_SUBC,3,550,supertype,#FF8F26,3,403
CS20230722_SUPT_0552,0552 DMH Hmx2 Glut_1,CCN20230722_SUPT,CS20230722_SUBC_125,CCN20230722_SUBC,3,551,supertype,#454F99,9,2014
CS20230722_SUPT_0553,0553 DMH Hmx2 Glut_2,CCN20230722_SUPT,CS20230722_SUBC_125,CCN20230722_SUBC,3,552,supertype,#001066,2,331
CS20230722_SUPT_0554,0554 ARH-PVp Tbx3 Glut_1,CCN20230722_SUPT,CS20230722_SUBC_126,CCN20230722_SUBC,3,553,supertype,#FF00EA,4,855
CS20230722_SUPT_0555,0555 ARH-PVp Tbx3 Glut_2,CCN20230722_SUPT,CS20230722_SUBC_126,CCN20230722_SUBC,3,554,supertype,#75CC1F,3,1364
CS20230722_SUPT_0556,0556 ARH-PVp Tbx3 Glut_3,CCN20230722_SUPT,CS20230722_SUBC_126,CCN20230722_SUBC,3,555,supertype,#660060,2,1362
CS20230722_SUPT_0557,0557 ARH-PVp Tbx3 Glut_4,CCN20230722_SUPT,CS20230722_SUBC_126,CCN20230722_SUBC,3,556,supertype,#8CFF00,1,246
CS20230722_SUPT_0558,0558 ARH-PVp Tbx3 Glut_5,CCN20230722_SUPT,CS20230722_SUBC_126,CCN20230722_SUBC,3,557,supertype,#67995C,1,282
CS20230722_SUPT_0559,0559 DMH-LHA Vgll2 Glut_1,CCN20230722_SUPT,CS20230722_SUBC_127,CCN20230722_SUBC,3,558,supertype,#5A2E66,1,42
CS20230722_SUPT_0560,0560 DMH-LHA Vgll2 Glut_2,CCN20230722_SUPT,CS20230722_SUBC_127,CCN20230722_SUBC,3,559,supertype,#44663D,1,158
CS20230722_SUPT_0561,0561 DMH-LHA Vgll2 Glut_3,CCN20230722_SUPT,CS20230722_SUBC_127,CCN20230722_SUBC,3,560,supertype,#997A5C,2,169
CS20230722_SUPT_0562,0562 DMH-LHA Vgll2 Glut_4,CCN20230722_SUPT,CS20230722_SUBC_127,CCN20230722_SUBC,3,561,supertype,#995F5C,1,514
CS20230722_SUPT_0563,0563 VMH Fezf1 Glut_1,CCN20230722_SUPT,CS20230722_SUBC_128,CCN20230722_SUBC,3,562,supertype,#2E6636,4,963
CS20230722_SUPT_0564,0564 VMH Fezf1 Glut_2,CCN20230722_SUPT,CS20230722_SUBC_128,CCN20230722_SUBC,3,563,supertype,#66312E,4,959
CS20230722_SUPT_0565,0565 VMH Fezf1 Glut_3,CCN20230722_SUPT,CS20230722_SUBC_128,CCN20230722_SUBC,3,564,supertype,#38FF00,3,619
CS20230722_SUPT_0566,0566 VMH Nr5a1 Glut_1,CCN20230722_SUPT,CS20230722_SUBC_129,CCN20230722_SUBC,3,565,supertype,#C75CCC,5,1079
CS20230722_SUPT_0567,0567 VMH Nr5a1 Glut_2,CCN20230722_SUPT,CS20230722_SUBC_129,CCN20230722_SUBC,3,566,supertype,#006609,4,1038
CS20230722_SUPT_0568,0568 VMH Nr5a1 Glut_3,CCN20230722_SUPT,CS20230722_SUBC_129,CCN20230722_SUBC,3,567,supertype,#00CCB9,4,2817
CS20230722_SUPT_0569,0569 VMH Nr5a1 Glut_4,CCN20230722_SUPT,CS20230722_SUBC_129,CCN20230722_SUBC,3,568,supertype,#089900,3,1259
CS20230722_SUPT_0570,0570 VMH Nr5a1 Glut_5,CCN20230722_SUPT,CS20230722_SUBC_129,CCN20230722_SUBC,3,569,supertype,#FF4826,2,1446
CS20230722_SUPT_0571,0571 VMH Nr5a1 Glut_6,CCN20230722_SUPT,CS20230722_SUBC_129,CCN20230722_SUBC,3,570,supertype,#0075FF,1,172
CS20230722_SUPT_0572,0572 LHA Pmch Glut_1,CCN20230722_SUPT,CS20230722_SUBC_130,CCN20230722_SUBC,3,571,supertype,#1F663F,3,439
CS20230722_SUPT_0573,0573 LHA Pmch Glut_2,CCN20230722_SUPT,CS20230722_SUBC_130,CCN20230722_SUBC,3,572,supertype,#CCB83D,2,407
CS20230722_SUPT_0574,0574 LHA-AHN-PVH Otp Trh Glut_1,CCN20230722_SUPT,CS20230722_SUBC_131,CCN20230722_SUBC,3,573,supertype,#1F6630,5,515
CS20230722_SUPT_0575,0575 LHA-AHN-PVH Otp Trh Glut_2,CCN20230722_SUPT,CS20230722_SUBC_131,CCN20230722_SUBC,3,574,supertype,#3D5B66,4,715
CS20230722_SUPT_0576,0576 LHA-AHN-PVH Otp Trh Glut_3,CCN20230722_SUPT,CS20230722_SUBC_131,CCN20230722_SUBC,3,575,supertype,#604599,3,617
CS20230722_SUPT_0577,0577 LHA-AHN-PVH Otp Trh Glut_4,CCN20230722_SUPT,CS20230722_SUBC_131,CCN20230722_SUBC,3,576,supertype,#739AFF,2,313
CS20230722_SUPT_0578,0578 LHA-AHN-PVH Otp Trh Glut_5,CCN20230722_SUPT,CS20230722_SUBC_131,CCN20230722_SUBC,3,577,supertype,#2E3D99,1,207
CS20230722_SUPT_0579,0579 AHN-RCH-LHA Otp Fezf1 Glut_1,CCN20230722_SUPT,CS20230722_SUBC_132,CCN20230722_SUBC,3,578,supertype,#992D00,5,483
CS20230722_SUPT_0580,0580 AHN-RCH-LHA Otp Fezf1 Glut_2,CCN20230722_SUPT,CS20230722_SUBC_132,CCN20230722_SUBC,3,579,supertype,#99455A,7,1718
CS20230722_SUPT_0581,0581 AHN-RCH-LHA Otp Fezf1 Glut_3,CCN20230722_SUPT,CS20230722_SUBC_132,CCN20230722_SUBC,3,580,supertype,#99955C,4,1042
CS20230722_SUPT_0582,0582 AHN-RCH-LHA Otp Fezf1 Glut_4,CCN20230722_SUPT,CS20230722_SUBC_132,CCN20230722_SUBC,3,581,supertype,#CC8F7A,4,401
CS20230722_SUPT_0583,0583 AHN-RCH-LHA Otp Fezf1 Glut_5,CCN20230722_SUPT,CS20230722_SUBC_132,CCN20230722_SUBC,3,582,supertype,#23660F,1,164
CS20230722_SUPT_0584,0584 AHN-RCH-LHA Otp Fezf1 Glut_6,CCN20230722_SUPT,CS20230722_SUBC_132,CCN20230722_SUBC,3,583,supertype,#CC7A98,3,440
CS20230722_SUPT_0585,0585 PVH-SO-PVa Otp Glut_1,CCN20230722_SUPT,CS20230722_SUBC_133,CCN20230722_SUBC,3,584,supertype,#003266,5,645
CS20230722_SUPT_0586,0586 PVH-SO-PVa Otp Glut_2,CCN20230722_SUPT,CS20230722_SUBC_133,CCN20230722_SUBC,3,585,supertype,#00C8CC,6,744
CS20230722_SUPT_0587,0587 PVH-SO-PVa Otp Glut_3,CCN20230722_SUPT,CS20230722_SUBC_133,CCN20230722_SUBC,3,586,supertype,#63663D,4,2093
CS20230722_SUPT_0588,0588 PVH-SO-PVa Otp Glut_4,CCN20230722_SUPT,CS20230722_SUBC_133,CCN20230722_SUBC,3,587,supertype,#A6FF4D,3,1805
CS20230722_SUPT_0589,0589 PVH-SO-PVa Otp Glut_5,CCN20230722_SUPT,CS20230722_SUBC_133,CCN20230722_SUBC,3,588,supertype,#FF73CB,3,845
CS20230722_SUPT_0590,0590 PVH-SO-PVa Otp Glut_6,CCN20230722_SUPT,CS20230722_SUBC_133,CCN20230722_SUBC,3,589,supertype,#827ACC,2,258
CS20230722_SUPT_0591,0591 PH-ant-LHA Otp Bsx Glut_1,CCN20230722_SUPT,CS20230722_SUBC_134,CCN20230722_SUBC,3,590,supertype,#995C8B,8,1075
CS20230722_SUPT_0592,0592 PH-ant-LHA Otp Bsx Glut_2,CCN20230722_SUPT,CS20230722_SUBC_134,CCN20230722_SUBC,3,591,supertype,#FFDC73,6,666
CS20230722_SUPT_0593,0593 PH-ant-LHA Otp Bsx Glut_3,CCN20230722_SUPT,CS20230722_SUBC_134,CCN20230722_SUBC,3,592,supertype,#66291F,6,911
CS20230722_SUPT_0594,0594 PH-ant-LHA Otp Bsx Glut_4,CCN20230722_SUPT,CS20230722_SUBC_134,CCN20230722_SUBC,3,593,supertype,#5D5C99,6,1206
CS20230722_SUPT_0595,0595 PH-ant-LHA Otp Bsx Glut_5,CCN20230722_SUPT,CS20230722_SUBC_134,CCN20230722_SUBC,3,594,supertype,#3D665B,7,1167
CS20230722_SUPT_0596,0596 PH-ant-LHA Otp Bsx Glut_6,CCN20230722_SUPT,CS20230722_SUBC_134,CCN20230722_SUBC,3,595,supertype,#97CC00,3,342
CS20230722_SUPT_0597,0597 PH-ant-LHA Otp Bsx Glut_7,CCN20230722_SUPT,CS20230722_SUBC_134,CCN20230722_SUBC,3,596,supertype,#4DFF90,6,1045
CS20230722_SUPT_0598,0598 STN-PSTN Pitx2 Glut_1,CCN20230722_SUPT,CS20230722_SUBC_135,CCN20230722_SUBC,3,597,supertype,#BB5CCC,7,1242
CS20230722_SUPT_0599,0599 STN-PSTN Pitx2 Glut_2,CCN20230722_SUPT,CS20230722_SUBC_135,CCN20230722_SUBC,3,598,supertype,#81992E,6,709
CS20230722_SUPT_0600,0600 STN-PSTN Pitx2 Glut_3,CCN20230722_SUPT,CS20230722_SUBC_135,CCN20230722_SUBC,3,599,supertype,#CCBE00,6,971
CS20230722_SUPT_0601,0601 STN-PSTN Pitx2 Glut_4,CCN20230722_SUPT,CS20230722_SUBC_135,CCN20230722_SUBC,3,600,supertype,#661F5F,5,1090
CS20230722_SUPT_0602,0602 STN-PSTN Pitx2 Glut_5,CCN20230722_SUPT,CS20230722_SUBC_135,CCN20230722_SUBC,3,601,supertype,#98FF26,4,1282
CS20230722_SUPT_0603,0603 STN-PSTN Pitx2 Glut_6,CCN20230722_SUPT,CS20230722_SUBC_135,CCN20230722_SUBC,3,602,supertype,#00994C,2,433
CS20230722_SUPT_0604,0604 STN-PSTN Pitx2 Glut_7,CCN20230722_SUPT,CS20230722_SUBC_135,CCN20230722_SUBC,3,603,supertype,#0F2E66,1,249
CS20230722_SUPT_0605,0605 PMv-TMv Pitx2 Glut_1,CCN20230722_SUPT,CS20230722_SUBC_136,CCN20230722_SUBC,3,604,supertype,#66581F,5,1202
CS20230722_SUPT_0606,0606 PMv-TMv Pitx2 Glut_2,CCN20230722_SUPT,CS20230722_SUBC_136,CCN20230722_SUBC,3,605,supertype,#00C9FF,4,385
CS20230722_SUPT_0607,0607 PMv-TMv Pitx2 Glut_3,CCN20230722_SUPT,CS20230722_SUBC_136,CCN20230722_SUBC,3,606,supertype,#2E3F66,5,1165
CS20230722_SUPT_0608,0608 PH-an Pitx2 Glut_1,CCN20230722_SUPT,CS20230722_SUBC_137,CCN20230722_SUBC,3,607,supertype,#660B00,2,501
CS20230722_SUPT_0609,0609 PH-an Pitx2 Glut_2,CCN20230722_SUPT,CS20230722_SUBC_137,CCN20230722_SUBC,3,608,supertype,#457499,5,470
CS20230722_SUPT_0610,0610 PH Pitx2 Glut_1,CCN20230722_SUPT,CS20230722_SUBC_138,CCN20230722_SUBC,3,609,supertype,#66562E,4,584
CS20230722_SUPT_0611,0611 PH Pitx2 Glut_2,CCN20230722_SUPT,CS20230722_SUBC_138,CCN20230722_SUBC,3,610,supertype,#00CC49,13,1602
CS20230722_SUPT_0612,0612 PH-LHA Foxb1 Glut_1,CCN20230722_SUPT,CS20230722_SUBC_139,CCN20230722_SUBC,3,611,supertype,#C74DFF,7,736
CS20230722_SUPT_0613,0613 PH-LHA Foxb1 Glut_2,CCN20230722_SUPT,CS20230722_SUBC_139,CCN20230722_SUBC,3,612,supertype,#4C661F,4,476
CS20230722_SUPT_0614,0614 PH-LHA Foxb1 Glut_3,CCN20230722_SUPT,CS20230722_SUBC_139,CCN20230722_SUBC,3,613,supertype,#3D6640,6,1131
CS20230722_SUPT_0615,0615 PH-LHA Foxb1 Glut_4,CCN20230722_SUPT,CS20230722_SUBC_139,CCN20230722_SUBC,3,614,supertype,#73FFE8,2,177
CS20230722_SUPT_0616,0616 PH-LHA Foxb1 Glut_5,CCN20230722_SUPT,CS20230722_SUBC_139,CCN20230722_SUBC,3,615,supertype,#5C6CCC,2,289
CS20230722_SUPT_0617,0617 PH-LHA Foxb1 Glut_6,CCN20230722_SUPT,CS20230722_SUBC_139,CCN20230722_SUBC,3,616,supertype,#4DFFDE,1,319
CS20230722_SUPT_0618,0618 PH-LHA Foxb1 Glut_7,CCN20230722_SUPT,CS20230722_SUBC_139,CCN20230722_SUBC,3,617,supertype,#5C9799,2,393
CS20230722_SUPT_0619,0619 PMd-LHA Foxb1 Glut_1,CCN20230722_SUPT,CS20230722_SUBC_140,CCN20230722_SUBC,3,618,supertype,#66411F,2,237
CS20230722_SUPT_0620,0620 PMd-LHA Foxb1 Glut_2,CCN20230722_SUPT,CS20230722_SUBC_140,CCN20230722_SUBC,3,619,supertype,#A7CC7A,9,1488
CS20230722_SUPT_0621,0621 PMd-LHA Foxb1 Glut_3,CCN20230722_SUPT,CS20230722_SUBC_140,CCN20230722_SUBC,3,620,supertype,#2E6649,3,416
CS20230722_SUPT_0622,0622 PH-SUM Foxa1 Glut_1,CCN20230722_SUPT,CS20230722_SUBC_141,CCN20230722_SUBC,3,621,supertype,#994F17,4,365
CS20230722_SUPT_0623,0623 PH-SUM Foxa1 Glut_2,CCN20230722_SUPT,CS20230722_SUBC_141,CCN20230722_SUBC,3,622,supertype,#3DCC67,3,371
CS20230722_SUPT_0624,0624 PH-SUM Foxa1 Glut_3,CCN20230722_SUPT,CS20230722_SUBC_141,CCN20230722_SUBC,3,623,supertype,#996D5C,7,680
CS20230722_SUPT_0625,0625 PH-SUM Foxa1 Glut_4,CCN20230722_SUPT,CS20230722_SUBC_141,CCN20230722_SUBC,3,624,supertype,#2E664F,2,194
CS20230722_SUPT_0626,0626 PH-SUM Foxa1 Glut_5,CCN20230722_SUPT,CS20230722_SUBC_141,CCN20230722_SUBC,3,625,supertype,#9ECC7A,6,808
CS20230722_SUPT_0627,0627 PH-SUM Foxa1 Glut_6,CCN20230722_SUPT,CS20230722_SUBC_141,CCN20230722_SUBC,3,626,supertype,#995145,6,801
CS20230722_SUPT_0628,0628 HY Gnrh1 Glut_1,CCN20230722_SUPT,CS20230722_SUBC_142,CCN20230722_SUBC,3,627,supertype,#B626FF,1,191
CS20230722_SUPT_0629,0629 MM-ant Foxb1 Glut_1,CCN20230722_SUPT,CS20230722_SUBC_143,CCN20230722_SUBC,3,628,supertype,#C23DCC,6,5451
CS20230722_SUPT_0630,0630 MM Foxb1 Glut_1,CCN20230722_SUPT,CS20230722_SUBC_144,CCN20230722_SUBC,3,629,supertype,#1F6647,3,3013
CS20230722_SUPT_0631,0631 MM Foxb1 Glut_2,CCN20230722_SUPT,CS20230722_SUBC_144,CCN20230722_SUBC,3,630,supertype,#660034,4,5266
CS20230722_SUPT_0632,0632 MH Tac2 Glut_1,CCN20230722_SUPT,CS20230722_SUBC_145,CCN20230722_SUBC,3,631,supertype,#701FCC,4,2324
CS20230722_SUPT_0633,0633 MH Tac2 Glut_2,CCN20230722_SUPT,CS20230722_SUBC_145,CCN20230722_SUBC,3,632,supertype,#661F30,5,878
CS20230722_SUPT_0634,0634 MH Tac2 Glut_3,CCN20230722_SUPT,CS20230722_SUBC_145,CCN20230722_SUBC,3,633,supertype,#1700FF,7,4331
CS20230722_SUPT_0635,0635 MH Tac2 Glut_4,CCN20230722_SUPT,CS20230722_SUBC_145,CCN20230722_SUBC,3,634,supertype,#C8FF99,2,148
CS20230722_SUPT_0636,0636 MH Tac2 Glut_5,CCN20230722_SUPT,CS20230722_SUBC_145,CCN20230722_SUBC,3,635,supertype,#FF0096,3,322
CS20230722_SUPT_0637,0637 LH Pou4f1 Sox1 Glut_1,CCN20230722_SUPT,CS20230722_SUBC_146,CCN20230722_SUBC,3,636,supertype,#CC7AA1,2,1298
CS20230722_SUPT_0638,0638 LH Pou4f1 Sox1 Glut_2,CCN20230722_SUPT,CS20230722_SUBC_146,CCN20230722_SUBC,3,637,supertype,#5C9980,5,650
CS20230722_SUPT_0639,0639 LH Pou4f1 Sox1 Glut_3,CCN20230722_SUPT,CS20230722_SUBC_146,CCN20230722_SUBC,3,638,supertype,#003E99,3,511
CS20230722_SUPT_0640,0640 LH Pou4f1 Sox1 Glut_4,CCN20230722_SUPT,CS20230722_SUBC_146,CCN20230722_SUBC,3,639,supertype,#007099,4,308
CS20230722_SUPT_0641,0641 AD Serpinb7 Glut_1,CCN20230722_SUPT,CS20230722_SUBC_147,CCN20230722_SUBC,3,640,supertype,#3D4066,2,720
CS20230722_SUPT_0642,0642 AV Col27a1 Glut_1,CCN20230722_SUPT,CS20230722_SUBC_148,CCN20230722_SUBC,3,641,supertype,#990C00,2,7531
CS20230722_SUPT_0643,0643 PVT-PT Ntrk1 Glut_1,CCN20230722_SUPT,CS20230722_SUBC_149,CCN20230722_SUBC,3,642,supertype,#FF26B9,3,665
CS20230722_SUPT_0644,0644 PVT-PT Ntrk1 Glut_2,CCN20230722_SUPT,CS20230722_SUBC_149,CCN20230722_SUBC,3,643,supertype,#FFEB73,4,5520
CS20230722_SUPT_0645,0645 PVT-PT Ntrk1 Glut_3,CCN20230722_SUPT,CS20230722_SUBC_149,CCN20230722_SUBC,3,644,supertype,#1F8CCC,3,1320
CS20230722_SUPT_0646,0646 PVT-PT Ntrk1 Glut_4,CCN20230722_SUPT,CS20230722_SUBC_149,CCN20230722_SUBC,3,645,supertype,#FFBA4D,3,1937
CS20230722_SUPT_0647,0647 PVT-PT Ntrk1 Glut_5,CCN20230722_SUPT,CS20230722_SUBC_149,CCN20230722_SUBC,3,646,supertype,#5C9900,2,645
CS20230722_SUPT_0648,0648 PVT-PT Ntrk1 Glut_6,CCN20230722_SUPT,CS20230722_SUBC_149,CCN20230722_SUBC,3,647,supertype,#995A45,1,171
CS20230722_SUPT_0649,0649 CM-IAD-CL-PCN Sema5b Glut_1,CCN20230722_SUPT,CS20230722_SUBC_150,CCN20230722_SUBC,3,648,supertype,#FF99C1,4,5604
CS20230722_SUPT_0650,0650 CM-IAD-CL-PCN Sema5b Glut_2,CCN20230722_SUPT,CS20230722_SUBC_150,CCN20230722_SUBC,3,649,supertype,#2E663D,3,3169
CS20230722_SUPT_0651,0651 CM-IAD-CL-PCN Sema5b Glut_3,CCN20230722_SUPT,CS20230722_SUBC_150,CCN20230722_SUBC,3,650,supertype,#7ACCB1,3,813
CS20230722_SUPT_0652,0652 CM-IAD-CL-PCN Sema5b Glut_4,CCN20230722_SUPT,CS20230722_SUBC_150,CCN20230722_SUBC,3,651,supertype,#CC7D7A,3,3447
CS20230722_SUPT_0653,0653 CM-IAD-CL-PCN Sema5b Glut_5,CCN20230722_SUPT,CS20230722_SUBC_150,CCN20230722_SUBC,3,652,supertype,#CC0A00,2,571
CS20230722_SUPT_0654,0654 TH Prkcd Grin2c Glut_1,CCN20230722_SUPT,CS20230722_SUBC_151,CCN20230722_SUBC,3,653,supertype,#00CC33,2,7731
CS20230722_SUPT_0655,0655 TH Prkcd Grin2c Glut_2,CCN20230722_SUPT,CS20230722_SUBC_151,CCN20230722_SUBC,3,654,supertype,#0F6652,1,8341
CS20230722_SUPT_0656,0656 TH Prkcd Grin2c Glut_3,CCN20230722_SUPT,CS20230722_SUBC_151,CCN20230722_SUBC,3,655,supertype,#A67ACC,2,11280
CS20230722_SUPT_0657,0657 TH Prkcd Grin2c Glut_4,CCN20230722_SUPT,CS20230722_SUBC_151,CCN20230722_SUBC,3,656,supertype,#CC7ABC,2,1474
CS20230722_SUPT_0658,0658 TH Prkcd Grin2c Glut_5,CCN20230722_SUPT,CS20230722_SUBC_151,CCN20230722_SUBC,3,657,supertype,#66311F,4,5602
CS20230722_SUPT_0659,0659 TH Prkcd Grin2c Glut_6,CCN20230722_SUPT,CS20230722_SUBC_151,CCN20230722_SUBC,3,658,supertype,#4DBEFF,6,10742
CS20230722_SUPT_0660,0660 TH Prkcd Grin2c Glut_7,CCN20230722_SUPT,CS20230722_SUBC_151,CCN20230722_SUBC,3,659,supertype,#5A3D66,3,2983
CS20230722_SUPT_0661,0661 TH Prkcd Grin2c Glut_8,CCN20230722_SUPT,CS20230722_SUBC_151,CCN20230722_SUBC,3,660,supertype,#FF5F26,6,4713
CS20230722_SUPT_0662,0662 TH Prkcd Grin2c Glut_9,CCN20230722_SUPT,CS20230722_SUBC_151,CCN20230722_SUBC,3,661,supertype,#42CC3D,3,2900
CS20230722_SUPT_0663,0663 TH Prkcd Grin2c Glut_10,CCN20230722_SUPT,CS20230722_SUBC_151,CCN20230722_SUBC,3,662,supertype,#FFBD73,2,4309
CS20230722_SUPT_0664,0664 TH Prkcd Grin2c Glut_11,CCN20230722_SUPT,CS20230722_SUBC_151,CCN20230722_SUBC,3,663,supertype,#9E26FF,2,1910
CS20230722_SUPT_0665,0665 TH Prkcd Grin2c Glut_12,CCN20230722_SUPT,CS20230722_SUBC_151,CCN20230722_SUBC,3,664,supertype,#89995C,2,1599
CS20230722_SUPT_0666,0666 TH Prkcd Grin2c Glut_13,CCN20230722_SUPT,CS20230722_SUBC_151,CCN20230722_SUBC,3,665,supertype,#543DCC,5,3110
CS20230722_SUPT_0667,0667 TH Prkcd Grin2c Glut_14,CCN20230722_SUPT,CS20230722_SUBC_151,CCN20230722_SUBC,3,666,supertype,#CC1FA2,2,1786
CS20230722_SUPT_0668,0668 RE-Xi Nox4 Glut_1,CCN20230722_SUPT,CS20230722_SUBC_152,CCN20230722_SUBC,3,667,supertype,#7AC3CC,4,1501
CS20230722_SUPT_0669,0669 RE-Xi Nox4 Glut_2,CCN20230722_SUPT,CS20230722_SUBC_152,CCN20230722_SUBC,3,668,supertype,#73FFF8,4,2124
CS20230722_SUPT_0670,0670 RE-Xi Nox4 Glut_3,CCN20230722_SUPT,CS20230722_SUBC_152,CCN20230722_SUBC,3,669,supertype,#CC993D,5,2159
CS20230722_SUPT_0671,0671 RE-Xi Nox4 Glut_4,CCN20230722_SUPT,CS20230722_SUBC_152,CCN20230722_SUBC,3,670,supertype,#991720,1,186
CS20230722_SUPT_0672,0672 MG-POL-SGN Nts Glut_1,CCN20230722_SUPT,CS20230722_SUBC_153,CCN20230722_SUBC,3,671,supertype,#CC1F7C,3,1457
CS20230722_SUPT_0673,0673 MG-POL-SGN Nts Glut_2,CCN20230722_SUPT,CS20230722_SUBC_153,CCN20230722_SUBC,3,672,supertype,#0E6600,3,593
CS20230722_SUPT_0674,0674 PF Fzd5 Glut_1,CCN20230722_SUPT,CS20230722_SUBC_154,CCN20230722_SUBC,3,673,supertype,#99472E,10,3653
CS20230722_SUPT_0675,0675 PF Fzd5 Glut_2,CCN20230722_SUPT,CS20230722_SUBC_154,CCN20230722_SUBC,3,674,supertype,#454599,6,3135
CS20230722_SUPT_0676,0676 PRC-PAG Pax6 Glut_1,CCN20230722_SUPT,CS20230722_SUBC_155,CCN20230722_SUBC,3,675,supertype,#CC1FB5,7,564
CS20230722_SUPT_0677,0677 PRC-PAG Pax6 Glut_2,CCN20230722_SUPT,CS20230722_SUBC_155,CCN20230722_SUBC,3,676,supertype,#99ECFF,8,775
CS20230722_SUPT_0678,0678 PRC-PAG Pax6 Glut_3,CCN20230722_SUPT,CS20230722_SUBC_155,CCN20230722_SUBC,3,677,supertype,#FF4D82,7,505
CS20230722_SUPT_0679,0679 PRC-PAG Pax6 Glut_4,CCN20230722_SUPT,CS20230722_SUBC_155,CCN20230722_SUBC,3,678,supertype,#FFD073,3,189
CS20230722_SUPT_0680,0680 PRC-PAG Pax6 Glut_5,CCN20230722_SUPT,CS20230722_SUBC_155,CCN20230722_SUBC,3,679,supertype,#996345,1,312
CS20230722_SUPT_0681,0681 MB-ant-ve Dmrta2 Glut_1,CCN20230722_SUPT,CS20230722_SUBC_156,CCN20230722_SUBC,3,680,supertype,#176599,9,573
CS20230722_SUPT_0682,0682 RN Spp1 Glut_1,CCN20230722_SUPT,CS20230722_SUBC_157,CCN20230722_SUBC,3,681,supertype,#BA1FCC,1,48
CS20230722_SUPT_0683,0683 MRN-PAG Nkx6-1 Glut_1,CCN20230722_SUPT,CS20230722_SUBC_158,CCN20230722_SUBC,3,682,supertype,#73CA00,3,208
CS20230722_SUPT_0684,0684 MRN-PAG Nkx6-1 Glut_2,CCN20230722_SUPT,CS20230722_SUBC_158,CCN20230722_SUBC,3,683,supertype,#1F3FCC,2,141
CS20230722_SUPT_0685,0685 IF-RL-CLI-PAG Foxa1 Glut_1,CCN20230722_SUPT,CS20230722_SUBC_159,CCN20230722_SUBC,3,684,supertype,#CC5C87,5,499
CS20230722_SUPT_0686,0686 IF-RL-CLI-PAG Foxa1 Glut_2,CCN20230722_SUPT,CS20230722_SUBC_159,CCN20230722_SUBC,3,685,supertype,#99004E,3,492
CS20230722_SUPT_0687,0687 IF-RL-CLI-PAG Foxa1 Glut_3,CCN20230722_SUPT,CS20230722_SUBC_159,CCN20230722_SUBC,3,686,supertype,#FF6C4D,3,256
CS20230722_SUPT_0688,0688 IF-RL-CLI-PAG Foxa1 Glut_4,CCN20230722_SUPT,CS20230722_SUBC_159,CCN20230722_SUBC,3,687,supertype,#CD99FF,2,532
CS20230722_SUPT_0689,0689 IF-RL-CLI-PAG Foxa1 Glut_5,CCN20230722_SUPT,CS20230722_SUBC_159,CCN20230722_SUBC,3,688,supertype,#2E9997,1,106
CS20230722_SUPT_0690,0690 PAG-SC Neurod2 Meis2 Glut_1,CCN20230722_SUPT,CS20230722_SUBC_160,CCN20230722_SUBC,3,689,supertype,#995C63,5,814
CS20230722_SUPT_0691,0691 PAG-SC Neurod2 Meis2 Glut_2,CCN20230722_SUPT,CS20230722_SUBC_160,CCN20230722_SUBC,3,690,supertype,#996000,4,480
CS20230722_SUPT_0692,0692 PAG-SC Neurod2 Meis2 Glut_3,CCN20230722_SUPT,CS20230722_SUBC_160,CCN20230722_SUBC,3,691,supertype,#68f9d3,1,97
CS20230722_SUPT_0693,0693 PAG-SC Neurod2 Meis2 Glut_4,CCN20230722_SUPT,CS20230722_SUBC_160,CCN20230722_SUBC,3,692,supertype,#491799,7,1082
CS20230722_SUPT_0694,0694 PAG Pou4f3 Glut_1,CCN20230722_SUPT,CS20230722_SUBC_161,CCN20230722_SUBC,3,693,supertype,#f76ad1,10,2267
CS20230722_SUPT_0695,0695 PAG Pou4f3 Glut_2,CCN20230722_SUPT,CS20230722_SUBC_161,CCN20230722_SUBC,3,694,supertype,#458699,3,760
CS20230722_SUPT_0696,0696 PAG Pou4f3 Glut_3,CCN20230722_SUPT,CS20230722_SUBC_161,CCN20230722_SUBC,3,695,supertype,#EEFF73,2,123
CS20230722_SUPT_0697,0697 CUN Evx2 Lhx2 Glut_1,CCN20230722_SUPT,CS20230722_SUBC_162,CCN20230722_SUBC,3,696,supertype,#5C5CCC,6,466
CS20230722_SUPT_0698,0698 CUN Evx2 Lhx2 Glut_2,CCN20230722_SUPT,CS20230722_SUBC_162,CCN20230722_SUBC,3,697,supertype,#CC0002,7,798
CS20230722_SUPT_0699,0699 CUN Evx2 Lhx2 Glut_3,CCN20230722_SUPT,CS20230722_SUBC_162,CCN20230722_SUBC,3,698,supertype,#461F66,6,299
CS20230722_SUPT_0700,0700 CUN Evx2 Lhx2 Glut_4,CCN20230722_SUPT,CS20230722_SUBC_162,CCN20230722_SUBC,3,699,supertype,#CC7AAA,5,515
CS20230722_SUPT_0701,0701 CUN Evx2 Lhx2 Glut_5,CCN20230722_SUPT,CS20230722_SUBC_162,CCN20230722_SUBC,3,700,supertype,#FF265A,4,239
CS20230722_SUPT_0702,0702 APN C1ql2 Glut_1,CCN20230722_SUPT,CS20230722_SUBC_163,CCN20230722_SUBC,3,701,supertype,#843DCC,7,3227
CS20230722_SUPT_0703,0703 APN C1ql4 Glut_1,CCN20230722_SUPT,CS20230722_SUBC_164,CCN20230722_SUBC,3,702,supertype,#660F39,9,3076
CS20230722_SUPT_0704,0704 PAG-MRN Pou3f1 Glut_1,CCN20230722_SUPT,CS20230722_SUBC_165,CCN20230722_SUBC,3,703,supertype,#3D4466,11,1709
CS20230722_SUPT_0705,0705 PAG-MRN Pou3f1 Glut_2,CCN20230722_SUPT,CS20230722_SUBC_165,CCN20230722_SUBC,3,704,supertype,#CC4B3D,1,193
CS20230722_SUPT_0706,0706 PAG-MRN Pou3f1 Glut_3,CCN20230722_SUPT,CS20230722_SUBC_165,CCN20230722_SUBC,3,705,supertype,#26FFD2,1,135
CS20230722_SUPT_0707,0707 PAG-MRN Pou3f1 Glut_4,CCN20230722_SUPT,CS20230722_SUBC_165,CCN20230722_SUBC,3,706,supertype,#2E9948,4,317
CS20230722_SUPT_0708,0708 PAG-MRN Pou3f1 Glut_5,CCN20230722_SUPT,CS20230722_SUBC_165,CCN20230722_SUBC,3,707,supertype,#FFA24D,5,403
CS20230722_SUPT_0709,0709 PAG-MRN Pou3f1 Glut_6,CCN20230722_SUPT,CS20230722_SUBC_165,CCN20230722_SUBC,3,708,supertype,#FF00EE,5,379
CS20230722_SUPT_0710,0710 MRN Pou3f1 C1ql4 Glut_1,CCN20230722_SUPT,CS20230722_SUBC_166,CCN20230722_SUBC,3,709,supertype,#FF4D73,6,300
CS20230722_SUPT_0711,0711 MRN Pou3f1 C1ql4 Glut_2,CCN20230722_SUPT,CS20230722_SUBC_166,CCN20230722_SUBC,3,710,supertype,#4DFF9A,5,227
CS20230722_SUPT_0712,0712 MRN Pou3f1 C1ql4 Glut_3,CCN20230722_SUPT,CS20230722_SUBC_166,CCN20230722_SUBC,3,711,supertype,#1F86CC,2,144
CS20230722_SUPT_0713,0713 PRC-PAG Tcf7l2 Irx2 Glut_1,CCN20230722_SUPT,CS20230722_SUBC_167,CCN20230722_SUBC,3,712,supertype,#120066,11,2525
CS20230722_SUPT_0714,0714 PRC-PAG Tcf7l2 Irx2 Glut_2,CCN20230722_SUPT,CS20230722_SUBC_167,CCN20230722_SUBC,3,713,supertype,#660007,8,1252
CS20230722_SUPT_0715,0715 PRC-PAG Tcf7l2 Irx2 Glut_3,CCN20230722_SUPT,CS20230722_SUBC_167,CCN20230722_SUBC,3,714,supertype,#B6FF73,4,259
CS20230722_SUPT_0716,0716 PRC-PAG Tcf7l2 Irx2 Glut_4,CCN20230722_SUPT,CS20230722_SUBC_167,CCN20230722_SUBC,3,715,supertype,#CC1F56,1,93
CS20230722_SUPT_0717,0717 PRC-PAG Tcf7l2 Irx2 Glut_5,CCN20230722_SUPT,CS20230722_SUBC_167,CCN20230722_SUBC,3,716,supertype,#178A99,4,773
CS20230722_SUPT_0718,0718 SPA-SPFm-SPFp-POL-PIL-PoT Sp9 Glut_1,CCN20230722_SUPT,CS20230722_SUBC_168,CCN20230722_SUBC,3,717,supertype,#F72600,13,2006
CS20230722_SUPT_0719,0719 SPA-SPFm-SPFp-POL-PIL-PoT Sp9 Glut_2,CCN20230722_SUPT,CS20230722_SUBC_168,CCN20230722_SUBC,3,718,supertype,#6B0099,8,522
CS20230722_SUPT_0720,0720 SPA-SPFm-SPFp-POL-PIL-PoT Sp9 Glut_3,CCN20230722_SUPT,CS20230722_SUBC_168,CCN20230722_SUBC,3,719,supertype,#1F5666,10,2108
CS20230722_SUPT_0721,0721 SPA-SPFm-SPFp-POL-PIL-PoT Sp9 Glut_4,CCN20230722_SUPT,CS20230722_SUBC_168,CCN20230722_SUBC,3,720,supertype,#3D94CC,9,2025
CS20230722_SUPT_0722,0722 SPA-SPFm-SPFp-POL-PIL-PoT Sp9 Glut_5,CCN20230722_SUPT,CS20230722_SUBC_168,CCN20230722_SUBC,3,721,supertype,#006641,9,1362
CS20230722_SUPT_0723,0723 SPA-SPFm-SPFp-POL-PIL-PoT Sp9 Glut_6,CCN20230722_SUPT,CS20230722_SUBC_168,CCN20230722_SUBC,3,722,supertype,#8D992E,9,843
CS20230722_SUPT_0724,0724 SPA-SPFm-SPFp-POL-PIL-PoT Sp9 Glut_7,CCN20230722_SUPT,CS20230722_SUBC_168,CCN20230722_SUBC,3,723,supertype,#1F6620,5,2137
CS20230722_SUPT_0725,0725 SPA-SPFm-SPFp-POL-PIL-PoT Sp9 Glut_8,CCN20230722_SUPT,CS20230722_SUBC_168,CCN20230722_SUBC,3,724,supertype,#8E9945,7,1094
CS20230722_SUPT_0726,0726 SPA-SPFm-SPFp-POL-PIL-PoT Sp9 Glut_9,CCN20230722_SUPT,CS20230722_SUBC_168,CCN20230722_SUBC,3,725,supertype,#58FF4D,5,360
CS20230722_SUPT_0727,0727 SPA-SPFm-SPFp-POL-PIL-PoT Sp9 Glut_10,CCN20230722_SUPT,CS20230722_SUBC_168,CCN20230722_SUBC,3,726,supertype,#00FFA9,2,191
CS20230722_SUPT_0728,0728 SPA-SPFm-SPFp-POL-PIL-PoT Sp9 Glut_11,CCN20230722_SUPT,CS20230722_SUBC_168,CCN20230722_SUBC,3,727,supertype,#2655FF,2,198
CS20230722_SUPT_0729,0729 SPA-SPFm-SPFp-POL-PIL-PoT Sp9 Glut_12,CCN20230722_SUPT,CS20230722_SUBC_168,CCN20230722_SUBC,3,728,supertype,#CC7AB3,3,441
CS20230722_SUPT_0730,0730 PAG-SC Pou4f1 Zic1 Glut_1,CCN20230722_SUPT,CS20230722_SUBC_169,CCN20230722_SUBC,3,729,supertype,#73C200,14,2209
CS20230722_SUPT_0731,0731 PAG-SC Pou4f1 Zic1 Glut_2,CCN20230722_SUPT,CS20230722_SUBC_169,CCN20230722_SUBC,3,730,supertype,#4E2E66,14,2116
CS20230722_SUPT_0732,0732 PAG-SC Pou4f1 Zic1 Glut_3,CCN20230722_SUPT,CS20230722_SUBC_169,CCN20230722_SUBC,3,731,supertype,#00991A,5,373
CS20230722_SUPT_0733,0733 PAG-MRN Tfap2b Glut_1,CCN20230722_SUPT,CS20230722_SUBC_170,CCN20230722_SUBC,3,732,supertype,#2A1FCC,32,3162
CS20230722_SUPT_0734,0734 PAG-MRN Tfap2b Glut_2,CCN20230722_SUPT,CS20230722_SUBC_170,CCN20230722_SUBC,3,733,supertype,#00E5FF,5,510
CS20230722_SUPT_0735,0735 PAG Pou4f1 Bnc2 Glut_1,CCN20230722_SUPT,CS20230722_SUBC_171,CCN20230722_SUBC,3,734,supertype,#FF00A3,11,837
CS20230722_SUPT_0736,0736 PAG Pou4f1 Bnc2 Glut_2,CCN20230722_SUPT,CS20230722_SUBC_171,CCN20230722_SUBC,3,735,supertype,#0F6665,11,1152
CS20230722_SUPT_0737,0737 PAG Pou4f1 Ebf2 Glut_1,CCN20230722_SUPT,CS20230722_SUBC_172,CCN20230722_SUBC,3,736,supertype,#3D84CC,10,1032
CS20230722_SUPT_0738,0738 PAG Pou4f1 Ebf2 Glut_2,CCN20230722_SUPT,CS20230722_SUBC_172,CCN20230722_SUBC,3,737,supertype,#4D4599,9,1959
CS20230722_SUPT_0739,0739 PAG Pou4f1 Ebf2 Glut_3,CCN20230722_SUPT,CS20230722_SUBC_172,CCN20230722_SUBC,3,738,supertype,#CC893D,6,920
CS20230722_SUPT_0740,0740 PAG Pou4f1 Ebf2 Glut_4,CCN20230722_SUPT,CS20230722_SUBC_172,CCN20230722_SUBC,3,739,supertype,#FF7600,8,1207
CS20230722_SUPT_0741,0741 PAG Pou4f1 Ebf2 Glut_5,CCN20230722_SUPT,CS20230722_SUBC_172,CCN20230722_SUBC,3,740,supertype,#FEFF4D,2,920
CS20230722_SUPT_0742,0742 PAG Pou4f1 Ebf2 Glut_6,CCN20230722_SUPT,CS20230722_SUBC_172,CCN20230722_SUBC,3,741,supertype,#99932E,4,835
CS20230722_SUPT_0743,0743 PAG Pou4f1 Ebf2 Glut_7,CCN20230722_SUPT,CS20230722_SUBC_172,CCN20230722_SUBC,3,742,supertype,#9FCC1F,4,234
CS20230722_SUPT_0744,0744 PAG Pou4f1 Ebf2 Glut_8,CCN20230722_SUPT,CS20230722_SUBC_172,CCN20230722_SUBC,3,743,supertype,#E573FF,1,83
CS20230722_SUPT_0745,0745 PAG Pou4f2 Glut_1,CCN20230722_SUPT,CS20230722_SUBC_173,CCN20230722_SUBC,3,744,supertype,#422E66,13,2657
CS20230722_SUPT_0746,0746 PAG Pou4f2 Glut_2,CCN20230722_SUPT,CS20230722_SUBC_173,CCN20230722_SUBC,3,745,supertype,#267F00,6,1152
CS20230722_SUPT_0747,0747 PAG Pou4f2 Glut_3,CCN20230722_SUPT,CS20230722_SUBC_173,CCN20230722_SUBC,3,746,supertype,#99D5FF,5,732
CS20230722_SUPT_0748,0748 PAG Pou4f2 Glut_4,CCN20230722_SUPT,CS20230722_SUBC_173,CCN20230722_SUBC,3,747,supertype,#1CFF00,5,782
CS20230722_SUPT_0749,0749 PAG Pou4f2 Glut_5,CCN20230722_SUPT,CS20230722_SUBC_173,CCN20230722_SUBC,3,748,supertype,#CC6400,4,1279
CS20230722_SUPT_0750,0750 PAG Pou4f2 Mesi2 Glut_1,CCN20230722_SUPT,CS20230722_SUBC_174,CCN20230722_SUBC,3,749,supertype,#99482E,5,658
CS20230722_SUPT_0751,0751 PAG Pou4f2 Mesi2 Glut_2,CCN20230722_SUPT,CS20230722_SUBC_174,CCN20230722_SUBC,3,750,supertype,#FFAF73,7,1691
CS20230722_SUPT_0752,0752 PAG Pou4f2 Mesi2 Glut_3,CCN20230722_SUPT,CS20230722_SUBC_174,CCN20230722_SUBC,3,751,supertype,#66211F,5,1162
CS20230722_SUPT_0753,0753 PAG Pou4f2 Mesi2 Glut_4,CCN20230722_SUPT,CS20230722_SUBC_174,CCN20230722_SUBC,3,752,supertype,#0058CC,3,380
CS20230722_SUPT_0754,0754 PAG Pou4f2 Mesi2 Glut_5,CCN20230722_SUPT,CS20230722_SUBC_174,CCN20230722_SUBC,3,753,supertype,#FF99CC,4,445
CS20230722_SUPT_0755,0755 PAG Pou4f2 Mesi2 Glut_6,CCN20230722_SUPT,CS20230722_SUBC_174,CCN20230722_SUBC,3,754,supertype,#2726FF,3,740
CS20230722_SUPT_0756,0756 SC Bnc2 Glut_1,CCN20230722_SUPT,CS20230722_SUBC_175,CCN20230722_SUBC,3,755,supertype,#689945,1,242
CS20230722_SUPT_0757,0757 SC Bnc2 Glut_2,CCN20230722_SUPT,CS20230722_SUBC_175,CCN20230722_SUBC,3,756,supertype,#FF73E6,2,485
CS20230722_SUPT_0758,0758 SC Bnc2 Glut_3,CCN20230722_SUPT,CS20230722_SUBC_175,CCN20230722_SUBC,3,757,supertype,#892E99,3,502
CS20230722_SUPT_0759,0759 SC Bnc2 Glut_4,CCN20230722_SUPT,CS20230722_SUBC_175,CCN20230722_SUBC,3,758,supertype,#00996E,2,252
CS20230722_SUPT_0760,0760 SCig Foxb1 Glut_1,CCN20230722_SUPT,CS20230722_SUBC_176,CCN20230722_SUBC,3,759,supertype,#992E4B,10,3196
CS20230722_SUPT_0761,0761 SCig Foxb1 Glut_2,CCN20230722_SUPT,CS20230722_SUBC_176,CCN20230722_SUBC,3,760,supertype,#CC9C5C,6,1085
CS20230722_SUPT_0762,0762 SCig Foxb1 Glut_3,CCN20230722_SUPT,CS20230722_SUBC_176,CCN20230722_SUBC,3,761,supertype,#CC0019,7,1607
CS20230722_SUPT_0763,0763 SCig Foxb1 Glut_4,CCN20230722_SUPT,CS20230722_SUBC_176,CCN20230722_SUBC,3,762,supertype,#1FCC4E,7,895
CS20230722_SUPT_0764,0764 SCig-an-PPT Foxb1 Glut_1,CCN20230722_SUPT,CS20230722_SUBC_177,CCN20230722_SUBC,3,763,supertype,#663D41,11,2204
CS20230722_SUPT_0765,0765 SCig Foxb1 Otx2 Glut_1,CCN20230722_SUPT,CS20230722_SUBC_178,CCN20230722_SUBC,3,764,supertype,#99E0FF,4,366
CS20230722_SUPT_0766,0766 SCdg-PAG Tfap2b Glut_1,CCN20230722_SUPT,CS20230722_SUBC_179,CCN20230722_SUBC,3,765,supertype,#001B66,7,1751
CS20230722_SUPT_0767,0767 SCiw Pitx2 Glut_1,CCN20230722_SUPT,CS20230722_SUBC_180,CCN20230722_SUBC,3,766,supertype,#CCB35C,10,829
CS20230722_SUPT_0768,0768 SCiw Pitx2 Glut_2,CCN20230722_SUPT,CS20230722_SUBC_180,CCN20230722_SUBC,3,767,supertype,#51662E,6,1380
CS20230722_SUPT_0769,0769 SCiw Pitx2 Glut_3,CCN20230722_SUPT,CS20230722_SUBC_180,CCN20230722_SUBC,3,768,supertype,#CC3D58,3,2372
CS20230722_SUPT_0770,0770 IC Tfap2d Maf Glut_1,CCN20230722_SUPT,CS20230722_SUBC_181,CCN20230722_SUBC,3,769,supertype,#4DE5FF,9,6730
CS20230722_SUPT_0771,0771 IC Tfap2d Maf Glut_2,CCN20230722_SUPT,CS20230722_SUBC_181,CCN20230722_SUBC,3,770,supertype,#99992E,12,1832
CS20230722_SUPT_0772,0772 IC Tfap2d Maf Glut_3,CCN20230722_SUPT,CS20230722_SUBC_181,CCN20230722_SUBC,3,771,supertype,#FF0021,6,6517
CS20230722_SUPT_0773,0773 IC Tfap2d Maf Glut_4,CCN20230722_SUPT,CS20230722_SUBC_181,CCN20230722_SUBC,3,772,supertype,#E0FF00,6,1989
CS20230722_SUPT_0774,0774 IC Tfap2d Maf Glut_5,CCN20230722_SUPT,CS20230722_SUBC_181,CCN20230722_SUBC,3,773,supertype,#5CCC73,1,173
CS20230722_SUPT_0775,0775 IC Tfap2d Maf Glut_6,CCN20230722_SUPT,CS20230722_SUBC_181,CCN20230722_SUBC,3,774,supertype,#1B9917,4,2946
CS20230722_SUPT_0776,0776 CUN-PPN Evx2 Meis2 Glut_1,CCN20230722_SUPT,CS20230722_SUBC_182,CCN20230722_SUBC,3,775,supertype,#13d9f7,16,2052
CS20230722_SUPT_0777,0777 CUN-PPN Evx2 Meis2 Glut_2,CCN20230722_SUPT,CS20230722_SUBC_182,CCN20230722_SUBC,3,776,supertype,#995D17,2,357
CS20230722_SUPT_0778,0778 CUN-PPN Evx2 Meis2 Glut_3,CCN20230722_SUPT,CS20230722_SUBC_182,CCN20230722_SUBC,3,777,supertype,#66573D,4,246
CS20230722_SUPT_0779,0779 CUN-PPN Evx2 Meis2 Glut_4,CCN20230722_SUPT,CS20230722_SUBC_182,CCN20230722_SUBC,3,778,supertype,#992E62,7,599
CS20230722_SUPT_0780,0780 CUN-PPN Evx2 Meis2 Glut_5,CCN20230722_SUPT,CS20230722_SUBC_182,CCN20230722_SUBC,3,779,supertype,#39FF26,3,261
CS20230722_SUPT_0781,0781 PBG Mtnr1a Glut-Chol_1,CCN20230722_SUPT,CS20230722_SUBC_183,CCN20230722_SUBC,3,780,supertype,#187bdd,1,28
CS20230722_SUPT_0782,0782 PAG Tcf24 Glut_1,CCN20230722_SUPT,CS20230722_SUBC_184,CCN20230722_SUBC,3,781,supertype,#d15c08,1,29
CS20230722_SUPT_0783,0783 SCig Tfap2b Chrnb3 Glut_1,CCN20230722_SUPT,CS20230722_SUBC_185,CCN20230722_SUBC,3,782,supertype,#2685FF,4,1296
CS20230722_SUPT_0784,0784 SCop Pou4f2 Neurod2 Glut_1,CCN20230722_SUPT,CS20230722_SUBC_186,CCN20230722_SUBC,3,783,supertype,#0F4166,3,918
CS20230722_SUPT_0785,0785 SCsg Pde5a Glut_1,CCN20230722_SUPT,CS20230722_SUBC_187,CCN20230722_SUBC,3,784,supertype,#26FFEA,2,926
CS20230722_SUPT_0786,0786 SCsg Pde5a Glut_2,CCN20230722_SUPT,CS20230722_SUBC_187,CCN20230722_SUBC,3,785,supertype,#741799,3,904
CS20230722_SUPT_0787,0787 SCsg Pde5a Glut_3,CCN20230722_SUPT,CS20230722_SUBC_187,CCN20230722_SUBC,3,786,supertype,#662E3A,5,1511
CS20230722_SUPT_0788,0788 SCop Sln Glut_1,CCN20230722_SUPT,CS20230722_SUBC_188,CCN20230722_SUBC,3,787,supertype,#00CCA3,11,3096
CS20230722_SUPT_0789,0789 PAG Ucn Glut_1,CCN20230722_SUPT,CS20230722_SUBC_189,CCN20230722_SUBC,3,788,supertype,#CC8E5C,1,23
CS20230722_SUPT_0790,0790 ND-INC Foxd2 Glut_1,CCN20230722_SUPT,CS20230722_SUBC_190,CCN20230722_SUBC,3,789,supertype,#FFCC73,3,265
CS20230722_SUPT_0791,0791 PAG-MRN Rln3 Gaba_1,CCN20230722_SUPT,CS20230722_SUBC_191,CCN20230722_SUBC,3,790,supertype,#26FF2B,3,228
CS20230722_SUPT_0792,0792 PPN-CUN-PCG Otp En1 Gaba_1,CCN20230722_SUPT,CS20230722_SUBC_192,CCN20230722_SUBC,3,791,supertype,#BDCC3D,4,301
CS20230722_SUPT_0793,0793 PPN-CUN-PCG Otp En1 Gaba_2,CCN20230722_SUPT,CS20230722_SUBC_192,CCN20230722_SUBC,3,792,supertype,#7BFF4D,8,367
CS20230722_SUPT_0794,0794 PPN-CUN-PCG Otp En1 Gaba_3,CCN20230722_SUPT,CS20230722_SUBC_192,CCN20230722_SUBC,3,793,supertype,#efcb15,7,630
CS20230722_SUPT_0795,0795 MRN-PPN-CUN Pax8 Gaba_1,CCN20230722_SUPT,CS20230722_SUBC_193,CCN20230722_SUBC,3,794,supertype,#992E5B,5,432
CS20230722_SUPT_0796,0796 MRN-PPN-CUN Pax8 Gaba_2,CCN20230722_SUPT,CS20230722_SUBC_193,CCN20230722_SUBC,3,795,supertype,#FF9E73,5,435
CS20230722_SUPT_0797,0797 MRN-PPN-CUN Pax8 Gaba_3,CCN20230722_SUPT,CS20230722_SUBC_193,CCN20230722_SUBC,3,796,supertype,#00997E,1,45
CS20230722_SUPT_0798,0798 MRN-VTN-PPN Pax5 Cdh23 Gaba_1,CCN20230722_SUPT,CS20230722_SUBC_194,CCN20230722_SUBC,3,797,supertype,#070066,6,594
CS20230722_SUPT_0799,0799 MRN-VTN-PPN Pax5 Cdh23 Gaba_2,CCN20230722_SUPT,CS20230722_SUBC_194,CCN20230722_SUBC,3,798,supertype,#5C6600,8,638
CS20230722_SUPT_0800,0800 SNr-VTA Pax5 Npas1 Gaba_1,CCN20230722_SUPT,CS20230722_SUBC_195,CCN20230722_SUBC,3,799,supertype,#979945,8,679
CS20230722_SUPT_0801,0801 SNr-VTA Pax5 Npas1 Gaba_2,CCN20230722_SUPT,CS20230722_SUBC_195,CCN20230722_SUBC,3,800,supertype,#FF7D4D,1,75
CS20230722_SUPT_0802,0802 PAG-PPN Pax5 Sox21 Gaba_1,CCN20230722_SUPT,CS20230722_SUBC_196,CCN20230722_SUBC,3,801,supertype,#1F1F66,5,827
CS20230722_SUPT_0803,0803 PAG-PPN Pax5 Sox21 Gaba_2,CCN20230722_SUPT,CS20230722_SUBC_196,CCN20230722_SUBC,3,802,supertype,#662E40,5,544
CS20230722_SUPT_0804,0804 PAG-PPN Pax5 Sox21 Gaba_3,CCN20230722_SUPT,CS20230722_SUBC_196,CCN20230722_SUBC,3,803,supertype,#550066,5,407
CS20230722_SUPT_0805,0805 PAG-PPN Pax5 Sox21 Gaba_4,CCN20230722_SUPT,CS20230722_SUBC_196,CCN20230722_SUBC,3,804,supertype,#CCBB7A,4,250
CS20230722_SUPT_0806,0806 SNr Six3 Gaba_1,CCN20230722_SUPT,CS20230722_SUBC_197,CCN20230722_SUBC,3,805,supertype,#2E995C,4,1421
CS20230722_SUPT_0807,0807 IC Six3 En2 Gaba_1,CCN20230722_SUPT,CS20230722_SUBC_198,CCN20230722_SUBC,3,806,supertype,#66501F,12,1233
CS20230722_SUPT_0808,0808 IC Six3 En2 Gaba_2,CCN20230722_SUPT,CS20230722_SUBC_198,CCN20230722_SUBC,3,807,supertype,#CC451F,3,1065
CS20230722_SUPT_0809,0809 IC Six3 En2 Gaba_3,CCN20230722_SUPT,CS20230722_SUBC_198,CCN20230722_SUBC,3,808,supertype,#60995C,8,472
CS20230722_SUPT_0810,0810 IC Six3 En2 Gaba_4,CCN20230722_SUPT,CS20230722_SUBC_198,CCN20230722_SUBC,3,809,supertype,#44662E,7,603
CS20230722_SUPT_0811,0811 IC Six3 En2 Gaba_5,CCN20230722_SUPT,CS20230722_SUBC_198,CCN20230722_SUBC,3,810,supertype,#995C99,6,646
CS20230722_SUPT_0812,0812 IC Six3 En2 Gaba_6,CCN20230722_SUPT,CS20230722_SUBC_198,CCN20230722_SUBC,3,811,supertype,#17993E,5,434
CS20230722_SUPT_0813,0813 IC Six3 En2 Gaba_7,CCN20230722_SUPT,CS20230722_SUBC_198,CCN20230722_SUBC,3,812,supertype,#179099,3,153
CS20230722_SUPT_0814,0814 PAG-MRN-RN Foxa2 Gaba_1,CCN20230722_SUPT,CS20230722_SUBC_199,CCN20230722_SUBC,3,813,supertype,#660055,6,423
CS20230722_SUPT_0815,0815 PAG-MRN-RN Foxa2 Gaba_2,CCN20230722_SUPT,CS20230722_SUBC_199,CCN20230722_SUBC,3,814,supertype,#00FF00,6,356
CS20230722_SUPT_0816,0816 PAG-MRN-RN Foxa2 Gaba_3,CCN20230722_SUPT,CS20230722_SUBC_199,CCN20230722_SUBC,3,815,supertype,#7B0099,4,239
CS20230722_SUPT_0817,0817 PAG-MRN-RN Foxa2 Gaba_4,CCN20230722_SUPT,CS20230722_SUBC_199,CCN20230722_SUBC,3,816,supertype,#3D74CC,7,591
CS20230722_SUPT_0818,0818 PAG-ND-PCG Onecut1 Gaba_1,CCN20230722_SUPT,CS20230722_SUBC_200,CCN20230722_SUBC,3,817,supertype,#41fcf6,11,608
CS20230722_SUPT_0819,0819 PAG-ND-PCG Onecut1 Gaba_2,CCN20230722_SUPT,CS20230722_SUBC_200,CCN20230722_SUBC,3,818,supertype,#C5FF26,7,534
CS20230722_SUPT_0820,0820 PAG-ND-PCG Onecut1 Gaba_3,CCN20230722_SUPT,CS20230722_SUBC_200,CCN20230722_SUBC,3,819,supertype,#1F65CC,3,375
CS20230722_SUPT_0821,0821 PAG-ND-PCG Onecut1 Gaba_4,CCN20230722_SUPT,CS20230722_SUBC_200,CCN20230722_SUBC,3,820,supertype,#665900,1,115
CS20230722_SUPT_0822,0822 PAG-ND-PCG Onecut1 Gaba_5,CCN20230722_SUPT,CS20230722_SUBC_200,CCN20230722_SUBC,3,821,supertype,#720099,4,92
CS20230722_SUPT_0823,0823 PAG-RN Nkx2-2 Otx1 Gaba_1,CCN20230722_SUPT,CS20230722_SUBC_201,CCN20230722_SUBC,3,822,supertype,#8fb7ac,7,536
CS20230722_SUPT_0824,0824 PAG-RN Nkx2-2 Otx1 Gaba_2,CCN20230722_SUPT,CS20230722_SUBC_201,CCN20230722_SUBC,3,823,supertype,#1F79CC,7,606
CS20230722_SUPT_0825,0825 PAG-RN Nkx2-2 Otx1 Gaba_3,CCN20230722_SUPT,CS20230722_SUBC_201,CCN20230722_SUBC,3,824,supertype,#6A5C99,13,1442
CS20230722_SUPT_0826,0826 PAG-RN Nkx2-2 Otx1 Gaba_4,CCN20230722_SUPT,CS20230722_SUBC_201,CCN20230722_SUBC,3,825,supertype,#4D663D,3,242
CS20230722_SUPT_0827,0827 PAG-RN Nkx2-2 Otx1 Gaba_5,CCN20230722_SUPT,CS20230722_SUBC_201,CCN20230722_SUBC,3,826,supertype,#73B9FF,4,303
CS20230722_SUPT_0828,0828 PAG-RN Nkx2-2 Otx1 Gaba_6,CCN20230722_SUPT,CS20230722_SUBC_201,CCN20230722_SUBC,3,827,supertype,#83CC7A,4,323
CS20230722_SUPT_0829,0829 PRT Tcf7l2 Gaba_1,CCN20230722_SUPT,CS20230722_SUBC_202,CCN20230722_SUBC,3,828,supertype,#FF4DBB,11,1851
CS20230722_SUPT_0830,0830 PRT Tcf7l2 Gaba_2,CCN20230722_SUPT,CS20230722_SUBC_202,CCN20230722_SUBC,3,829,supertype,#5D3DCC,6,904
CS20230722_SUPT_0831,0831 PRT Tcf7l2 Gaba_3,CCN20230722_SUPT,CS20230722_SUBC_202,CCN20230722_SUBC,3,830,supertype,#3DCC77,9,1648
CS20230722_SUPT_0832,0832 PRT Tcf7l2 Gaba_4,CCN20230722_SUPT,CS20230722_SUBC_202,CCN20230722_SUBC,3,831,supertype,#006635,9,1027
CS20230722_SUPT_0833,0833 PRT Tcf7l2 Gaba_5,CCN20230722_SUPT,CS20230722_SUBC_202,CCN20230722_SUBC,3,832,supertype,#999DFF,2,284
CS20230722_SUPT_0834,0834 LGv-SPFp-SPFm Nkx2-2 Tcf7l2 Gaba_1,CCN20230722_SUPT,CS20230722_SUBC_203,CCN20230722_SUBC,3,833,supertype,#5C995E,8,566
CS20230722_SUPT_0835,0835 LGv-SPFp-SPFm Nkx2-2 Tcf7l2 Gaba_2,CCN20230722_SUPT,CS20230722_SUBC_203,CCN20230722_SUBC,3,834,supertype,#5A663D,6,1930
CS20230722_SUPT_0836,0836 LGv-SPFp-SPFm Nkx2-2 Tcf7l2 Gaba_3,CCN20230722_SUPT,CS20230722_SUBC_203,CCN20230722_SUBC,3,835,supertype,#CC2B1F,6,792
CS20230722_SUPT_0837,0837 LGv-SPFp-SPFm Nkx2-2 Tcf7l2 Gaba_4,CCN20230722_SUPT,CS20230722_SUBC_203,CCN20230722_SUBC,3,836,supertype,#460F66,5,887
CS20230722_SUPT_0838,0838 LGv-SPFp-SPFm Nkx2-2 Tcf7l2 Gaba_5,CCN20230722_SUPT,CS20230722_SUBC_203,CCN20230722_SUBC,3,837,supertype,#995C92,5,763
CS20230722_SUPT_0839,0839 LGv-SPFp-SPFm Nkx2-2 Tcf7l2 Gaba_6,CCN20230722_SUPT,CS20230722_SUBC_203,CCN20230722_SUBC,3,838,supertype,#2A9900,4,407
CS20230722_SUPT_0840,0840 LGv-SPFp-SPFm Nkx2-2 Tcf7l2 Gaba_7,CCN20230722_SUPT,CS20230722_SUBC_203,CCN20230722_SUBC,3,839,supertype,#66004A,2,763
CS20230722_SUPT_0841,0841 SC Otx2 Gcnt4 Gaba_1,CCN20230722_SUPT,CS20230722_SUBC_204,CCN20230722_SUBC,3,840,supertype,#998E5C,3,274
CS20230722_SUPT_0842,0842 SC Otx2 Gcnt4 Gaba_2,CCN20230722_SUPT,CS20230722_SUBC_204,CCN20230722_SUBC,3,841,supertype,#9BCC1F,1,762
CS20230722_SUPT_0843,0843 SC-PAG Lef1 Emx2 Gaba_1,CCN20230722_SUPT,CS20230722_SUBC_205,CCN20230722_SUBC,3,842,supertype,#B9CC7A,8,1499
CS20230722_SUPT_0844,0844 SC-PAG Lef1 Emx2 Gaba_2,CCN20230722_SUPT,CS20230722_SUBC_205,CCN20230722_SUBC,3,843,supertype,#173A99,10,2827
CS20230722_SUPT_0845,0845 SC-PAG Lef1 Emx2 Gaba_3,CCN20230722_SUPT,CS20230722_SUBC_205,CCN20230722_SUBC,3,844,supertype,#0F3866,4,762
CS20230722_SUPT_0846,0846 SC-PAG Lef1 Emx2 Gaba_4,CCN20230722_SUPT,CS20230722_SUBC_205,CCN20230722_SUBC,3,845,supertype,#99000E,4,3086
CS20230722_SUPT_0847,0847 SC-PAG Lef1 Emx2 Gaba_5,CCN20230722_SUPT,CS20230722_SUBC_205,CCN20230722_SUBC,3,846,supertype,#2E5E66,2,209
CS20230722_SUPT_0848,0848 SCm-PAG Cdh23 Gaba_1,CCN20230722_SUPT,CS20230722_SUBC_206,CCN20230722_SUBC,3,847,supertype,#2E998B,9,2104
CS20230722_SUPT_0849,0849 SCm-PAG Cdh23 Gaba_2,CCN20230722_SUPT,CS20230722_SUBC_206,CCN20230722_SUBC,3,848,supertype,#F8FF26,4,1394
CS20230722_SUPT_0850,0850 SCm-PAG Cdh23 Gaba_3,CCN20230722_SUPT,CS20230722_SUBC_206,CCN20230722_SUBC,3,849,supertype,#98FF73,6,1066
CS20230722_SUPT_0851,0851 SCm-PAG Cdh23 Gaba_4,CCN20230722_SUPT,CS20230722_SUBC_206,CCN20230722_SUBC,3,850,supertype,#1F5E66,2,468
CS20230722_SUPT_0852,0852 SCs Dmbx1 Gaba_1,CCN20230722_SUPT,CS20230722_SUBC_207,CCN20230722_SUBC,3,851,supertype,#ffcce1,7,1359
CS20230722_SUPT_0853,0853 SCs Dmbx1 Gaba_2,CCN20230722_SUPT,CS20230722_SUBC_207,CCN20230722_SUBC,3,852,supertype,#6CFF4D,3,2178
CS20230722_SUPT_0854,0854 SCs Dmbx1 Gaba_3,CCN20230722_SUPT,CS20230722_SUBC_207,CCN20230722_SUBC,3,853,supertype,#1FCC74,2,951
CS20230722_SUPT_0855,0855 SCs Dmbx1 Gaba_4,CCN20230722_SUPT,CS20230722_SUBC_207,CCN20230722_SUBC,3,854,supertype,#1FC5CC,6,1097
CS20230722_SUPT_0856,0856 SCs Dmbx1 Gaba_5,CCN20230722_SUPT,CS20230722_SUBC_207,CCN20230722_SUBC,3,855,supertype,#CA7ACC,1,27
CS20230722_SUPT_0857,0857 SC Lef1 Otx2 Gaba_1,CCN20230722_SUPT,CS20230722_SUBC_208,CCN20230722_SUBC,3,856,supertype,#CC00CC,4,2386
CS20230722_SUPT_0858,0858 SC Lef1 Otx2 Gaba_2,CCN20230722_SUPT,CS20230722_SUBC_208,CCN20230722_SUBC,3,857,supertype,#CC755C,1,16
CS20230722_SUPT_0859,0859 SCs Pax7 Nfia Gaba_1,CCN20230722_SUPT,CS20230722_SUBC_209,CCN20230722_SUBC,3,858,supertype,#5C78CC,5,927
CS20230722_SUPT_0860,0860 SCs Pax7 Nfia Gaba_2,CCN20230722_SUPT,CS20230722_SUBC_209,CCN20230722_SUBC,3,859,supertype,#996A2E,5,1374
CS20230722_SUPT_0861,0861 SCs Pax7 Nfia Gaba_3,CCN20230722_SUPT,CS20230722_SUBC_209,CCN20230722_SUBC,3,860,supertype,#4C3D66,2,737
CS20230722_SUPT_0862,0862 SCs Pax7 Nfia Gaba_4,CCN20230722_SUPT,CS20230722_SUBC_209,CCN20230722_SUBC,3,861,supertype,#4DFFBF,1,129
CS20230722_SUPT_0863,0863 SCs Pax7 Nfia Gaba_5,CCN20230722_SUPT,CS20230722_SUBC_209,CCN20230722_SUBC,3,862,supertype,#26FF43,1,154
CS20230722_SUPT_0864,0864 PRT Mecom Gaba_1,CCN20230722_SUPT,CS20230722_SUBC_210,CCN20230722_SUBC,3,863,supertype,#CC1F31,11,1029
CS20230722_SUPT_0865,0865 PRT Mecom Gaba_2,CCN20230722_SUPT,CS20230722_SUBC_210,CCN20230722_SUBC,3,864,supertype,#241FCC,3,798
CS20230722_SUPT_0866,0866 PRT Mecom Gaba_3,CCN20230722_SUPT,CS20230722_SUBC_210,CCN20230722_SUBC,3,865,supertype,#3DCC57,7,668
CS20230722_SUPT_0867,0867 SC Tnnt1 Gli3 Gaba_1,CCN20230722_SUPT,CS20230722_SUBC_211,CCN20230722_SUBC,3,866,supertype,#994588,2,655
CS20230722_SUPT_0868,0868 SC Tnnt1 Gli3 Gaba_2,CCN20230722_SUPT,CS20230722_SUBC_211,CCN20230722_SUBC,3,867,supertype,#F800FF,6,984
CS20230722_SUPT_0869,0869 SCs Lef1 Gli3 Gaba_1,CCN20230722_SUPT,CS20230722_SUBC_212,CCN20230722_SUBC,3,868,supertype,#459962,4,1538
CS20230722_SUPT_0870,0870 SCs Lef1 Gli3 Gaba_2,CCN20230722_SUPT,CS20230722_SUBC_212,CCN20230722_SUBC,3,869,supertype,#D3FF99,2,333
CS20230722_SUPT_0871,0871 SCs Lef1 Gli3 Gaba_3,CCN20230722_SUPT,CS20230722_SUBC_212,CCN20230722_SUBC,3,870,supertype,#FF3200,2,269
CS20230722_SUPT_0872,0872 SCsg Gabrr2 Gaba_1,CCN20230722_SUPT,CS20230722_SUBC_213,CCN20230722_SUBC,3,871,supertype,#99456C,11,5355
CS20230722_SUPT_0873,0873 SCsg Gabrr2 Gaba_2,CCN20230722_SUPT,CS20230722_SUBC_213,CCN20230722_SUBC,3,872,supertype,#66413D,7,3833
CS20230722_SUPT_0874,0874 SCsg Gabrr2 Gaba_3,CCN20230722_SUPT,CS20230722_SUBC_213,CCN20230722_SUBC,3,873,supertype,#FFDC99,6,2470
CS20230722_SUPT_0875,0875 SCsg Gabrr2 Gaba_4,CCN20230722_SUPT,CS20230722_SUBC_213,CCN20230722_SUBC,3,874,supertype,#200F66,5,2992
CS20230722_SUPT_0876,0876 SCsg Gabrr2 Gaba_5,CCN20230722_SUPT,CS20230722_SUBC_213,CCN20230722_SUBC,3,875,supertype,#1F9FCC,2,1149
CS20230722_SUPT_0877,0877 IPN Otp Crisp1 Gaba_1,CCN20230722_SUPT,CS20230722_SUBC_214,CCN20230722_SUBC,3,876,supertype,#CCCB5C,3,544
CS20230722_SUPT_0878,0878 IPN Otp Crisp1 Gaba_2,CCN20230722_SUPT,CS20230722_SUBC_214,CCN20230722_SUBC,3,877,supertype,#C4CC00,5,2456
CS20230722_SUPT_0879,0879 IPN Otp Crisp1 Gaba_3,CCN20230722_SUPT,CS20230722_SUBC_214,CCN20230722_SUBC,3,878,supertype,#003D66,1,87
CS20230722_SUPT_0880,0880 SNc-VTA-RAmb Foxa1 Dopa_1,CCN20230722_SUPT,CS20230722_SUBC_215,CCN20230722_SUBC,3,879,supertype,#FFE600,8,682
CS20230722_SUPT_0881,0881 SNc-VTA-RAmb Foxa1 Dopa_2,CCN20230722_SUPT,CS20230722_SUBC_215,CCN20230722_SUBC,3,880,supertype,#B1FF99,8,463
CS20230722_SUPT_0882,0882 SNc-VTA-RAmb Foxa1 Dopa_3,CCN20230722_SUPT,CS20230722_SUBC_215,CCN20230722_SUBC,3,881,supertype,#993217,7,903
CS20230722_SUPT_0883,0883 SNc-VTA-RAmb Foxa1 Dopa_4,CCN20230722_SUPT,CS20230722_SUBC_215,CCN20230722_SUBC,3,882,supertype,#73D8FF,7,1242
CS20230722_SUPT_0884,0884 SNc-VTA-RAmb Foxa1 Dopa_5,CCN20230722_SUPT,CS20230722_SUBC_215,CCN20230722_SUBC,3,883,supertype,#662E4D,4,297
CS20230722_SUPT_0885,0885 SNc-VTA-RAmb Foxa1 Dopa_6,CCN20230722_SUPT,CS20230722_SUBC_215,CCN20230722_SUBC,3,884,supertype,#4500CC,4,273
CS20230722_SUPT_0886,0886 SNc-VTA-RAmb Foxa1 Dopa_7,CCN20230722_SUPT,CS20230722_SUBC_215,CCN20230722_SUBC,3,885,supertype,#FF99E2,2,121
CS20230722_SUPT_0887,0887 SNc-VTA-RAmb Foxa1 Dopa_8,CCN20230722_SUPT,CS20230722_SUBC_215,CCN20230722_SUBC,3,886,supertype,#3B1799,3,320
CS20230722_SUPT_0888,0888 MB-MY Tph2 Glut-Sero_1,CCN20230722_SUPT,CS20230722_SUBC_216,CCN20230722_SUBC,3,887,supertype,#1F2E66,8,661
CS20230722_SUPT_0889,0889 MB-MY Tph2 Glut-Sero_2,CCN20230722_SUPT,CS20230722_SUBC_216,CCN20230722_SUBC,3,888,supertype,#00CC06,8,628
CS20230722_SUPT_0890,0890 MB-MY Tph2 Glut-Sero_3,CCN20230722_SUPT,CS20230722_SUBC_216,CCN20230722_SUBC,3,889,supertype,#EAFF99,6,507
CS20230722_SUPT_0891,0891 MB-MY Tph2 Glut-Sero_4,CCN20230722_SUPT,CS20230722_SUBC_216,CCN20230722_SUBC,3,890,supertype,#66370F,5,271
CS20230722_SUPT_0892,0892 MB-MY Tph2 Glut-Sero_5,CCN20230722_SUPT,CS20230722_SUBC_216,CCN20230722_SUBC,3,891,supertype,#B33DCC,3,138
CS20230722_SUPT_0893,0893 MB-MY Tph2 Glut-Sero_6,CCN20230722_SUPT,CS20230722_SUBC_216,CCN20230722_SUBC,3,892,supertype,#993B2E,1,217
CS20230722_SUPT_0894,0894 MB-MY Tph2 Glut-Sero_7,CCN20230722_SUPT,CS20230722_SUBC_216,CCN20230722_SUBC,3,893,supertype,#000566,1,44
CS20230722_SUPT_0895,0895 PB Lmx1a Glut_1,CCN20230722_SUPT,CS20230722_SUBC_217,CCN20230722_SUBC,3,894,supertype,#AECC00,14,587
CS20230722_SUPT_0896,0896 PB Lmx1a Glut_2,CCN20230722_SUPT,CS20230722_SUBC_217,CCN20230722_SUBC,3,895,supertype,#10CC00,1,71
CS20230722_SUPT_0897,0897 PB Lmx1a Glut_3,CCN20230722_SUPT,CS20230722_SUBC_217,CCN20230722_SUBC,3,896,supertype,#7ACC96,9,421
CS20230722_SUPT_0898,0898 PB Lmx1a Glut_4,CCN20230722_SUPT,CS20230722_SUBC_217,CCN20230722_SUBC,3,897,supertype,#C8FF26,8,761
CS20230722_SUPT_0899,0899 PB Lmx1a Glut_5,CCN20230722_SUPT,CS20230722_SUBC_217,CCN20230722_SUBC,3,898,supertype,#FC7300,7,315
CS20230722_SUPT_0900,0900 PB Lmx1a Glut_6,CCN20230722_SUPT,CS20230722_SUBC_217,CCN20230722_SUBC,3,899,supertype,#72CC3D,5,183
CS20230722_SUPT_0901,0901 PB Lmx1a Glut_7,CCN20230722_SUPT,CS20230722_SUBC_217,CCN20230722_SUBC,3,900,supertype,#7A7BCC,3,89
CS20230722_SUPT_0902,0902 PSV Lmx1a Trpv6 Glut_1,CCN20230722_SUPT,CS20230722_SUBC_218,CCN20230722_SUBC,3,901,supertype,#FF99EE,4,200
CS20230722_SUPT_0903,0903 PB-SUT Tlx3 Lhx2 Glut_1,CCN20230722_SUPT,CS20230722_SUBC_219,CCN20230722_SUBC,3,902,supertype,#63662E,2,116
CS20230722_SUPT_0904,0904 PB Pax5 Glut_1,CCN20230722_SUPT,CS20230722_SUBC_220,CCN20230722_SUBC,3,903,supertype,#56663D,7,498
CS20230722_SUPT_0905,0905 PB Pax5 Glut_2,CCN20230722_SUPT,CS20230722_SUBC_220,CCN20230722_SUBC,3,904,supertype,#99885C,2,116
CS20230722_SUPT_0906,0906 LDT-PCG Vsx2 Lhx4 Glut_1,CCN20230722_SUPT,CS20230722_SUBC_221,CCN20230722_SUBC,3,905,supertype,#f4a63f,6,685
CS20230722_SUPT_0907,0907 LDT-PCG Vsx2 Lhx4 Glut_2,CCN20230722_SUPT,CS20230722_SUBC_221,CCN20230722_SUBC,3,906,supertype,#4A662E,7,627
CS20230722_SUPT_0908,0908 LDT-PCG Vsx2 Lhx4 Glut_3,CCN20230722_SUPT,CS20230722_SUBC_221,CCN20230722_SUBC,3,907,supertype,#662E5F,5,671
CS20230722_SUPT_0909,0909 LDT-PCG Vsx2 Lhx4 Glut_4,CCN20230722_SUPT,CS20230722_SUBC_221,CCN20230722_SUBC,3,908,supertype,#00CC60,7,874
CS20230722_SUPT_0910,0910 LDT-PCG Vsx2 Lhx4 Glut_5,CCN20230722_SUPT,CS20230722_SUBC_221,CCN20230722_SUBC,3,909,supertype,#FFA74D,6,497
CS20230722_SUPT_0911,0911 LDT-PCG Vsx2 Lhx4 Glut_6,CCN20230722_SUPT,CS20230722_SUBC_221,CCN20230722_SUBC,3,910,supertype,#F5FF4D,4,962
CS20230722_SUPT_0912,0912 LDT-PCG Vsx2 Lhx4 Glut_7,CCN20230722_SUPT,CS20230722_SUBC_221,CCN20230722_SUBC,3,911,supertype,#00CCC0,6,635
CS20230722_SUPT_0913,0913 LDT-PCG Vsx2 Lhx4 Glut_8,CCN20230722_SUPT,CS20230722_SUBC_221,CCN20230722_SUBC,3,912,supertype,#1FCC28,3,272
CS20230722_SUPT_0914,0914 PB Evx2 Glut_1,CCN20230722_SUPT,CS20230722_SUBC_222,CCN20230722_SUBC,3,913,supertype,#d1d11b,6,502
CS20230722_SUPT_0915,0915 PB Evx2 Glut_2,CCN20230722_SUPT,CS20230722_SUBC_222,CCN20230722_SUBC,3,914,supertype,#005D99,9,540
CS20230722_SUPT_0916,0916 PB Evx2 Glut_3,CCN20230722_SUPT,CS20230722_SUBC_222,CCN20230722_SUBC,3,915,supertype,#459974,16,837
CS20230722_SUPT_0917,0917 PB Evx2 Glut_4,CCN20230722_SUPT,CS20230722_SUBC_222,CCN20230722_SUBC,3,916,supertype,#FF99AA,6,589
CS20230722_SUPT_0918,0918 PB Evx2 Glut_5,CCN20230722_SUPT,CS20230722_SUBC_222,CCN20230722_SUBC,3,917,supertype,#7ACC8D,8,420
CS20230722_SUPT_0919,0919 PB Evx2 Glut_6,CCN20230722_SUPT,CS20230722_SUBC_222,CCN20230722_SUBC,3,918,supertype,#175799,9,399
CS20230722_SUPT_0920,0920 PB Evx2 Glut_7,CCN20230722_SUPT,CS20230722_SUBC_222,CCN20230722_SUBC,3,919,supertype,#8C4DFF,4,204
CS20230722_SUPT_0921,0921 PB Evx2 Glut_8,CCN20230722_SUPT,CS20230722_SUBC_222,CCN20230722_SUBC,3,920,supertype,#b9bfbe,7,266
CS20230722_SUPT_0922,0922 PB Evx2 Glut_9,CCN20230722_SUPT,CS20230722_SUBC_222,CCN20230722_SUBC,3,921,supertype,#FF0600,9,437
CS20230722_SUPT_0923,0923 B-PB Nr4a2 Glut_1,CCN20230722_SUPT,CS20230722_SUBC_223,CCN20230722_SUBC,3,922,supertype,#CCC15C,7,335
CS20230722_SUPT_0924,0924 B-PB Nr4a2 Glut_2,CCN20230722_SUPT,CS20230722_SUBC_223,CCN20230722_SUBC,3,923,supertype,#997445,1,18
CS20230722_SUPT_0925,0925 PCG-PRNr Vsx2 Nkx6-1 Glut_1,CCN20230722_SUPT,CS20230722_SUBC_224,CCN20230722_SUBC,3,924,supertype,#5CCCA0,2,157
CS20230722_SUPT_0926,0926 PCG-PRNr Vsx2 Nkx6-1 Glut_2,CCN20230722_SUPT,CS20230722_SUBC_224,CCN20230722_SUBC,3,925,supertype,#26FF5B,8,784
CS20230722_SUPT_0927,0927 PCG-PRNr Vsx2 Nkx6-1 Glut_3,CCN20230722_SUPT,CS20230722_SUBC_224,CCN20230722_SUBC,3,926,supertype,#CC5C7B,6,541
CS20230722_SUPT_0928,0928 PCG-PRNr Vsx2 Nkx6-1 Glut_4,CCN20230722_SUPT,CS20230722_SUBC_224,CCN20230722_SUBC,3,927,supertype,#C1CC1F,1,184
CS20230722_SUPT_0929,0929 PCG-PRNr Vsx2 Nkx6-1 Glut_5,CCN20230722_SUPT,CS20230722_SUBC_224,CCN20230722_SUBC,3,928,supertype,#B0CC7A,4,144
CS20230722_SUPT_0930,0930 PCG-PRNr Vsx2 Nkx6-1 Glut_6,CCN20230722_SUPT,CS20230722_SUBC_224,CCN20230722_SUBC,3,929,supertype,#991917,2,103
CS20230722_SUPT_0931,0931 PRNc-NI-SG-RPO Vsx2 Nr4a2 Glut_1,CCN20230722_SUPT,CS20230722_SUBC_225,CCN20230722_SUBC,3,930,supertype,#8BFF73,3,334
CS20230722_SUPT_0932,0932 PRNc-NI-SG-RPO Vsx2 Nr4a2 Glut_2,CCN20230722_SUPT,CS20230722_SUBC_225,CCN20230722_SUBC,3,931,supertype,#FF4D6C,6,457
CS20230722_SUPT_0933,0933 PRNc-NI-SG-RPO Vsx2 Nr4a2 Glut_3,CCN20230722_SUPT,CS20230722_SUBC_225,CCN20230722_SUBC,3,932,supertype,#DEFF99,2,248
CS20230722_SUPT_0934,0934 PRNc-NI-SG-RPO Vsx2 Nr4a2 Glut_4,CCN20230722_SUPT,CS20230722_SUBC_225,CCN20230722_SUBC,3,933,supertype,#AA1FCC,2,139
CS20230722_SUPT_0935,0935 PRNc-PARN Tlx1 Glut_1,CCN20230722_SUPT,CS20230722_SUBC_226,CCN20230722_SUBC,3,934,supertype,#009947,4,184
CS20230722_SUPT_0936,0936 PRNc-PARN Tlx1 Glut_2,CCN20230722_SUPT,CS20230722_SUBC_226,CCN20230722_SUBC,3,935,supertype,#e076d7,2,110
CS20230722_SUPT_0937,0937 PRNc-PARN Tlx1 Glut_3,CCN20230722_SUPT,CS20230722_SUBC_226,CCN20230722_SUBC,3,936,supertype,#73FFE4,2,73
CS20230722_SUPT_0938,0938 PB-PSV Phox2b Glut_1,CCN20230722_SUPT,CS20230722_SUBC_227,CCN20230722_SUBC,3,937,supertype,#3DCC62,3,118
CS20230722_SUPT_0939,0939 PSV Pvalb Lhx2 Glut_1,CCN20230722_SUPT,CS20230722_SUBC_228,CCN20230722_SUBC,3,938,supertype,#FF73FA,3,718
CS20230722_SUPT_0940,0940 PSV Pvalb Lhx2 Glut_2,CCN20230722_SUPT,CS20230722_SUBC_228,CCN20230722_SUBC,3,939,supertype,#7B995C,2,126
CS20230722_SUPT_0941,0941 PSV Pvalb Lhx2 Glut_3,CCN20230722_SUPT,CS20230722_SUBC_228,CCN20230722_SUBC,3,940,supertype,#2E8499,1,177
CS20230722_SUPT_0942,0942 PSV Pvalb Lhx2 Glut_4,CCN20230722_SUPT,CS20230722_SUBC_228,CCN20230722_SUBC,3,941,supertype,#FF00AE,1,33
CS20230722_SUPT_0943,0943 PB-NTS Phox2b Ebf3 Lmx1b Glut_1,CCN20230722_SUPT,CS20230722_SUBC_229,CCN20230722_SUBC,3,942,supertype,#00995D,9,485
CS20230722_SUPT_0944,0944 PB-NTS Phox2b Ebf3 Lmx1b Glut_2,CCN20230722_SUPT,CS20230722_SUBC_229,CCN20230722_SUBC,3,943,supertype,#995C70,8,399
CS20230722_SUPT_0945,0945 PRNr Otp Nfib Glut_1,CCN20230722_SUPT,CS20230722_SUBC_230,CCN20230722_SUBC,3,944,supertype,#990052,3,247
CS20230722_SUPT_0946,0946 IPN-LDT Vsx2 Nkx6-1 Glut_1,CCN20230722_SUPT,CS20230722_SUBC_231,CCN20230722_SUBC,3,945,supertype,#36660F,7,389
CS20230722_SUPT_0947,0947 IPN-LDT Vsx2 Nkx6-1 Glut_2,CCN20230722_SUPT,CS20230722_SUBC_231,CCN20230722_SUBC,3,946,supertype,#7ACC84,5,620
CS20230722_SUPT_0948,0948 LDT Vsx2 Nkx6-1 Nfib Glut_1,CCN20230722_SUPT,CS20230722_SUBC_232,CCN20230722_SUBC,3,947,supertype,#26FF8B,8,1172
CS20230722_SUPT_0949,0949 LDT Vsx2 Nkx6-1 Nfib Glut_2,CCN20230722_SUPT,CS20230722_SUBC_232,CCN20230722_SUBC,3,948,supertype,#6ACC5C,1,208
CS20230722_SUPT_0950,0950 NLL-SOC Spp1 Glut_1,CCN20230722_SUPT,CS20230722_SUBC_233,CCN20230722_SUBC,3,949,supertype,#FF4DB1,1,52
CS20230722_SUPT_0951,0951 NLL-SOC Spp1 Glut_2,CCN20230722_SUPT,CS20230722_SUBC_233,CCN20230722_SUBC,3,950,supertype,#457B99,1,80
CS20230722_SUPT_0952,0952 MEV Ppp1r1c Glut_1,CCN20230722_SUPT,CS20230722_SUBC_234,CCN20230722_SUBC,3,951,supertype,#999200,1,22
CS20230722_SUPT_0953,0953 PG-TRN-LRN Fat2 Glut_1,CCN20230722_SUPT,CS20230722_SUBC_235,CCN20230722_SUBC,3,952,supertype,#990041,3,3894
CS20230722_SUPT_0954,0954 IRN Vip Glut_1,CCN20230722_SUPT,CS20230722_SUBC_236,CCN20230722_SUBC,3,953,supertype,#4DD1FF,4,149
CS20230722_SUPT_0955,0955 PRP-NI-PRNc-GRN Otp Glut_1,CCN20230722_SUPT,CS20230722_SUBC_237,CCN20230722_SUBC,3,954,supertype,#3D6649,2,115
CS20230722_SUPT_0956,0956 PRP-NI-PRNc-GRN Otp Glut_2,CCN20230722_SUPT,CS20230722_SUBC_237,CCN20230722_SUBC,3,955,supertype,#CC1F40,6,488
CS20230722_SUPT_0957,0957 PRP-NI-PRNc-GRN Otp Glut_3,CCN20230722_SUPT,CS20230722_SUBC_237,CCN20230722_SUBC,3,956,supertype,#8A1799,8,332
CS20230722_SUPT_0958,0958 PRP-NI-PRNc-GRN Otp Glut_4,CCN20230722_SUPT,CS20230722_SUBC_237,CCN20230722_SUBC,3,957,supertype,#196600,4,344
CS20230722_SUPT_0959,0959 NTS Phox2b Glut_1,CCN20230722_SUPT,CS20230722_SUBC_238,CCN20230722_SUBC,3,958,supertype,#73FFD5,12,563
CS20230722_SUPT_0960,0960 NTS Phox2b Glut_2,CCN20230722_SUPT,CS20230722_SUBC_238,CCN20230722_SUBC,3,959,supertype,#992800,8,507
CS20230722_SUPT_0961,0961 NTS Phox2b Glut_3,CCN20230722_SUPT,CS20230722_SUBC_238,CCN20230722_SUBC,3,960,supertype,#490099,11,968
CS20230722_SUPT_0962,0962 NTS Phox2b Glut_4,CCN20230722_SUPT,CS20230722_SUBC_238,CCN20230722_SUBC,3,961,supertype,#4EFF4D,10,773
CS20230722_SUPT_0963,0963 NTS Phox2b Glut_5,CCN20230722_SUPT,CS20230722_SUBC_238,CCN20230722_SUBC,3,962,supertype,#457D99,12,702
CS20230722_SUPT_0964,0964 NTS Phox2b Glut_6,CCN20230722_SUPT,CS20230722_SUBC_238,CCN20230722_SUBC,3,963,supertype,#CC641F,6,382
CS20230722_SUPT_0965,0965 NTS Phox2b Glut_7,CCN20230722_SUPT,CS20230722_SUBC_238,CCN20230722_SUBC,3,964,supertype,#664E3D,6,289
CS20230722_SUPT_0966,0966 NTS Phox2b Glut_8,CCN20230722_SUPT,CS20230722_SUBC_238,CCN20230722_SUBC,3,965,supertype,#581799,6,283
CS20230722_SUPT_0967,0967 NTS Phox2b Glut_9,CCN20230722_SUPT,CS20230722_SUBC_238,CCN20230722_SUBC,3,966,supertype,#50992E,6,464
CS20230722_SUPT_0968,0968 NTS Phox2b Glut_10,CCN20230722_SUPT,CS20230722_SUBC_238,CCN20230722_SUBC,3,967,supertype,#2E996C,6,309
CS20230722_SUPT_0969,0969 MARN-GRN Pyy Glut_1,CCN20230722_SUPT,CS20230722_SUBC_239,CCN20230722_SUBC,3,968,supertype,#f2a14b,1,56
CS20230722_SUPT_0970,0970 MDRNv Lhx4 Qrfprl Glut_1,CCN20230722_SUPT,CS20230722_SUBC_240,CCN20230722_SUBC,3,969,supertype,#006657,1,74
CS20230722_SUPT_0971,0971 NTS Mbnl3 Glut_1,CCN20230722_SUPT,CS20230722_SUBC_241,CCN20230722_SUBC,3,970,supertype,#49f490,1,162
CS20230722_SUPT_0972,0972 PGRNd Dmbx1 Glut_1,CCN20230722_SUPT,CS20230722_SUBC_242,CCN20230722_SUBC,3,971,supertype,#FF73E3,3,92
CS20230722_SUPT_0973,0973 PGRN-PARN-MDRN Hoxb5 Glut_1,CCN20230722_SUPT,CS20230722_SUBC_243,CCN20230722_SUBC,3,972,supertype,#513D66,20,801
CS20230722_SUPT_0974,0974 PGRN-PARN-MDRN Hoxb5 Glut_2,CCN20230722_SUPT,CS20230722_SUBC_243,CCN20230722_SUBC,3,973,supertype,#459987,15,565
CS20230722_SUPT_0975,0975 PGRN-PARN-MDRN Hoxb5 Glut_3,CCN20230722_SUPT,CS20230722_SUBC_243,CCN20230722_SUBC,3,974,supertype,#73FFD9,10,409
CS20230722_SUPT_0976,0976 PGRN-PARN-MDRN Hoxb5 Glut_4,CCN20230722_SUPT,CS20230722_SUBC_243,CCN20230722_SUBC,3,975,supertype,#2E6643,12,407
CS20230722_SUPT_0977,0977 PGRN-PARN-MDRN Hoxb5 Glut_5,CCN20230722_SUPT,CS20230722_SUBC_243,CCN20230722_SUBC,3,976,supertype,#990089,14,555
CS20230722_SUPT_0978,0978 PGRN-PARN-MDRN Hoxb5 Glut_6,CCN20230722_SUPT,CS20230722_SUBC_243,CCN20230722_SUBC,3,977,supertype,#3d72ed,12,246
CS20230722_SUPT_0979,0979 PGRN-PARN-MDRN Hoxb5 Glut_7,CCN20230722_SUPT,CS20230722_SUBC_243,CCN20230722_SUBC,3,978,supertype,#EFFF26,10,599
CS20230722_SUPT_0980,0980 MV-SPIV Slc6a2 Glut_1,CCN20230722_SUPT,CS20230722_SUBC_244,CCN20230722_SUBC,3,979,supertype,#743DCC,6,467
CS20230722_SUPT_0981,0981 SPVI-SPVC Tlx3 Ebf3 Glut_1,CCN20230722_SUPT,CS20230722_SUBC_245,CCN20230722_SUBC,3,980,supertype,#88CC5C,5,295
CS20230722_SUPT_0982,0982 SPVI-SPVC Tlx3 Ebf3 Glut_2,CCN20230722_SUPT,CS20230722_SUBC_245,CCN20230722_SUBC,3,981,supertype,#eec9ff,7,519
CS20230722_SUPT_0983,0983 SPVI-SPVC Tlx3 Ebf3 Glut_3,CCN20230722_SUPT,CS20230722_SUBC_245,CCN20230722_SUBC,3,982,supertype,#C30000,7,511
CS20230722_SUPT_0984,0984 SPVI-SPVC Tlx3 Ebf3 Glut_4,CCN20230722_SUPT,CS20230722_SUBC_245,CCN20230722_SUBC,3,983,supertype,#003F00,7,751
CS20230722_SUPT_0985,0985 SPVI-SPVC Tlx3 Ebf3 Glut_5,CCN20230722_SUPT,CS20230722_SUBC_245,CCN20230722_SUBC,3,984,supertype,#45994F,3,188
CS20230722_SUPT_0986,0986 SPVI-SPVC Tlx3 Ebf3 Glut_6,CCN20230722_SUPT,CS20230722_SUBC_245,CCN20230722_SUBC,3,985,supertype,#002666,4,355
CS20230722_SUPT_0987,0987 SPVI-SPVC Tlx3 Ebf3 Glut_7,CCN20230722_SUPT,CS20230722_SUBC_245,CCN20230722_SUBC,3,986,supertype,#8973FF,3,350
CS20230722_SUPT_0988,0988 CU-ECU-SPVI Foxb1 Glut_1,CCN20230722_SUPT,CS20230722_SUBC_246,CCN20230722_SUBC,3,987,supertype,#A1FF26,20,1246
CS20230722_SUPT_0989,0989 CU-ECU-SPVI Foxb1 Glut_2,CCN20230722_SUPT,CS20230722_SUBC_246,CCN20230722_SUBC,3,988,supertype,#004F99,4,255
CS20230722_SUPT_0990,0990 CU-ECU-SPVI Foxb1 Glut_3,CCN20230722_SUPT,CS20230722_SUBC_246,CCN20230722_SUBC,3,989,supertype,#FFEF26,2,75
CS20230722_SUPT_0991,0991 CU-ECU-SPVI Foxb1 Glut_4,CCN20230722_SUPT,CS20230722_SUBC_246,CCN20230722_SUBC,3,990,supertype,#66502E,1,101
CS20230722_SUPT_0992,0992 MV-SPIV Phox2b Ebf3 Lbx1 Glut_1,CCN20230722_SUPT,CS20230722_SUBC_247,CCN20230722_SUBC,3,991,supertype,#006662,11,552
CS20230722_SUPT_0993,0993 MV-SPIV Phox2b Ebf3 Lbx1 Glut_2,CCN20230722_SUPT,CS20230722_SUBC_247,CCN20230722_SUBC,3,992,supertype,#661F40,1,59
CS20230722_SUPT_0994,0994 MV-SPIV Phox2b Ebf3 Lbx1 Glut_3,CCN20230722_SUPT,CS20230722_SUBC_247,CCN20230722_SUBC,3,993,supertype,#26EB00,1,77
CS20230722_SUPT_0995,0995 MV-SPIV Phox2b Ebf3 Lbx1 Glut_4,CCN20230722_SUPT,CS20230722_SUBC_247,CCN20230722_SUBC,3,994,supertype,#CC00C8,1,46
CS20230722_SUPT_0996,0996 MV-SPIV Phox2b Ebf3 Lbx1 Glut_5,CCN20230722_SUPT,CS20230722_SUBC_247,CCN20230722_SUBC,3,995,supertype,#CC1F5F,1,46
CS20230722_SUPT_0997,0997 MV-SPIV Zic4 Neurod2 Glut_1,CCN20230722_SUPT,CS20230722_SUBC_248,CCN20230722_SUBC,3,996,supertype,#0f8ee2,9,789
CS20230722_SUPT_0998,0998 MV-SPIV Zic4 Neurod2 Glut_2,CCN20230722_SUPT,CS20230722_SUBC_248,CCN20230722_SUBC,3,997,supertype,#73FF7C,6,347
CS20230722_SUPT_0999,0999 MV-SPIV Zic4 Neurod2 Glut_3,CCN20230722_SUPT,CS20230722_SUBC_248,CCN20230722_SUBC,3,998,supertype,#CC5C93,6,400
CS20230722_SUPT_1000,1000 MV-SPIV Zic4 Neurod2 Glut_4,CCN20230722_SUPT,CS20230722_SUBC_248,CCN20230722_SUBC,3,999,supertype,#179994,4,397
CS20230722_SUPT_1001,1001 MV-SPIV Zic4 Neurod2 Glut_5,CCN20230722_SUPT,CS20230722_SUBC_248,CCN20230722_SUBC,3,1000,supertype,#e2dbff,2,55
CS20230722_SUPT_1002,1002 NTS Aldh1a2 Glut_1,CCN20230722_SUPT,CS20230722_SUBC_249,CCN20230722_SUBC,3,1001,supertype,#2E9968,4,205
CS20230722_SUPT_1003,1003 CBN Neurod2 Pvalb Glut_1,CCN20230722_SUPT,CS20230722_SUBC_250,CCN20230722_SUBC,3,1002,supertype,#352E66,4,364
CS20230722_SUPT_1004,1004 NTS Dbh Glut_1,CCN20230722_SUPT,CS20230722_SUBC_251,CCN20230722_SUBC,3,1003,supertype,#FFAD73,8,592
CS20230722_SUPT_1005,1005 NTS Dbh Glut_2,CCN20230722_SUPT,CS20230722_SUBC_251,CCN20230722_SUBC,3,1004,supertype,#A33DCC,9,488
CS20230722_SUPT_1006,1006 NTS Dbh Glut_3,CCN20230722_SUPT,CS20230722_SUBC_251,CCN20230722_SUBC,3,1005,supertype,#99665C,5,371
CS20230722_SUPT_1007,1007 NTS Dbh Glut_4,CCN20230722_SUPT,CS20230722_SUBC_251,CCN20230722_SUBC,3,1006,supertype,#54FF00,2,81
CS20230722_SUPT_1008,1008 NTS Dbh Glut_5,CCN20230722_SUPT,CS20230722_SUBC_251,CCN20230722_SUBC,3,1007,supertype,#3DB3CC,1,78
CS20230722_SUPT_1009,1009 NTS Dbh Glut_6,CCN20230722_SUPT,CS20230722_SUBC_251,CCN20230722_SUBC,3,1008,supertype,#4DF9FF,1,116
CS20230722_SUPT_1010,1010 DMX VII Tbx20 Chol_1,CCN20230722_SUPT,CS20230722_SUBC_252,CCN20230722_SUBC,3,1009,supertype,#66003F,5,288
CS20230722_SUPT_1011,1011 DMX VII Tbx20 Chol_2,CCN20230722_SUPT,CS20230722_SUBC_252,CCN20230722_SUBC,3,1010,supertype,#665C2E,1,51
CS20230722_SUPT_1012,1012 IO Fgl2 Glut_1,CCN20230722_SUPT,CS20230722_SUBC_253,CCN20230722_SUBC,3,1011,supertype,#663D4E,1,142
CS20230722_SUPT_1013,1013 VCO Mafa Meis2 Glut_1,CCN20230722_SUPT,CS20230722_SUBC_254,CCN20230722_SUBC,3,1012,supertype,#994581,3,192
CS20230722_SUPT_1014,1014 VCO Mafa Meis2 Glut_2,CCN20230722_SUPT,CS20230722_SUBC_254,CCN20230722_SUBC,3,1013,supertype,#2E3699,1,139
CS20230722_SUPT_1015,1015 VCO Mafa Meis2 Glut_3,CCN20230722_SUPT,CS20230722_SUBC_254,CCN20230722_SUBC,3,1014,supertype,#c9ea67,4,256
CS20230722_SUPT_1016,1016 VCO Mafa Meis2 Glut_4,CCN20230722_SUPT,CS20230722_SUBC_254,CCN20230722_SUBC,3,1015,supertype,#991738,1,32
CS20230722_SUPT_1017,1017 SPVO Mafa Meis2 Glut_1,CCN20230722_SUPT,CS20230722_SUBC_255,CCN20230722_SUBC,3,1016,supertype,#5C7699,2,137
CS20230722_SUPT_1018,1018 SPVC Mafa Glut_1,CCN20230722_SUPT,CS20230722_SUBC_256,CCN20230722_SUBC,3,1017,supertype,#FF4D86,5,399
CS20230722_SUPT_1019,1019 SPVC Mafa Glut_2,CCN20230722_SUPT,CS20230722_SUBC_256,CCN20230722_SUBC,3,1018,supertype,#64661F,4,2989
CS20230722_SUPT_1020,1020 SPVC Ccdc172 Glut_1,CCN20230722_SUPT,CS20230722_SUBC_257,CCN20230722_SUBC,3,1019,supertype,#179985,9,593
CS20230722_SUPT_1021,1021 SPVC Nmu Glut_1,CCN20230722_SUPT,CS20230722_SUBC_258,CCN20230722_SUBC,3,1020,supertype,#26FCFF,5,783
CS20230722_SUPT_1022,1022 SPVC Nmu Glut_2,CCN20230722_SUPT,CS20230722_SUBC_258,CCN20230722_SUBC,3,1021,supertype,#5DCC5C,2,177
CS20230722_SUPT_1023,1023 MDRNd Bves Glut_1,CCN20230722_SUPT,CS20230722_SUBC_259,CCN20230722_SUBC,3,1022,supertype,#2E6466,3,143
CS20230722_SUPT_1024,1024 MDRNv Crp Glut_1,CCN20230722_SUPT,CS20230722_SUBC_260,CCN20230722_SUBC,3,1023,supertype,#3E1F66,4,119
CS20230722_SUPT_1025,1025 HB Calcb Chol_1,CCN20230722_SUPT,CS20230722_SUBC_261,CCN20230722_SUBC,3,1024,supertype,#99007A,1,27
CS20230722_SUPT_1026,1026 HB Calcb Chol_2,CCN20230722_SUPT,CS20230722_SUBC_261,CCN20230722_SUBC,3,1025,supertype,#CACC3D,1,33
CS20230722_SUPT_1027,1027 HB Calcb Chol_3,CCN20230722_SUPT,CS20230722_SUBC_261,CCN20230722_SUBC,3,1026,supertype,#179982,1,37
CS20230722_SUPT_1028,1028 HB Calcb Chol_4,CCN20230722_SUPT,CS20230722_SUBC_261,CCN20230722_SUBC,3,1027,supertype,#87CC1F,1,121
CS20230722_SUPT_1029,1029 HB Calcb Chol_5,CCN20230722_SUPT,CS20230722_SUBC_261,CCN20230722_SUBC,3,1028,supertype,#FF8B26,1,75
CS20230722_SUPT_1030,1030 Pineal Crx Glut_1,CCN20230722_SUPT,CS20230722_SUBC_262,CCN20230722_SUBC,3,1029,supertype,#3F663D,1,504
CS20230722_SUPT_1031,1031 CS-RPO Meis2 Gaba_1,CCN20230722_SUPT,CS20230722_SUBC_263,CCN20230722_SUBC,3,1030,supertype,#CCA65C,6,327
CS20230722_SUPT_1032,1032 CS-RPO Meis2 Gaba_2,CCN20230722_SUPT,CS20230722_SUBC_263,CCN20230722_SUBC,3,1031,supertype,#00B0CC,5,296
CS20230722_SUPT_1033,1033 CS-RPO Meis2 Gaba_3,CCN20230722_SUPT,CS20230722_SUBC_263,CCN20230722_SUBC,3,1032,supertype,#FF8673,4,296
CS20230722_SUPT_1034,1034 CS-RPO Meis2 Gaba_4,CCN20230722_SUPT,CS20230722_SUBC_263,CCN20230722_SUBC,3,1033,supertype,#99004C,6,390
CS20230722_SUPT_1035,1035 CS-RPO Meis2 Gaba_5,CCN20230722_SUPT,CS20230722_SUBC_263,CCN20230722_SUBC,3,1034,supertype,#70FF00,5,218
CS20230722_SUPT_1036,1036 PRNc Otp Gly-Gaba_1,CCN20230722_SUPT,CS20230722_SUBC_264,CCN20230722_SUBC,3,1035,supertype,#6F3DCC,7,527
CS20230722_SUPT_1037,1037 PRNc Otp Gly-Gaba_2,CCN20230722_SUPT,CS20230722_SUBC_264,CCN20230722_SUBC,3,1036,supertype,#CCC95C,7,289
CS20230722_SUPT_1038,1038 PRNc Otp Gly-Gaba_3,CCN20230722_SUPT,CS20230722_SUBC_264,CCN20230722_SUBC,3,1037,supertype,#CC8A1F,8,402
CS20230722_SUPT_1039,1039 PRNc Otp Gly-Gaba_4,CCN20230722_SUPT,CS20230722_SUBC_264,CCN20230722_SUBC,3,1038,supertype,#630F66,6,496
CS20230722_SUPT_1040,1040 PRNc Otp Gly-Gaba_5,CCN20230722_SUPT,CS20230722_SUBC_264,CCN20230722_SUBC,3,1039,supertype,#CC3700,3,233
CS20230722_SUPT_1041,1041 PB Sst Gly-Gaba_1,CCN20230722_SUPT,CS20230722_SUBC_265,CCN20230722_SUBC,3,1040,supertype,#3D86CC,4,175
CS20230722_SUPT_1042,1042 PB Sst Gly-Gaba_2,CCN20230722_SUPT,CS20230722_SUBC_265,CCN20230722_SUBC,3,1041,supertype,#edc915,1,53
CS20230722_SUPT_1043,1043 PRNc Prox1 Brs3 Gly-Gaba_1,CCN20230722_SUPT,CS20230722_SUBC_266,CCN20230722_SUBC,3,1042,supertype,#7AA8CC,1,274
CS20230722_SUPT_1044,1044 CS-PRNr-PCG Tmem163 Otp Gaba_1,CCN20230722_SUPT,CS20230722_SUBC_267,CCN20230722_SUBC,3,1043,supertype,#26FFD4,13,1005
CS20230722_SUPT_1045,1045 CS-PRNr-PCG Tmem163 Otp Gaba_2,CCN20230722_SUPT,CS20230722_SUBC_267,CCN20230722_SUBC,3,1044,supertype,#7F0099,3,167
CS20230722_SUPT_1046,1046 CS-PRNr-PCG Tmem163 Otp Gaba_3,CCN20230722_SUPT,CS20230722_SUBC_267,CCN20230722_SUBC,3,1045,supertype,#009991,1,23
CS20230722_SUPT_1047,1047 CS-PRNr-DR En1 Sox2 Gaba_1,CCN20230722_SUPT,CS20230722_SUBC_268,CCN20230722_SUBC,3,1046,supertype,#4DFFB7,7,640
CS20230722_SUPT_1048,1048 CS-PRNr-DR En1 Sox2 Gaba_2,CCN20230722_SUPT,CS20230722_SUBC_268,CCN20230722_SUBC,3,1047,supertype,#5D1FCC,11,597
CS20230722_SUPT_1049,1049 LDT Fgf7 Gaba_1,CCN20230722_SUPT,CS20230722_SUBC_269,CCN20230722_SUBC,3,1048,supertype,#99A8FF,3,522
CS20230722_SUPT_1050,1050 LDT-DTN Gata3 Nfix Gaba_1,CCN20230722_SUPT,CS20230722_SUBC_270,CCN20230722_SUBC,3,1049,supertype,#CFFF73,4,301
CS20230722_SUPT_1051,1051 LDT-DTN Gata3 Nfix Gaba_2,CCN20230722_SUPT,CS20230722_SUBC_270,CCN20230722_SUBC,3,1050,supertype,#CC006E,5,502
CS20230722_SUPT_1052,1052 NI-RPO Gata3 Nr4a2 Gaba_1,CCN20230722_SUPT,CS20230722_SUBC_271,CCN20230722_SUBC,3,1051,supertype,#FFC699,5,355
CS20230722_SUPT_1053,1053 NI-RPO Gata3 Nr4a2 Gaba_2,CCN20230722_SUPT,CS20230722_SUBC_271,CCN20230722_SUBC,3,1052,supertype,#2E9939,7,301
CS20230722_SUPT_1054,1054 NI-RPO Gata3 Nr4a2 Gaba_3,CCN20230722_SUPT,CS20230722_SUBC_271,CCN20230722_SUBC,3,1053,supertype,#CC3DA6,1,63
CS20230722_SUPT_1055,1055 NI-RPO Gata3 Nr4a2 Gaba_4,CCN20230722_SUPT,CS20230722_SUBC_271,CCN20230722_SUBC,3,1054,supertype,#8B7ACC,4,236
CS20230722_SUPT_1056,1056 LDT-PCG-CS Gata3 Lhx1 Gaba_1,CCN20230722_SUPT,CS20230722_SUBC_272,CCN20230722_SUBC,3,1055,supertype,#992E7A,5,288
CS20230722_SUPT_1057,1057 LDT-PCG-CS Gata3 Lhx1 Gaba_2,CCN20230722_SUPT,CS20230722_SUBC_272,CCN20230722_SUBC,3,1056,supertype,#1FCC00,4,334
CS20230722_SUPT_1058,1058 LDT-PCG-CS Gata3 Lhx1 Gaba_3,CCN20230722_SUPT,CS20230722_SUBC_272,CCN20230722_SUBC,3,1057,supertype,#3A00CC,2,255
CS20230722_SUPT_1059,1059 LDT-PCG-CS Gata3 Lhx1 Gaba_4,CCN20230722_SUPT,CS20230722_SUBC_272,CCN20230722_SUBC,3,1058,supertype,#FF4DC0,1,118
CS20230722_SUPT_1060,1060 LDT-PCG-CS Gata3 Lhx1 Gaba_5,CCN20230722_SUPT,CS20230722_SUBC_272,CCN20230722_SUBC,3,1059,supertype,#CC695C,3,117
CS20230722_SUPT_1061,1061 PDTg-PCG Pax6 Gaba_1,CCN20230722_SUPT,CS20230722_SUBC_273,CCN20230722_SUBC,3,1060,supertype,#002D99,4,1624
CS20230722_SUPT_1062,1062 PDTg-PCG Pax6 Gaba_2,CCN20230722_SUPT,CS20230722_SUBC_273,CCN20230722_SUBC,3,1061,supertype,#FF9073,1,153
CS20230722_SUPT_1063,1063 PDTg-PCG Pax6 Gaba_3,CCN20230722_SUPT,CS20230722_SUBC_273,CCN20230722_SUBC,3,1062,supertype,#789900,2,804
CS20230722_SUPT_1064,1064 PDTg-PCG Pax6 Gaba_4,CCN20230722_SUPT,CS20230722_SUBC_273,CCN20230722_SUBC,3,1063,supertype,#FF7F73,2,511
CS20230722_SUPT_1065,1065 PDTg Otp Shroom3 Gaba_1,CCN20230722_SUPT,CS20230722_SUBC_274,CCN20230722_SUBC,3,1064,supertype,#FE26FF,2,349
CS20230722_SUPT_1066,1066 PDTg Otp Olig3 Gaba_1,CCN20230722_SUPT,CS20230722_SUBC_275,CCN20230722_SUBC,3,1065,supertype,#0F1B66,3,1105
CS20230722_SUPT_1067,1067 LDT-PCG St18 Gaba_1,CCN20230722_SUPT,CS20230722_SUBC_276,CCN20230722_SUBC,3,1066,supertype,#3DCCB6,9,924
CS20230722_SUPT_1068,1068 LDT-PCG St18 Gaba_2,CCN20230722_SUPT,CS20230722_SUBC_276,CCN20230722_SUBC,3,1067,supertype,#1FB2CC,3,170
CS20230722_SUPT_1069,1069 DTN-LDT-IPN Otp Pax3 Gaba_1,CCN20230722_SUPT,CS20230722_SUBC_277,CCN20230722_SUBC,3,1068,supertype,#3A2E99,4,501
CS20230722_SUPT_1070,1070 DTN-LDT-IPN Otp Pax3 Gaba_2,CCN20230722_SUPT,CS20230722_SUBC_277,CCN20230722_SUBC,3,1069,supertype,#459999,5,796
CS20230722_SUPT_1071,1071 DTN-LDT-IPN Otp Pax3 Gaba_3,CCN20230722_SUPT,CS20230722_SUBC_277,CCN20230722_SUBC,3,1070,supertype,#2E1F66,6,547
CS20230722_SUPT_1072,1072 DTN-LDT-IPN Otp Pax3 Gaba_4,CCN20230722_SUPT,CS20230722_SUBC_277,CCN20230722_SUBC,3,1071,supertype,#FF4DD5,5,1661
CS20230722_SUPT_1073,1073 DTN-LDT-IPN Otp Pax3 Gaba_5,CCN20230722_SUPT,CS20230722_SUBC_277,CCN20230722_SUBC,3,1072,supertype,#2E9974,5,552
CS20230722_SUPT_1074,1074 NLL Gata3 Gly-Gaba_1,CCN20230722_SUPT,CS20230722_SUBC_278,CCN20230722_SUBC,3,1073,supertype,#a4fcb2,5,366
CS20230722_SUPT_1075,1075 NLL Gata3 Gly-Gaba_2,CCN20230722_SUPT,CS20230722_SUBC_278,CCN20230722_SUBC,3,1074,supertype,#7bb9ce,1,38
CS20230722_SUPT_1076,1076 NLL Gata3 Gly-Gaba_3,CCN20230722_SUPT,CS20230722_SUBC_278,CCN20230722_SUBC,3,1075,supertype,#76CC00,1,88
CS20230722_SUPT_1077,1077 NLL Gata3 Gly-Gaba_4,CCN20230722_SUPT,CS20230722_SUBC_278,CCN20230722_SUBC,3,1076,supertype,#f9db31,1,56
CS20230722_SUPT_1078,1078 PSV Pax2 Gly-Gaba_1,CCN20230722_SUPT,CS20230722_SUBC_279,CCN20230722_SUBC,3,1077,supertype,#FF4D62,1,24
CS20230722_SUPT_1079,1079 PSV Pax2 Gly-Gaba_2,CCN20230722_SUPT,CS20230722_SUBC_279,CCN20230722_SUBC,3,1078,supertype,#CC775C,1,19
CS20230722_SUPT_1080,1080 NLL-po Pax7 Gaba_1,CCN20230722_SUPT,CS20230722_SUBC_280,CCN20230722_SUBC,3,1079,supertype,#FF4DEA,1,17
CS20230722_SUPT_1081,1081 POR Gata3 Gly-Gaba_1,CCN20230722_SUPT,CS20230722_SUBC_281,CCN20230722_SUBC,3,1080,supertype,#00FF55,1,79
CS20230722_SUPT_1082,1082 POR Spp1 Gly-Gaba_1,CCN20230722_SUPT,CS20230722_SUBC_282,CCN20230722_SUBC,3,1081,supertype,#69FF26,1,22
CS20230722_SUPT_1083,1083 PRP Otp Gly-Gaba_1,CCN20230722_SUPT,CS20230722_SUBC_283,CCN20230722_SUBC,3,1082,supertype,#FF4DA0,9,626
CS20230722_SUPT_1084,1084 PRP Otp Gly-Gaba_2,CCN20230722_SUPT,CS20230722_SUBC_283,CCN20230722_SUBC,3,1083,supertype,#994559,3,234
CS20230722_SUPT_1085,1085 PRP Otp Gly-Gaba_3,CCN20230722_SUPT,CS20230722_SUBC_283,CCN20230722_SUBC,3,1084,supertype,#5D1F66,7,726
CS20230722_SUPT_1086,1086 PRP Otp Gly-Gaba_4,CCN20230722_SUPT,CS20230722_SUBC_283,CCN20230722_SUBC,3,1085,supertype,#CC0089,6,318
CS20230722_SUPT_1087,1087 PRP Otp Gly-Gaba_5,CCN20230722_SUPT,CS20230722_SUBC_283,CCN20230722_SUBC,3,1086,supertype,#459946,6,415
CS20230722_SUPT_1088,1088 GRN-IRN-MDRNd Ikzf1 Gly-Gaba_1,CCN20230722_SUPT,CS20230722_SUBC_284,CCN20230722_SUBC,3,1087,supertype,#CC008A,3,164
CS20230722_SUPT_1089,1089 MY Lhx1 Gly-Gaba_1,CCN20230722_SUPT,CS20230722_SUBC_285,CCN20230722_SUBC,3,1088,supertype,#3DCC3E,23,634
CS20230722_SUPT_1090,1090 MY Lhx1 Gly-Gaba_2,CCN20230722_SUPT,CS20230722_SUBC_285,CCN20230722_SUBC,3,1089,supertype,#73FFD3,19,442
CS20230722_SUPT_1091,1091 MY Lhx1 Gly-Gaba_3,CCN20230722_SUPT,CS20230722_SUBC_285,CCN20230722_SUBC,3,1090,supertype,#976df9,14,398
CS20230722_SUPT_1092,1092 MY Lhx1 Gly-Gaba_4,CCN20230722_SUPT,CS20230722_SUBC_285,CCN20230722_SUBC,3,1091,supertype,#4D6300,8,205
CS20230722_SUPT_1093,1093 MY Lhx1 Gly-Gaba_5,CCN20230722_SUPT,CS20230722_SUBC_285,CCN20230722_SUBC,3,1092,supertype,#FFD100,9,389
CS20230722_SUPT_1094,1094 MY Lhx1 Gly-Gaba_6,CCN20230722_SUPT,CS20230722_SUBC_285,CCN20230722_SUBC,3,1093,supertype,#F4FF73,2,113
CS20230722_SUPT_1095,1095 MY Lhx1 Gly-Gaba_7,CCN20230722_SUPT,CS20230722_SUBC_285,CCN20230722_SUBC,3,1094,supertype,#FF2B26,2,49
CS20230722_SUPT_1096,1096 MY Lhx1 Gly-Gaba_8,CCN20230722_SUPT,CS20230722_SUBC_285,CCN20230722_SUBC,3,1095,supertype,#553DCC,1,15
CS20230722_SUPT_1097,1097 MY Lhx1 Gly-Gaba_9,CCN20230722_SUPT,CS20230722_SUBC_285,CCN20230722_SUBC,3,1096,supertype,#FF674D,6,213
CS20230722_SUPT_1098,1098 PPY-PGRNl Vip Glyc-Gaba_1,CCN20230722_SUPT,CS20230722_SUBC_286,CCN20230722_SUBC,3,1097,supertype,#CC0047,3,136
CS20230722_SUPT_1099,1099 MV-SPIV-PRP Dmbx1 Gly-Gaba_1,CCN20230722_SUPT,CS20230722_SUBC_287,CCN20230722_SUBC,3,1098,supertype,#3D6DCC,11,716
CS20230722_SUPT_1100,1100 MV-SPIV-PRP Dmbx1 Gly-Gaba_2,CCN20230722_SUPT,CS20230722_SUBC_287,CCN20230722_SUBC,3,1099,supertype,#FF7500,2,72
CS20230722_SUPT_1101,1101 MV-SPIV-PRP Dmbx1 Gly-Gaba_3,CCN20230722_SUPT,CS20230722_SUBC_287,CCN20230722_SUBC,3,1100,supertype,#45996B,2,91
CS20230722_SUPT_1102,1102 MDRN Hoxb5 Ebf2 Gly-Gaba_1,CCN20230722_SUPT,CS20230722_SUBC_288,CCN20230722_SUBC,3,1101,supertype,#5CCCA4,6,350
CS20230722_SUPT_1103,1103 MDRNd Prox1 Pax6 Gly-Gaba_1,CCN20230722_SUPT,CS20230722_SUBC_289,CCN20230722_SUBC,3,1102,supertype,#8E1799,3,210
CS20230722_SUPT_1104,1104 MY Prox1 Lmo7 Gly-Gaba_1,CCN20230722_SUPT,CS20230722_SUBC_290,CCN20230722_SUBC,3,1103,supertype,#65660F,6,400
CS20230722_SUPT_1105,1105 NTS-MDRNd Prox1 Zic1 Gly-Gaba_1,CCN20230722_SUPT,CS20230722_SUBC_291,CCN20230722_SUBC,3,1104,supertype,#3DCCBF,4,379
CS20230722_SUPT_1106,1106 NTS-MDRNd Prox1 Zic1 Gly-Gaba_2,CCN20230722_SUPT,CS20230722_SUBC_291,CCN20230722_SUBC,3,1105,supertype,#4DFF7C,2,228
CS20230722_SUPT_1107,1107 MV Nkx6-1 Gly-Gaba_1,CCN20230722_SUPT,CS20230722_SUBC_292,CCN20230722_SUBC,3,1106,supertype,#992E8C,6,944
CS20230722_SUPT_1108,1108 MV Nkx6-1 Gly-Gaba_2,CCN20230722_SUPT,CS20230722_SUBC_292,CCN20230722_SUBC,3,1107,supertype,#ccf9ff,2,328
CS20230722_SUPT_1109,1109 PAS-MV Ebf2 Gly-Gaba_1,CCN20230722_SUPT,CS20230722_SUBC_293,CCN20230722_SUBC,3,1108,supertype,#FFF399,4,452
CS20230722_SUPT_1110,1110 PAS-MV Ebf2 Gly-Gaba_2,CCN20230722_SUPT,CS20230722_SUBC_293,CCN20230722_SUBC,3,1109,supertype,#549917,5,3146
CS20230722_SUPT_1111,1111 PAS-MV Ebf2 Gly-Gaba_3,CCN20230722_SUPT,CS20230722_SUBC_293,CCN20230722_SUBC,3,1110,supertype,#FF4626,5,876
CS20230722_SUPT_1112,1112 PAS-MV Ebf2 Gly-Gaba_4,CCN20230722_SUPT,CS20230722_SUBC_293,CCN20230722_SUBC,3,1111,supertype,#CC00B6,1,46
CS20230722_SUPT_1113,1113 MV Pax6 Gly-Gaba_1,CCN20230722_SUPT,CS20230722_SUBC_294,CCN20230722_SUBC,3,1112,supertype,#FF26A1,4,522
CS20230722_SUPT_1114,1114 MV Pax6 Gly-Gaba_2,CCN20230722_SUPT,CS20230722_SUBC_294,CCN20230722_SUBC,3,1113,supertype,#1F6657,2,104
CS20230722_SUPT_1115,1115 CBN Dmbx1 Gaba_1,CCN20230722_SUPT,CS20230722_SUBC_295,CCN20230722_SUBC,3,1114,supertype,#174999,2,3641
CS20230722_SUPT_1116,1116 RPA Pax6 Hoxb5 Gly-Gaba_1,CCN20230722_SUPT,CS20230722_SUBC_296,CCN20230722_SUBC,3,1115,supertype,#5C9994,7,336
CS20230722_SUPT_1117,1117 CU-ECU Pax2 Gly-Gaba_1,CCN20230722_SUPT,CS20230722_SUBC_297,CCN20230722_SUBC,3,1116,supertype,#83e559,1,15
CS20230722_SUPT_1118,1118 PRP Gata3 Slc6a5 Gly-Gaba_1,CCN20230722_SUPT,CS20230722_SUBC_298,CCN20230722_SUBC,3,1117,supertype,#661F4F,6,716
CS20230722_SUPT_1119,1119 MARN-PPY Ngfr Gly-Gaba_1,CCN20230722_SUPT,CS20230722_SUBC_299,CCN20230722_SUBC,3,1118,supertype,#999617,2,28
CS20230722_SUPT_1120,1120 PARN-MDRNd-NTS Gbx2 Gly-Gaba_1,CCN20230722_SUPT,CS20230722_SUBC_300,CCN20230722_SUBC,3,1119,supertype,#99FF73,9,355
CS20230722_SUPT_1121,1121 PARN-MDRNd-NTS Gbx2 Gly-Gaba_2,CCN20230722_SUPT,CS20230722_SUBC_300,CCN20230722_SUBC,3,1120,supertype,#00CC93,11,834
CS20230722_SUPT_1122,1122 PARN-MDRNd-NTS Gbx2 Gly-Gaba_3,CCN20230722_SUPT,CS20230722_SUBC_300,CCN20230722_SUBC,3,1121,supertype,#99FFC4,8,733
CS20230722_SUPT_1123,1123 PARN-MDRNd-NTS Gbx2 Gly-Gaba_4,CCN20230722_SUPT,CS20230722_SUBC_300,CCN20230722_SUBC,3,1122,supertype,#45997D,6,522
CS20230722_SUPT_1124,1124 PARN-MDRNd-NTS Gbx2 Gly-Gaba_5,CCN20230722_SUPT,CS20230722_SUBC_300,CCN20230722_SUBC,3,1123,supertype,#A1CC3D,5,239
CS20230722_SUPT_1125,1125 PARN-MDRNd-NTS Gbx2 Gly-Gaba_6,CCN20230722_SUPT,CS20230722_SUBC_300,CCN20230722_SUBC,3,1124,supertype,#999245,5,537
CS20230722_SUPT_1126,1126 PARN-MDRNd-NTS Gbx2 Gly-Gaba_7,CCN20230722_SUPT,CS20230722_SUBC_300,CCN20230722_SUBC,3,1125,supertype,#C000FF,4,738
CS20230722_SUPT_1127,1127 MV Nr4a2 Gly-Gaba_1,CCN20230722_SUPT,CS20230722_SUBC_301,CCN20230722_SUBC,3,1126,supertype,#663D57,1,35
CS20230722_SUPT_1128,1128 MV Xdh Gly-Gaba_1,CCN20230722_SUPT,CS20230722_SUBC_302,CCN20230722_SUBC,3,1127,supertype,#3300FF,1,48
CS20230722_SUPT_1129,1129 IRN Dmbx1 Pax2 Gly-Gaba_1,CCN20230722_SUPT,CS20230722_SUBC_303,CCN20230722_SUBC,3,1128,supertype,#FFD199,4,318
CS20230722_SUPT_1130,1130 NTS-PARN Neurod2 Gly-Gaba_1,CCN20230722_SUPT,CS20230722_SUBC_304,CCN20230722_SUBC,3,1129,supertype,#3D5666,12,1271
CS20230722_SUPT_1131,1131 NTS-PARN Neurod2 Gly-Gaba_2,CCN20230722_SUPT,CS20230722_SUBC_304,CCN20230722_SUBC,3,1130,supertype,#0015CC,8,628
CS20230722_SUPT_1132,1132 NTS-PARN Neurod2 Gly-Gaba_3,CCN20230722_SUPT,CS20230722_SUBC_304,CCN20230722_SUBC,3,1131,supertype,#729945,8,737
CS20230722_SUPT_1133,1133 NTS-PARN Neurod2 Gly-Gaba_4,CCN20230722_SUPT,CS20230722_SUBC_304,CCN20230722_SUBC,3,1132,supertype,#4E2E99,8,1624
CS20230722_SUPT_1134,1134 NTS-PARN Neurod2 Gly-Gaba_5,CCN20230722_SUPT,CS20230722_SUBC_304,CCN20230722_SUBC,3,1133,supertype,#3D6466,6,778
CS20230722_SUPT_1135,1135 NTS-PARN Neurod2 Gly-Gaba_6,CCN20230722_SUPT,CS20230722_SUBC_304,CCN20230722_SUBC,3,1134,supertype,#5CCC8C,6,1199
CS20230722_SUPT_1136,1136 SPVI-SPVC Sall3 Nfib Gly-Gaba_1,CCN20230722_SUPT,CS20230722_SUBC_305,CCN20230722_SUBC,3,1135,supertype,#663D65,17,1185
CS20230722_SUPT_1137,1137 SPVI-SPVC Sall3 Nfib Gly-Gaba_2,CCN20230722_SUPT,CS20230722_SUBC_305,CCN20230722_SUBC,3,1136,supertype,#4D6FFF,7,401
CS20230722_SUPT_1138,1138 SPVI-SPVC Sall3 Lhx1 Gly-Gaba_1,CCN20230722_SUPT,CS20230722_SUBC_306,CCN20230722_SUBC,3,1137,supertype,#19660F,8,1007
CS20230722_SUPT_1139,1139 SPVI-SPVC Sall3 Lhx1 Gly-Gaba_2,CCN20230722_SUPT,CS20230722_SUBC_306,CCN20230722_SUBC,3,1138,supertype,#FF804D,12,997
CS20230722_SUPT_1140,1140 RO-RPA Pkd2l1 Gaba_1,CCN20230722_SUPT,CS20230722_SUBC_307,CCN20230722_SUBC,3,1139,supertype,#998845,3,448
CS20230722_SUPT_1141,1141 DCO Il22 Gly-Gaba_1,CCN20230722_SUPT,CS20230722_SUBC_308,CCN20230722_SUBC,3,1140,supertype,#00FF71,5,872
CS20230722_SUPT_1142,1142 DCO Il22 Gly-Gaba_2,CCN20230722_SUPT,CS20230722_SUBC_308,CCN20230722_SUBC,3,1141,supertype,#4E1F66,1,123
CS20230722_SUPT_1143,1143 DCO Il22 Gly-Gaba_3,CCN20230722_SUPT,CS20230722_SUBC_308,CCN20230722_SUBC,3,1142,supertype,#E0FF26,4,372
CS20230722_SUPT_1144,1144 CB PLI Gly-Gaba_1,CCN20230722_SUPT,CS20230722_SUBC_309,CCN20230722_SUBC,3,1143,supertype,#E626FF,3,3646
CS20230722_SUPT_1145,1145 CB PLI Gly-Gaba_2,CCN20230722_SUPT,CS20230722_SUBC_309,CCN20230722_SUBC,3,1144,supertype,#5CB6CC,3,254
CS20230722_SUPT_1146,1146 CB PLI Gly-Gaba_3,CCN20230722_SUPT,CS20230722_SUBC_309,CCN20230722_SUBC,3,1145,supertype,#1F6628,2,129
CS20230722_SUPT_1147,1147 CB PLI Gly-Gaba_4,CCN20230722_SUPT,CS20230722_SUBC_309,CCN20230722_SUBC,3,1146,supertype,#5D662E,1,442
CS20230722_SUPT_1148,1148 CBX Golgi Gly-Gaba_1,CCN20230722_SUPT,CS20230722_SUBC_310,CCN20230722_SUBC,3,1147,supertype,#992F2E,2,291
CS20230722_SUPT_1149,1149 CBX MLI Megf11 Gaba_1,CCN20230722_SUPT,CS20230722_SUBC_311,CCN20230722_SUBC,3,1148,supertype,#246600,2,31249
CS20230722_SUPT_1150,1150 CBX MLI Megf11 Gaba_2,CCN20230722_SUPT,CS20230722_SUBC_311,CCN20230722_SUBC,3,1149,supertype,#911799,2,370
CS20230722_SUPT_1151,1151 CBX MLI Cdh22 Gaba_1,CCN20230722_SUPT,CS20230722_SUBC_312,CCN20230722_SUBC,3,1150,supertype,#3DA4CC,1,13098
CS20230722_SUPT_1152,1152 CBX Purkinje Gaba_1,CCN20230722_SUPT,CS20230722_SUBC_313,CCN20230722_SUBC,3,1151,supertype,#5ddbdd,2,153
CS20230722_SUPT_1153,1153 CBX Purkinje Gaba_2,CCN20230722_SUPT,CS20230722_SUBC_313,CCN20230722_SUBC,3,1152,supertype,#CC0030,2,227
CS20230722_SUPT_1154,1154 CB Granule Glut_1,CCN20230722_SUPT,CS20230722_SUBC_314,CCN20230722_SUBC,3,1153,supertype,#177399,3,17649
CS20230722_SUPT_1155,1155 CB Granule Glut_2,CCN20230722_SUPT,CS20230722_SUBC_314,CCN20230722_SUBC,3,1154,supertype,#66632E,2,116129
CS20230722_SUPT_1156,1156 DCO UBC Glut_1,CCN20230722_SUPT,CS20230722_SUBC_315,CCN20230722_SUBC,3,1155,supertype,#0F6635,4,7328
CS20230722_SUPT_1157,1157 Bergmann NN_1,CCN20230722_SUPT,CS20230722_SUBC_316,CCN20230722_SUBC,3,1156,supertype,#991769,1,3321
CS20230722_SUPT_1158,1158 Astro-CB NN_1,CCN20230722_SUPT,CS20230722_SUBC_317,CCN20230722_SUBC,3,1157,supertype,#FFB526,1,1716
CS20230722_SUPT_1159,1159 Astro-NT NN_1,CCN20230722_SUPT,CS20230722_SUBC_318,CCN20230722_SUBC,3,1158,supertype,#350099,6,1464
CS20230722_SUPT_1160,1160 Astro-NT NN_2,CCN20230722_SUPT,CS20230722_SUBC_318,CCN20230722_SUBC,3,1159,supertype,#1F8ECC,4,139205
CS20230722_SUPT_1161,1161 Astro-TE NN_1,CCN20230722_SUPT,CS20230722_SUBC_319,CCN20230722_SUBC,3,1160,supertype,#FFB173,4,4763
CS20230722_SUPT_1162,1162 Astro-TE NN_2,CCN20230722_SUPT,CS20230722_SUBC_319,CCN20230722_SUBC,3,1161,supertype,#FF263B,2,423
CS20230722_SUPT_1163,1163 Astro-TE NN_3,CCN20230722_SUPT,CS20230722_SUBC_319,CCN20230722_SUBC,3,1162,supertype,#a8afa5,4,146806
CS20230722_SUPT_1164,1164 Astro-TE NN_4,CCN20230722_SUPT,CS20230722_SUBC_319,CCN20230722_SUBC,3,1163,supertype,#604a55,1,982
CS20230722_SUPT_1165,1165 Astro-TE NN_5,CCN20230722_SUPT,CS20230722_SUBC_319,CCN20230722_SUBC,3,1164,supertype,#B97300,2,1337
CS20230722_SUPT_1166,1166 Astro-OLF NN_1,CCN20230722_SUPT,CS20230722_SUBC_320,CCN20230722_SUBC,3,1165,supertype,#26FF8F,2,1193
CS20230722_SUPT_1167,1167 Astro-OLF NN_2,CCN20230722_SUPT,CS20230722_SUBC_320,CCN20230722_SUBC,3,1166,supertype,#E17300,2,619
CS20230722_SUPT_1168,1168 Astro-OLF NN_3,CCN20230722_SUPT,CS20230722_SUBC_320,CCN20230722_SUBC,3,1167,supertype,#A200CC,2,674
CS20230722_SUPT_1169,1169 Astroependymal NN_1,CCN20230722_SUPT,CS20230722_SUBC_321,CCN20230722_SUBC,3,1168,supertype,#00C7CC,3,654
CS20230722_SUPT_1170,1170 Astroependymal NN_2,CCN20230722_SUPT,CS20230722_SUBC_321,CCN20230722_SUBC,3,1169,supertype,#FF003D,1,66
CS20230722_SUPT_1171,1171 Astroependymal NN_3,CCN20230722_SUPT,CS20230722_SUBC_321,CCN20230722_SUBC,3,1170,supertype,#FFD873,2,512
CS20230722_SUPT_1172,1172 Tanycyte NN_1,CCN20230722_SUPT,CS20230722_SUBC_322,CCN20230722_SUBC,3,1171,supertype,#26FFBF,2,135
CS20230722_SUPT_1173,1173 Tanycyte NN_2,CCN20230722_SUPT,CS20230722_SUBC_322,CCN20230722_SUBC,3,1172,supertype,#86CC5C,5,896
CS20230722_SUPT_1174,1174 Tanycyte NN_3,CCN20230722_SUPT,CS20230722_SUBC_322,CCN20230722_SUBC,3,1173,supertype,#ff99c8,1,41
CS20230722_SUPT_1175,1175 Ependymal NN_1,CCN20230722_SUPT,CS20230722_SUBC_323,CCN20230722_SUBC,3,1174,supertype,#f7f18a,9,2981
CS20230722_SUPT_1176,1176 Ependymal NN_2,CCN20230722_SUPT,CS20230722_SUBC_323,CCN20230722_SUBC,3,1175,supertype,#949945,3,278
CS20230722_SUPT_1177,1177 Hypendymal NN_1,CCN20230722_SUPT,CS20230722_SUBC_324,CCN20230722_SUBC,3,1176,supertype,#C5FF73,1,139
CS20230722_SUPT_1178,1178 CHOR NN_1,CCN20230722_SUPT,CS20230722_SUBC_325,CCN20230722_SUBC,3,1177,supertype,#FF514D,2,476
CS20230722_SUPT_1179,1179 OPC NN_1,CCN20230722_SUPT,CS20230722_SUBC_326,CCN20230722_SUBC,3,1178,supertype,#CC0049,5,121667
CS20230722_SUPT_1180,1180 OPC NN_2,CCN20230722_SUPT,CS20230722_SUBC_326,CCN20230722_SUBC,3,1179,supertype,#564860,1,938
CS20230722_SUPT_1181,1181 COP NN_1,CCN20230722_SUPT,CS20230722_SUBC_327,CCN20230722_SUBC,3,1180,supertype,#609945,6,16063
CS20230722_SUPT_1182,1182 NFOL NN_2,CCN20230722_SUPT,CS20230722_SUBC_327,CCN20230722_SUBC,3,1181,supertype,#371FCC,4,3429
CS20230722_SUPT_1183,1183 MFOL NN_3,CCN20230722_SUPT,CS20230722_SUBC_327,CCN20230722_SUBC,3,1182,supertype,#FF8F73,2,7528
CS20230722_SUPT_1184,1184 MOL NN_4,CCN20230722_SUPT,CS20230722_SUBC_327,CCN20230722_SUBC,3,1183,supertype,#99CAFF,5,395554
CS20230722_SUPT_1185,1185 OEC NN_1,CCN20230722_SUPT,CS20230722_SUBC_328,CCN20230722_SUBC,3,1184,supertype,#3D5266,4,1132
CS20230722_SUPT_1186,1186 ABC NN_1,CCN20230722_SUPT,CS20230722_SUBC_329,CCN20230722_SUBC,3,1185,supertype,#553D66,3,857
CS20230722_SUPT_1187,1187 VLMC NN_1,CCN20230722_SUPT,CS20230722_SUBC_330,CCN20230722_SUBC,3,1186,supertype,#66391F,4,3407
CS20230722_SUPT_1188,1188 VLMC NN_2,CCN20230722_SUPT,CS20230722_SUBC_330,CCN20230722_SUBC,3,1187,supertype,#4D5CFF,2,5508
CS20230722_SUPT_1189,1189 VLMC NN_3,CCN20230722_SUPT,CS20230722_SUBC_330,CCN20230722_SUBC,3,1188,supertype,#2E665B,1,113
CS20230722_SUPT_1190,1190 VLMC NN_4,CCN20230722_SUPT,CS20230722_SUBC_330,CCN20230722_SUBC,3,1189,supertype,#FF99B6,1,76
CS20230722_SUPT_1191,1191 Peri NN_1,CCN20230722_SUPT,CS20230722_SUBC_331,CCN20230722_SUBC,3,1190,supertype,#2F00CC,2,24907
CS20230722_SUPT_1192,1192 SMC NN_1,CCN20230722_SUPT,CS20230722_SUBC_332,CCN20230722_SUBC,3,1191,supertype,#1F6566,3,14614
CS20230722_SUPT_1193,1193 Endo NN_1,CCN20230722_SUPT,CS20230722_SUBC_333,CCN20230722_SUBC,3,1192,supertype,#00992A,3,88011
CS20230722_SUPT_1194,1194 Microglia NN_1,CCN20230722_SUPT,CS20230722_SUBC_334,CCN20230722_SUBC,3,1193,supertype,#62CC3D,1,86232
CS20230722_SUPT_1195,1195 BAM NN_1,CCN20230722_SUPT,CS20230722_SUBC_335,CCN20230722_SUBC,3,1194,supertype,#32662E,2,5626
CS20230722_SUPT_1196,1196 Monocytes NN_1,CCN20230722_SUPT,CS20230722_SUBC_336,CCN20230722_SUBC,3,1195,supertype,#C299FF,1,33
CS20230722_SUPT_1197,1197 DC NN_1,CCN20230722_SUPT,CS20230722_SUBC_337,CCN20230722_SUBC,3,1196,supertype,#FF999F,3,285
CS20230722_SUPT_1198,1198 B cells NN_1,CCN20230722_SUPT,CS20230722_SUBC_338,CCN20230722_SUBC,3,1197,supertype,#660028,1,45
CS20230722_SUPT_1199,1199 ILC NN_2,CCN20230722_SUPT,CS20230722_SUBC_338,CCN20230722_SUBC,3,1198,supertype,#00CC1C,1,28
CS20230722_SUPT_1200,1200 NK cells NN_3,CCN20230722_SUPT,CS20230722_SUBC_338,CCN20230722_SUBC,3,1199,supertype,#008199,1,132
CS20230722_SUPT_1201,1201 T cells NN_4,CCN20230722_SUPT,CS20230722_SUBC_338,CCN20230722_SUBC,3,1200,supertype,#995E2E,1,199
CS20230722_CLUS_0001,0001 CLA-EPd-CTX Car3 Glut_1,CCN20230722_CLUS,CS20230722_SUPT_0001,CCN20230722_SUPT,4,0,cluster,#00664E,1,4262
CS20230722_CLUS_0002,0002 CLA-EPd-CTX Car3 Glut_1,CCN20230722_CLUS,CS20230722_SUPT_0001,CCN20230722_SUPT,4,1,cluster,#5C79CC,1,3222
CS20230722_CLUS_0003,0003 CLA-EPd-CTX Car3 Glut_1,CCN20230722_CLUS,CS20230722_SUPT_0001,CCN20230722_SUPT,4,2,cluster,#86FF4D,1,12216
CS20230722_CLUS_0004,0004 CLA-EPd-CTX Car3 Glut_1,CCN20230722_CLUS,CS20230722_SUPT_0001,CCN20230722_SUPT,4,3,cluster,#CC563D,1,9334
CS20230722_CLUS_0005,0005 CLA-EPd-CTX Car3 Glut_2,CCN20230722_CLUS,CS20230722_SUPT_0002,CCN20230722_SUPT,4,4,cluster,#E7FF26,1,1056
CS20230722_CLUS_0006,0006 IT EP-CLA Glut_1,CCN20230722_CLUS,CS20230722_SUPT_0003,CCN20230722_SUPT,4,5,cluster,#66512E,1,2648
CS20230722_CLUS_0007,0007 IT EP-CLA Glut_1,CCN20230722_CLUS,CS20230722_SUPT_0003,CCN20230722_SUPT,4,6,cluster,#26FF46,1,9681
CS20230722_CLUS_0008,0008 IT EP-CLA Glut_1,CCN20230722_CLUS,CS20230722_SUPT_0003,CCN20230722_SUPT,4,7,cluster,#73D7FF,1,2472
CS20230722_CLUS_0009,0009 IT EP-CLA Glut_1,CCN20230722_CLUS,CS20230722_SUPT_0003,CCN20230722_SUPT,4,8,cluster,#995C94,1,2167
CS20230722_CLUS_0010,0010 IT EP-CLA Glut_1,CCN20230722_CLUS,CS20230722_SUPT_0003,CCN20230722_SUPT,4,9,cluster,#230099,1,441
CS20230722_CLUS_0011,0011 IT EP-CLA Glut_1,CCN20230722_CLUS,CS20230722_SUPT_0003,CCN20230722_SUPT,4,10,cluster,#8F5CCC,1,1519
CS20230722_CLUS_0012,0012 IT EP-CLA Glut_1,CCN20230722_CLUS,CS20230722_SUPT_0003,CCN20230722_SUPT,4,11,cluster,#459199,1,990
CS20230722_CLUS_0013,0013 IT EP-CLA Glut_2,CCN20230722_CLUS,CS20230722_SUPT_0004,CCN20230722_SUPT,4,12,cluster,#526600,1,322
CS20230722_CLUS_0014,0014 IT EP-CLA Glut_2,CCN20230722_CLUS,CS20230722_SUPT_0004,CCN20230722_SUPT,4,13,cluster,#994549,1,849
CS20230722_CLUS_0015,0015 IT EP-CLA Glut_2,CCN20230722_CLUS,CS20230722_SUPT_0004,CCN20230722_SUPT,4,14,cluster,#2E9799,1,304
CS20230722_CLUS_0016,0016 IT EP-CLA Glut_2,CCN20230722_CLUS,CS20230722_SUPT_0004,CCN20230722_SUPT,4,15,cluster,#5C996F,1,440
CS20230722_CLUS_0017,0017 IT EP-CLA Glut_2,CCN20230722_CLUS,CS20230722_SUPT_0004,CCN20230722_SUPT,4,16,cluster,#006FCC,1,1518
CS20230722_CLUS_0018,0018 IT EP-CLA Glut_3,CCN20230722_CLUS,CS20230722_SUPT_0005,CCN20230722_SUPT,4,17,cluster,#661F28,1,296
CS20230722_CLUS_0019,0019 IT EP-CLA Glut_3,CCN20230722_CLUS,CS20230722_SUPT_0005,CCN20230722_SUPT,4,18,cluster,#663D4D,1,411
CS20230722_CLUS_0020,0020 IT EP-CLA Glut_3,CCN20230722_CLUS,CS20230722_SUPT_0005,CCN20230722_SUPT,4,19,cluster,#CC3D66,1,91
CS20230722_CLUS_0021,0021 IT EP-CLA Glut_4,CCN20230722_CLUS,CS20230722_SUPT_0006,CCN20230722_SUPT,4,20,cluster,#C273FF,1,318
CS20230722_CLUS_0022,0022 IT EP-CLA Glut_4,CCN20230722_CLUS,CS20230722_SUPT_0006,CCN20230722_SUPT,4,21,cluster,#411799,1,346
CS20230722_CLUS_0023,0023 L5/6 IT TPE-ENT Glut_1,CCN20230722_CLUS,CS20230722_SUPT_0007,CCN20230722_SUPT,4,22,cluster,#DE00FF,1,817
CS20230722_CLUS_0024,0024 L5/6 IT TPE-ENT Glut_1,CCN20230722_CLUS,CS20230722_SUPT_0007,CCN20230722_SUPT,4,23,cluster,#26A1FF,1,751
CS20230722_CLUS_0025,0025 L5/6 IT TPE-ENT Glut_1,CCN20230722_CLUS,CS20230722_SUPT_0007,CCN20230722_SUPT,4,24,cluster,#C5CC5C,1,512
CS20230722_CLUS_0026,0026 L5/6 IT TPE-ENT Glut_2,CCN20230722_CLUS,CS20230722_SUPT_0008,CCN20230722_SUPT,4,25,cluster,#009975,1,3375
CS20230722_CLUS_0027,0027 L5/6 IT TPE-ENT Glut_2,CCN20230722_CLUS,CS20230722_SUPT_0008,CCN20230722_SUPT,4,26,cluster,#351F66,1,739
CS20230722_CLUS_0028,0028 L5/6 IT TPE-ENT Glut_2,CCN20230722_CLUS,CS20230722_SUPT_0008,CCN20230722_SUPT,4,27,cluster,#6E00CC,1,549
CS20230722_CLUS_0029,0029 L5/6 IT TPE-ENT Glut_3,CCN20230722_CLUS,CS20230722_SUPT_0009,CCN20230722_SUPT,4,28,cluster,#0025FF,1,2902
CS20230722_CLUS_0030,0030 L5/6 IT TPE-ENT Glut_4,CCN20230722_CLUS,CS20230722_SUPT_0010,CCN20230722_SUPT,4,29,cluster,#60992E,1,1791
CS20230722_CLUS_0031,0031 L5/6 IT TPE-ENT Glut_5,CCN20230722_CLUS,CS20230722_SUPT_0011,CCN20230722_SUPT,4,30,cluster,#663D42,1,225
CS20230722_CLUS_0032,0032 L5/6 IT TPE-ENT Glut_6,CCN20230722_CLUS,CS20230722_SUPT_0012,CCN20230722_SUPT,4,31,cluster,#009799,1,193
CS20230722_CLUS_0033,0033 L6 IT CTX Glut_1,CCN20230722_CLUS,CS20230722_SUPT_0013,CCN20230722_SUPT,4,32,cluster,#74CC00,1,1137
CS20230722_CLUS_0034,0034 L6 IT CTX Glut_1,CCN20230722_CLUS,CS20230722_SUPT_0013,CCN20230722_SUPT,4,33,cluster,#231F66,1,4215
CS20230722_CLUS_0035,0035 L6 IT CTX Glut_1,CCN20230722_CLUS,CS20230722_SUPT_0013,CCN20230722_SUPT,4,34,cluster,#992E85,1,1053
CS20230722_CLUS_0036,0036 L6 IT CTX Glut_1,CCN20230722_CLUS,CS20230722_SUPT_0013,CCN20230722_SUPT,4,35,cluster,#790099,1,2937
CS20230722_CLUS_0037,0037 L6 IT CTX Glut_1,CCN20230722_CLUS,CS20230722_SUPT_0013,CCN20230722_SUPT,4,36,cluster,#00CC1A,1,9559
CS20230722_CLUS_0038,0038 L6 IT CTX Glut_2,CCN20230722_CLUS,CS20230722_SUPT_0014,CCN20230722_SUPT,4,37,cluster,#289917,1,3980
CS20230722_CLUS_0039,0039 L6 IT CTX Glut_2,CCN20230722_CLUS,CS20230722_SUPT_0014,CCN20230722_SUPT,4,38,cluster,#99EFFF,1,1299
CS20230722_CLUS_0040,0040 L6 IT CTX Glut_2,CCN20230722_CLUS,CS20230722_SUPT_0014,CCN20230722_SUPT,4,39,cluster,#661D0F,1,5662
CS20230722_CLUS_0041,0041 L6 IT CTX Glut_2,CCN20230722_CLUS,CS20230722_SUPT_0014,CCN20230722_SUPT,4,40,cluster,#CC5CAE,1,28459
CS20230722_CLUS_0042,0042 L6 IT CTX Glut_2,CCN20230722_CLUS,CS20230722_SUPT_0014,CCN20230722_SUPT,4,41,cluster,#661F47,1,6153
CS20230722_CLUS_0043,0043 L6 IT CTX Glut_2,CCN20230722_CLUS,CS20230722_SUPT_0014,CCN20230722_SUPT,4,42,cluster,#664C3D,1,3176
CS20230722_CLUS_0044,0044 L6 IT CTX Glut_3,CCN20230722_CLUS,CS20230722_SUPT_0015,CCN20230722_SUPT,4,43,cluster,#CC695C,1,1881
CS20230722_CLUS_0045,0045 L6 IT CTX Glut_3,CCN20230722_CLUS,CS20230722_SUPT_0015,CCN20230722_SUPT,4,44,cluster,#753DCC,1,1887
CS20230722_CLUS_0046,0046 L6 IT CTX Glut_3,CCN20230722_CLUS,CS20230722_SUPT_0015,CCN20230722_SUPT,4,45,cluster,#2E998A,1,4813
CS20230722_CLUS_0047,0047 L6 IT CTX Glut_3,CCN20230722_CLUS,CS20230722_SUPT_0015,CCN20230722_SUPT,4,46,cluster,#B199FF,1,1988
CS20230722_CLUS_0048,0048 L6 IT CTX Glut_3,CCN20230722_CLUS,CS20230722_SUPT_0015,CCN20230722_SUPT,4,47,cluster,#998F5C,1,4384
CS20230722_CLUS_0049,0049 L6 IT CTX Glut_4,CCN20230722_CLUS,CS20230722_SUPT_0016,CCN20230722_SUPT,4,48,cluster,#FF26FD,1,1742
CS20230722_CLUS_0050,0050 L6 IT CTX Glut_4,CCN20230722_CLUS,CS20230722_SUPT_0016,CCN20230722_SUPT,4,49,cluster,#991782,1,5366
CS20230722_CLUS_0051,0051 L6 IT CTX Glut_4,CCN20230722_CLUS,CS20230722_SUPT_0016,CCN20230722_SUPT,4,50,cluster,#995C84,1,1654
CS20230722_CLUS_0052,0052 L6 IT CTX Glut_4,CCN20230722_CLUS,CS20230722_SUPT_0016,CCN20230722_SUPT,4,51,cluster,#26FFEC,1,9845
CS20230722_CLUS_0053,0053 L6 IT CTX Glut_5,CCN20230722_CLUS,CS20230722_SUPT_0017,CCN20230722_SUPT,4,52,cluster,#CC3DBC,1,4519
CS20230722_CLUS_0054,0054 L6 IT CTX Glut_5,CCN20230722_CLUS,CS20230722_SUPT_0017,CCN20230722_SUPT,4,53,cluster,#5A9917,1,3204
CS20230722_CLUS_0055,0055 L5 IT CTX Glut_1,CCN20230722_CLUS,CS20230722_SUPT_0018,CCN20230722_SUPT,4,54,cluster,#2CFF00,1,3404
CS20230722_CLUS_0056,0056 L5 IT CTX Glut_1,CCN20230722_CLUS,CS20230722_SUPT_0018,CCN20230722_SUPT,4,55,cluster,#FF4D6C,1,10126
CS20230722_CLUS_0057,0057 L5 IT CTX Glut_1,CCN20230722_CLUS,CS20230722_SUPT_0018,CCN20230722_SUPT,4,56,cluster,#246600,1,1053
CS20230722_CLUS_0058,0058 L5 IT CTX Glut_2,CCN20230722_CLUS,CS20230722_SUPT_0019,CCN20230722_SUPT,4,57,cluster,#7FCC5C,1,5274
CS20230722_CLUS_0059,0059 L5 IT CTX Glut_2,CCN20230722_CLUS,CS20230722_SUPT_0019,CCN20230722_SUPT,4,58,cluster,#FF002F,1,3044
CS20230722_CLUS_0060,0060 L5 IT CTX Glut_2,CCN20230722_CLUS,CS20230722_SUPT_0019,CCN20230722_SUPT,4,59,cluster,#A400FF,1,12487
CS20230722_CLUS_0061,0061 L5 IT CTX Glut_3,CCN20230722_CLUS,CS20230722_SUPT_0020,CCN20230722_SUPT,4,60,cluster,#38660F,1,19360
CS20230722_CLUS_0062,0062 L5 IT CTX Glut_3,CCN20230722_CLUS,CS20230722_SUPT_0020,CCN20230722_SUPT,4,61,cluster,#FF3500,1,1739
CS20230722_CLUS_0063,0063 L5 IT CTX Glut_4,CCN20230722_CLUS,CS20230722_SUPT_0021,CCN20230722_SUPT,4,62,cluster,#990036,1,82
CS20230722_CLUS_0064,0064 L5 IT CTX Glut_4,CCN20230722_CLUS,CS20230722_SUPT_0021,CCN20230722_SUPT,4,63,cluster,#99FFC3,1,7595
CS20230722_CLUS_0065,0065 L5 IT CTX Glut_5,CCN20230722_CLUS,CS20230722_SUPT_0022,CCN20230722_SUPT,4,64,cluster,#471799,1,2460
CS20230722_CLUS_0066,0066 L4/5 IT CTX Glut_1,CCN20230722_CLUS,CS20230722_SUPT_0023,CCN20230722_SUPT,4,65,cluster,#0086FF,1,1881
CS20230722_CLUS_0067,0067 L4/5 IT CTX Glut_1,CCN20230722_CLUS,CS20230722_SUPT_0023,CCN20230722_SUPT,4,66,cluster,#FF9E73,1,4282
CS20230722_CLUS_0068,0068 L4/5 IT CTX Glut_1,CCN20230722_CLUS,CS20230722_SUPT_0023,CCN20230722_SUPT,4,67,cluster,#452E66,1,2964
CS20230722_CLUS_0069,0069 L4/5 IT CTX Glut_1,CCN20230722_CLUS,CS20230722_SUPT_0023,CCN20230722_SUPT,4,68,cluster,#997145,1,38128
CS20230722_CLUS_0070,0070 L4/5 IT CTX Glut_1,CCN20230722_CLUS,CS20230722_SUPT_0023,CCN20230722_SUPT,4,69,cluster,#4A662E,1,4700
CS20230722_CLUS_0071,0071 L4/5 IT CTX Glut_1,CCN20230722_CLUS,CS20230722_SUPT_0023,CCN20230722_SUPT,4,70,cluster,#0025CC,1,4727
CS20230722_CLUS_0072,0072 L4/5 IT CTX Glut_1,CCN20230722_CLUS,CS20230722_SUPT_0023,CCN20230722_SUPT,4,71,cluster,#955CCC,1,4526
CS20230722_CLUS_0073,0073 L4/5 IT CTX Glut_1,CCN20230722_CLUS,CS20230722_SUPT_0023,CCN20230722_SUPT,4,72,cluster,#660026,1,12563
CS20230722_CLUS_0074,0074 L4/5 IT CTX Glut_1,CCN20230722_CLUS,CS20230722_SUPT_0023,CCN20230722_SUPT,4,73,cluster,#581F66,1,12059
CS20230722_CLUS_0075,0075 L4/5 IT CTX Glut_2,CCN20230722_CLUS,CS20230722_SUPT_0024,CCN20230722_SUPT,4,74,cluster,#A500CC,1,1451
CS20230722_CLUS_0076,0076 L4/5 IT CTX Glut_2,CCN20230722_CLUS,CS20230722_SUPT_0024,CCN20230722_SUPT,4,75,cluster,#45997F,1,386
CS20230722_CLUS_0077,0077 L4/5 IT CTX Glut_2,CCN20230722_CLUS,CS20230722_SUPT_0024,CCN20230722_SUPT,4,76,cluster,#996F45,1,278
CS20230722_CLUS_0078,0078 L4/5 IT CTX Glut_2,CCN20230722_CLUS,CS20230722_SUPT_0024,CCN20230722_SUPT,4,77,cluster,#2E998F,1,5324
CS20230722_CLUS_0079,0079 L4/5 IT CTX Glut_2,CCN20230722_CLUS,CS20230722_SUPT_0024,CCN20230722_SUPT,4,78,cluster,#FF774D,1,43927
CS20230722_CLUS_0080,0080 L4/5 IT CTX Glut_2,CCN20230722_CLUS,CS20230722_SUPT_0024,CCN20230722_SUPT,4,79,cluster,#CCC73D,1,13356
CS20230722_CLUS_0081,0081 L4/5 IT CTX Glut_2,CCN20230722_CLUS,CS20230722_SUPT_0024,CCN20230722_SUPT,4,80,cluster,#006641,1,9768
CS20230722_CLUS_0082,0082 L4/5 IT CTX Glut_2,CCN20230722_CLUS,CS20230722_SUPT_0024,CCN20230722_SUPT,4,81,cluster,#990047,1,6302
CS20230722_CLUS_0083,0083 L4/5 IT CTX Glut_3,CCN20230722_CLUS,CS20230722_SUPT_0025,CCN20230722_SUPT,4,82,cluster,#997B00,1,1039
CS20230722_CLUS_0084,0084 L4/5 IT CTX Glut_3,CCN20230722_CLUS,CS20230722_SUPT_0025,CCN20230722_SUPT,4,83,cluster,#99FFE8,1,3624
CS20230722_CLUS_0085,0085 L4/5 IT CTX Glut_3,CCN20230722_CLUS,CS20230722_SUPT_0025,CCN20230722_SUPT,4,84,cluster,#995C97,1,1754
CS20230722_CLUS_0086,0086 L4/5 IT CTX Glut_3,CCN20230722_CLUS,CS20230722_SUPT_0025,CCN20230722_SUPT,4,85,cluster,#1F663B,1,1955
CS20230722_CLUS_0087,0087 L4/5 IT CTX Glut_3,CCN20230722_CLUS,CS20230722_SUPT_0025,CCN20230722_SUPT,4,86,cluster,#FF73C7,1,2860
CS20230722_CLUS_0088,0088 L4/5 IT CTX Glut_3,CCN20230722_CLUS,CS20230722_SUPT_0025,CCN20230722_SUPT,4,87,cluster,#99456B,1,504
CS20230722_CLUS_0089,0089 L4/5 IT CTX Glut_4,CCN20230722_CLUS,CS20230722_SUPT_0026,CCN20230722_SUPT,4,88,cluster,#772E99,1,798
CS20230722_CLUS_0090,0090 L4/5 IT CTX Glut_4,CCN20230722_CLUS,CS20230722_SUPT_0026,CCN20230722_SUPT,4,89,cluster,#99FFCA,1,3332
CS20230722_CLUS_0091,0091 L4/5 IT CTX Glut_4,CCN20230722_CLUS,CS20230722_SUPT_0026,CCN20230722_SUPT,4,90,cluster,#1FBBCC,1,6838
CS20230722_CLUS_0092,0092 L4/5 IT CTX Glut_4,CCN20230722_CLUS,CS20230722_SUPT_0026,CCN20230722_SUPT,4,91,cluster,#543D66,1,7765
CS20230722_CLUS_0093,0093 L4/5 IT CTX Glut_4,CCN20230722_CLUS,CS20230722_SUPT_0026,CCN20230722_SUPT,4,92,cluster,#2E3066,1,3484
CS20230722_CLUS_0094,0094 L4/5 IT CTX Glut_4,CCN20230722_CLUS,CS20230722_SUPT_0026,CCN20230722_SUPT,4,93,cluster,#901FCC,1,930
CS20230722_CLUS_0095,0095 L4/5 IT CTX Glut_5,CCN20230722_CLUS,CS20230722_SUPT_0027,CCN20230722_SUPT,4,94,cluster,#47CC00,1,13424
CS20230722_CLUS_0096,0096 L4/5 IT CTX Glut_5,CCN20230722_CLUS,CS20230722_SUPT_0027,CCN20230722_SUPT,4,95,cluster,#FFDE73,1,23945
CS20230722_CLUS_0097,0097 L4/5 IT CTX Glut_5,CCN20230722_CLUS,CS20230722_SUPT_0027,CCN20230722_SUPT,4,96,cluster,#1C0099,1,37698
CS20230722_CLUS_0098,0098 L4/5 IT CTX Glut_5,CCN20230722_CLUS,CS20230722_SUPT_0027,CCN20230722_SUPT,4,97,cluster,#661B0F,1,1738
CS20230722_CLUS_0099,0099 L4/5 IT CTX Glut_6,CCN20230722_CLUS,CS20230722_SUPT_0028,CCN20230722_SUPT,4,98,cluster,#2E6299,1,6055
CS20230722_CLUS_0100,0100 L4/5 IT CTX Glut_6,CCN20230722_CLUS,CS20230722_SUPT_0028,CCN20230722_SUPT,4,99,cluster,#99E4FF,1,72787
CS20230722_CLUS_0101,0101 L4/5 IT CTX Glut_6,CCN20230722_CLUS,CS20230722_SUPT_0028,CCN20230722_SUPT,4,100,cluster,#412E66,1,11991
CS20230722_CLUS_0102,0102 L4/5 IT CTX Glut_6,CCN20230722_CLUS,CS20230722_SUPT_0028,CCN20230722_SUPT,4,101,cluster,#007199,1,78
CS20230722_CLUS_0103,0103 L2/3 IT CTX Glut_1,CCN20230722_CLUS,CS20230722_SUPT_0029,CCN20230722_SUPT,4,102,cluster,#460066,1,681
CS20230722_CLUS_0104,0104 L2/3 IT CTX Glut_1,CCN20230722_CLUS,CS20230722_SUPT_0029,CCN20230722_SUPT,4,103,cluster,#660F46,1,1462
CS20230722_CLUS_0105,0105 L2/3 IT CTX Glut_1,CCN20230722_CLUS,CS20230722_SUPT_0029,CCN20230722_SUPT,4,104,cluster,#3D4C66,1,6785
CS20230722_CLUS_0106,0106 L2/3 IT CTX Glut_1,CCN20230722_CLUS,CS20230722_SUPT_0029,CCN20230722_SUPT,4,105,cluster,#937ACC,1,1069
CS20230722_CLUS_0107,0107 L2/3 IT CTX Glut_1,CCN20230722_CLUS,CS20230722_SUPT_0029,CCN20230722_SUPT,4,106,cluster,#3D6566,1,1022
CS20230722_CLUS_0108,0108 L2/3 IT CTX Glut_2,CCN20230722_CLUS,CS20230722_SUPT_0030,CCN20230722_SUPT,4,107,cluster,#413D66,1,673
CS20230722_CLUS_0109,0109 L2/3 IT CTX Glut_2,CCN20230722_CLUS,CS20230722_SUPT_0030,CCN20230722_SUPT,4,108,cluster,#AA7ACC,1,100893
CS20230722_CLUS_0110,0110 L2/3 IT CTX Glut_2,CCN20230722_CLUS,CS20230722_SUPT_0030,CCN20230722_SUPT,4,109,cluster,#FFEC99,1,13074
CS20230722_CLUS_0111,0111 L2/3 IT CTX Glut_2,CCN20230722_CLUS,CS20230722_SUPT_0030,CCN20230722_SUPT,4,110,cluster,#00FFF4,1,6043
CS20230722_CLUS_0112,0112 L2/3 IT CTX Glut_2,CCN20230722_CLUS,CS20230722_SUPT_0030,CCN20230722_SUPT,4,111,cluster,#991E00,1,8214
CS20230722_CLUS_0113,0113 L2/3 IT CTX Glut_3,CCN20230722_CLUS,CS20230722_SUPT_0031,CCN20230722_SUPT,4,112,cluster,#4DBDFF,1,2130
CS20230722_CLUS_0114,0114 L2/3 IT CTX Glut_3,CCN20230722_CLUS,CS20230722_SUPT_0031,CCN20230722_SUPT,4,113,cluster,#1F6624,1,3682
CS20230722_CLUS_0115,0115 L2/3 IT CTX Glut_3,CCN20230722_CLUS,CS20230722_SUPT_0031,CCN20230722_SUPT,4,114,cluster,#7ACCB8,1,640
CS20230722_CLUS_0116,0116 L2/3 IT CTX Glut_3,CCN20230722_CLUS,CS20230722_SUPT_0031,CCN20230722_SUPT,4,115,cluster,#43992E,1,7845
CS20230722_CLUS_0117,0117 L2/3 IT CTX Glut_4,CCN20230722_CLUS,CS20230722_SUPT_0032,CCN20230722_SUPT,4,116,cluster,#1F6646,1,4118
CS20230722_CLUS_0118,0118 L2/3 IT CTX Glut_4,CCN20230722_CLUS,CS20230722_SUPT_0032,CCN20230722_SUPT,4,117,cluster,#665C0F,1,13162
CS20230722_CLUS_0119,0119 L2/3 IT CTX Glut_4,CCN20230722_CLUS,CS20230722_SUPT_0032,CCN20230722_SUPT,4,118,cluster,#1F6623,1,609
CS20230722_CLUS_0120,0120 L2/3 IT CTX Glut_4,CCN20230722_CLUS,CS20230722_SUPT_0032,CCN20230722_SUPT,4,119,cluster,#3C662E,1,111
CS20230722_CLUS_0121,0121 L2/3 IT ENT Glut_1,CCN20230722_CLUS,CS20230722_SUPT_0033,CCN20230722_SUPT,4,120,cluster,#006266,1,434
CS20230722_CLUS_0122,0122 L2/3 IT ENT Glut_1,CCN20230722_CLUS,CS20230722_SUPT_0033,CCN20230722_SUPT,4,121,cluster,#4DF9FF,1,579
CS20230722_CLUS_0123,0123 L2/3 IT ENT Glut_1,CCN20230722_CLUS,CS20230722_SUPT_0033,CCN20230722_SUPT,4,122,cluster,#1FCC41,1,286
CS20230722_CLUS_0124,0124 L2/3 IT ENT Glut_2,CCN20230722_CLUS,CS20230722_SUPT_0034,CCN20230722_SUPT,4,123,cluster,#2E4B66,1,414
CS20230722_CLUS_0125,0125 L2/3 IT ENT Glut_2,CCN20230722_CLUS,CS20230722_SUPT_0034,CCN20230722_SUPT,4,124,cluster,#CC9D3D,1,108
CS20230722_CLUS_0126,0126 L2/3 IT ENT Glut_2,CCN20230722_CLUS,CS20230722_SUPT_0034,CCN20230722_SUPT,4,125,cluster,#7ACC97,1,344
CS20230722_CLUS_0127,0127 L2/3 IT ENT Glut_3,CCN20230722_CLUS,CS20230722_SUPT_0035,CCN20230722_SUPT,4,126,cluster,#5C9CCC,1,431
CS20230722_CLUS_0128,0128 L2/3 IT ENT Glut_3,CCN20230722_CLUS,CS20230722_SUPT_0035,CCN20230722_SUPT,4,127,cluster,#95995C,1,1187
CS20230722_CLUS_0129,0129 L2/3 IT ENT Glut_3,CCN20230722_CLUS,CS20230722_SUPT_0035,CCN20230722_SUPT,4,128,cluster,#3D63CC,1,909
CS20230722_CLUS_0130,0130 L2/3 IT ENT Glut_4,CCN20230722_CLUS,CS20230722_SUPT_0036,CCN20230722_SUPT,4,129,cluster,#6C5CCC,1,6244
CS20230722_CLUS_0131,0131 L2/3 IT ENT Glut_4,CCN20230722_CLUS,CS20230722_SUPT_0036,CCN20230722_SUPT,4,130,cluster,#A14DFF,1,518
CS20230722_CLUS_0132,0132 L2/3 IT ENT Glut_4,CCN20230722_CLUS,CS20230722_SUPT_0036,CCN20230722_SUPT,4,131,cluster,#662E5E,1,5159
CS20230722_CLUS_0133,0133 L2/3 IT ENT Glut_5,CCN20230722_CLUS,CS20230722_SUPT_0037,CCN20230722_SUPT,4,132,cluster,#825C99,1,903
CS20230722_CLUS_0134,0134 L2/3 IT ENT Glut_5,CCN20230722_CLUS,CS20230722_SUPT_0037,CCN20230722_SUPT,4,133,cluster,#3D6DCC,1,1271
CS20230722_CLUS_0135,0135 L2/3 IT ENT Glut_5,CCN20230722_CLUS,CS20230722_SUPT_0037,CCN20230722_SUPT,4,134,cluster,#665D2E,1,1383
CS20230722_CLUS_0136,0136 L2/3 IT ENT Glut_6,CCN20230722_CLUS,CS20230722_SUPT_0038,CCN20230722_SUPT,4,135,cluster,#661F20,1,622
CS20230722_CLUS_0137,0137 L2/3 IT ENT Glut_6,CCN20230722_CLUS,CS20230722_SUPT_0038,CCN20230722_SUPT,4,136,cluster,#FFEC4D,1,319
CS20230722_CLUS_0138,0138 L2/3 IT PIR-ENTl Glut_1,CCN20230722_CLUS,CS20230722_SUPT_0039,CCN20230722_SUPT,4,137,cluster,#CC3D5C,1,4821
CS20230722_CLUS_0139,0139 L2/3 IT PIR-ENTl Glut_1,CCN20230722_CLUS,CS20230722_SUPT_0039,CCN20230722_SUPT,4,138,cluster,#171999,1,2270
CS20230722_CLUS_0140,0140 L2/3 IT PIR-ENTl Glut_1,CCN20230722_CLUS,CS20230722_SUPT_0039,CCN20230722_SUPT,4,139,cluster,#0014FF,1,2740
CS20230722_CLUS_0141,0141 L2/3 IT PIR-ENTl Glut_1,CCN20230722_CLUS,CS20230722_SUPT_0039,CCN20230722_SUPT,4,140,cluster,#662B0F,1,1306
CS20230722_CLUS_0142,0142 L2/3 IT PIR-ENTl Glut_1,CCN20230722_CLUS,CS20230722_SUPT_0039,CCN20230722_SUPT,4,141,cluster,#7F4599,1,595
CS20230722_CLUS_0143,0143 L2/3 IT PIR-ENTl Glut_1,CCN20230722_CLUS,CS20230722_SUPT_0039,CCN20230722_SUPT,4,142,cluster,#4B9945,1,711
CS20230722_CLUS_0144,0144 L2/3 IT PIR-ENTl Glut_2,CCN20230722_CLUS,CS20230722_SUPT_0040,CCN20230722_SUPT,4,143,cluster,#1F6663,1,4171
CS20230722_CLUS_0145,0145 L2/3 IT PIR-ENTl Glut_2,CCN20230722_CLUS,CS20230722_SUPT_0040,CCN20230722_SUPT,4,144,cluster,#662E4A,1,3333
CS20230722_CLUS_0146,0146 L2/3 IT PIR-ENTl Glut_2,CCN20230722_CLUS,CS20230722_SUPT_0040,CCN20230722_SUPT,4,145,cluster,#99FFE5,1,3586
CS20230722_CLUS_0147,0147 L2/3 IT PIR-ENTl Glut_2,CCN20230722_CLUS,CS20230722_SUPT_0040,CCN20230722_SUPT,4,146,cluster,#267AFF,1,5895
CS20230722_CLUS_0148,0148 L2/3 IT PIR-ENTl Glut_2,CCN20230722_CLUS,CS20230722_SUPT_0040,CCN20230722_SUPT,4,147,cluster,#CC7ABB,1,2509
CS20230722_CLUS_0149,0149 L2/3 IT PIR-ENTl Glut_3,CCN20230722_CLUS,CS20230722_SUPT_0041,CCN20230722_SUPT,4,148,cluster,#2F1799,1,1155
CS20230722_CLUS_0150,0150 L2/3 IT PIR-ENTl Glut_3,CCN20230722_CLUS,CS20230722_SUPT_0041,CCN20230722_SUPT,4,149,cluster,#663F2E,1,2260
CS20230722_CLUS_0151,0151 L2/3 IT PIR-ENTl Glut_3,CCN20230722_CLUS,CS20230722_SUPT_0041,CCN20230722_SUPT,4,150,cluster,#2E3C66,1,336
CS20230722_CLUS_0152,0152 L2/3 IT PIR-ENTl Glut_3,CCN20230722_CLUS,CS20230722_SUPT_0041,CCN20230722_SUPT,4,151,cluster,#5CB1CC,1,2076
CS20230722_CLUS_0153,0153 L2/3 IT PIR-ENTl Glut_3,CCN20230722_CLUS,CS20230722_SUPT_0041,CCN20230722_SUPT,4,152,cluster,#5E662E,1,75
CS20230722_CLUS_0154,0154 L2/3 IT PIR-ENTl Glut_3,CCN20230722_CLUS,CS20230722_SUPT_0041,CCN20230722_SUPT,4,153,cluster,#A2FF26,1,1402
CS20230722_CLUS_0155,0155 L2/3 IT PIR-ENTl Glut_4,CCN20230722_CLUS,CS20230722_SUPT_0042,CCN20230722_SUPT,4,154,cluster,#FFA099,1,1859
CS20230722_CLUS_0156,0156 L2/3 IT PIR-ENTl Glut_4,CCN20230722_CLUS,CS20230722_SUPT_0042,CCN20230722_SUPT,4,155,cluster,#46661F,1,6261
CS20230722_CLUS_0157,0157 L2/3 IT PIR-ENTl Glut_4,CCN20230722_CLUS,CS20230722_SUPT_0042,CCN20230722_SUPT,4,156,cluster,#454D99,1,3662
CS20230722_CLUS_0158,0158 L2/3 IT PIR-ENTl Glut_4,CCN20230722_CLUS,CS20230722_SUPT_0042,CCN20230722_SUPT,4,157,cluster,#2E6B99,1,2043
CS20230722_CLUS_0159,0159 L2/3 IT PIR-ENTl Glut_4,CCN20230722_CLUS,CS20230722_SUPT_0042,CCN20230722_SUPT,4,158,cluster,#3F660F,1,1862
CS20230722_CLUS_0160,0160 L2/3 IT PIR-ENTl Glut_4,CCN20230722_CLUS,CS20230722_SUPT_0042,CCN20230722_SUPT,4,159,cluster,#2698FF,1,643
CS20230722_CLUS_0161,0161 L2/3 IT PIR-ENTl Glut_5,CCN20230722_CLUS,CS20230722_SUPT_0043,CCN20230722_SUPT,4,160,cluster,#88CC7A,1,417
CS20230722_CLUS_0162,0162 L2/3 IT PIR-ENTl Glut_6,CCN20230722_CLUS,CS20230722_SUPT_0044,CCN20230722_SUPT,4,161,cluster,#701799,1,306
CS20230722_CLUS_0163,0163 L2/3 IT PIR-ENTl Glut_6,CCN20230722_CLUS,CS20230722_SUPT_0044,CCN20230722_SUPT,4,162,cluster,#2C660F,1,827
CS20230722_CLUS_0164,0164 L2/3 IT PIR-ENTl Glut_7,CCN20230722_CLUS,CS20230722_SUPT_0045,CCN20230722_SUPT,4,163,cluster,#CC1FB6,1,761
CS20230722_CLUS_0165,0165 L2/3 IT PIR-ENTl Glut_7,CCN20230722_CLUS,CS20230722_SUPT_0045,CCN20230722_SUPT,4,164,cluster,#1C9900,1,3153
CS20230722_CLUS_0166,0166 IT AON-TT-DP Glut_1,CCN20230722_CLUS,CS20230722_SUPT_0046,CCN20230722_SUPT,4,165,cluster,#00CCC4,1,251
CS20230722_CLUS_0167,0167 IT AON-TT-DP Glut_1,CCN20230722_CLUS,CS20230722_SUPT_0046,CCN20230722_SUPT,4,166,cluster,#7F2E99,1,617
CS20230722_CLUS_0168,0168 IT AON-TT-DP Glut_1,CCN20230722_CLUS,CS20230722_SUPT_0046,CCN20230722_SUPT,4,167,cluster,#00CC9B,1,741
CS20230722_CLUS_0169,0169 IT AON-TT-DP Glut_1,CCN20230722_CLUS,CS20230722_SUPT_0046,CCN20230722_SUPT,4,168,cluster,#FF73E6,1,950
CS20230722_CLUS_0170,0170 IT AON-TT-DP Glut_1,CCN20230722_CLUS,CS20230722_SUPT_0046,CCN20230722_SUPT,4,169,cluster,#4DFF8C,1,1969
CS20230722_CLUS_0171,0171 IT AON-TT-DP Glut_2,CCN20230722_CLUS,CS20230722_SUPT_0047,CCN20230722_SUPT,4,170,cluster,#0F3766,1,4741
CS20230722_CLUS_0172,0172 IT AON-TT-DP Glut_2,CCN20230722_CLUS,CS20230722_SUPT_0047,CCN20230722_SUPT,4,171,cluster,#3D665F,1,1083
CS20230722_CLUS_0173,0173 IT AON-TT-DP Glut_2,CCN20230722_CLUS,CS20230722_SUPT_0047,CCN20230722_SUPT,4,172,cluster,#998617,1,1056
CS20230722_CLUS_0174,0174 IT AON-TT-DP Glut_2,CCN20230722_CLUS,CS20230722_SUPT_0047,CCN20230722_SUPT,4,173,cluster,#CC000E,1,99
CS20230722_CLUS_0175,0175 IT AON-TT-DP Glut_3,CCN20230722_CLUS,CS20230722_SUPT_0048,CCN20230722_SUPT,4,174,cluster,#5CCC8F,1,297
CS20230722_CLUS_0176,0176 IT AON-TT-DP Glut_3,CCN20230722_CLUS,CS20230722_SUPT_0048,CCN20230722_SUPT,4,175,cluster,#306600,1,389
CS20230722_CLUS_0177,0177 IT AON-TT-DP Glut_3,CCN20230722_CLUS,CS20230722_SUPT_0048,CCN20230722_SUPT,4,176,cluster,#004599,1,2209
CS20230722_CLUS_0178,0178 IT AON-TT-DP Glut_3,CCN20230722_CLUS,CS20230722_SUPT_0048,CCN20230722_SUPT,4,177,cluster,#2E8199,1,295
CS20230722_CLUS_0179,0179 IT AON-TT-DP Glut_4,CCN20230722_CLUS,CS20230722_SUPT_0049,CCN20230722_SUPT,4,178,cluster,#BECC5C,1,642
CS20230722_CLUS_0180,0180 IT AON-TT-DP Glut_4,CCN20230722_CLUS,CS20230722_SUPT_0049,CCN20230722_SUPT,4,179,cluster,#660F3F,1,422
CS20230722_CLUS_0181,0181 IT AON-TT-DP Glut_4,CCN20230722_CLUS,CS20230722_SUPT_0049,CCN20230722_SUPT,4,180,cluster,#662E32,1,493
CS20230722_CLUS_0182,0182 IT AON-TT-DP Glut_5,CCN20230722_CLUS,CS20230722_SUPT_0050,CCN20230722_SUPT,4,181,cluster,#B5CC00,1,674
CS20230722_CLUS_0183,0183 IT AON-TT-DP Glut_5,CCN20230722_CLUS,CS20230722_SUPT_0050,CCN20230722_SUPT,4,182,cluster,#735C99,1,1208
CS20230722_CLUS_0184,0184 IT AON-TT-DP Glut_5,CCN20230722_CLUS,CS20230722_SUPT_0050,CCN20230722_SUPT,4,183,cluster,#3D4566,1,11884
CS20230722_CLUS_0185,0185 IT AON-TT-DP Glut_5,CCN20230722_CLUS,CS20230722_SUPT_0050,CCN20230722_SUPT,4,184,cluster,#EBFF26,1,2434
CS20230722_CLUS_0186,0186 L2 IT ENT-po Glut_1,CCN20230722_CLUS,CS20230722_SUPT_0051,CCN20230722_SUPT,4,185,cluster,#1F662B,1,172
CS20230722_CLUS_0187,0187 L2 IT ENT-po Glut_1,CCN20230722_CLUS,CS20230722_SUPT_0051,CCN20230722_SUPT,4,186,cluster,#2E4066,1,178
CS20230722_CLUS_0188,0188 L2 IT ENT-po Glut_2,CCN20230722_CLUS,CS20230722_SUPT_0052,CCN20230722_SUPT,4,187,cluster,#66321F,1,256
CS20230722_CLUS_0189,0189 L2 IT ENT-po Glut_2,CCN20230722_CLUS,CS20230722_SUPT_0052,CCN20230722_SUPT,4,188,cluster,#4D95FF,1,736
CS20230722_CLUS_0190,0190 L2 IT ENT-po Glut_3,CCN20230722_CLUS,CS20230722_SUPT_0053,CCN20230722_SUPT,4,189,cluster,#26EAFF,1,495
CS20230722_CLUS_0191,0191 L2 IT ENT-po Glut_4,CCN20230722_CLUS,CS20230722_SUPT_0054,CCN20230722_SUPT,4,190,cluster,#FF2635,1,1867
CS20230722_CLUS_0192,0192 MEA Slc17a7 Glut_1,CCN20230722_CLUS,CS20230722_SUPT_0055,CCN20230722_SUPT,4,191,cluster,#99745C,1,229
CS20230722_CLUS_0193,0193 MEA Slc17a7 Glut_1,CCN20230722_CLUS,CS20230722_SUPT_0055,CCN20230722_SUPT,4,192,cluster,#00F9FF,1,337
CS20230722_CLUS_0194,0194 MEA Slc17a7 Glut_1,CCN20230722_CLUS,CS20230722_SUPT_0055,CCN20230722_SUPT,4,193,cluster,#390F66,1,231
CS20230722_CLUS_0195,0195 MEA Slc17a7 Glut_1,CCN20230722_CLUS,CS20230722_SUPT_0055,CCN20230722_SUPT,4,194,cluster,#65FF4D,1,602
CS20230722_CLUS_0196,0196 MEA Slc17a7 Glut_1,CCN20230722_CLUS,CS20230722_SUPT_0055,CCN20230722_SUPT,4,195,cluster,#8ECC7A,1,417
CS20230722_CLUS_0197,0197 MEA Slc17a7 Glut_1,CCN20230722_CLUS,CS20230722_SUPT_0055,CCN20230722_SUPT,4,196,cluster,#BE7ACC,1,393
CS20230722_CLUS_0198,0198 MEA Slc17a7 Glut_1,CCN20230722_CLUS,CS20230722_SUPT_0055,CCN20230722_SUPT,4,197,cluster,#995C93,1,366
CS20230722_CLUS_0199,0199 MEA Slc17a7 Glut_1,CCN20230722_CLUS,CS20230722_SUPT_0055,CCN20230722_SUPT,4,198,cluster,#4EFF00,1,104
CS20230722_CLUS_0200,0200 MEA Slc17a7 Glut_1,CCN20230722_CLUS,CS20230722_SUPT_0055,CCN20230722_SUPT,4,199,cluster,#1F4C66,1,36
CS20230722_CLUS_0201,0201 MEA Slc17a7 Glut_2,CCN20230722_CLUS,CS20230722_SUPT_0056,CCN20230722_SUPT,4,200,cluster,#004066,1,341
CS20230722_CLUS_0202,0202 MEA Slc17a7 Glut_2,CCN20230722_CLUS,CS20230722_SUPT_0056,CCN20230722_SUPT,4,201,cluster,#8E00CC,1,92
CS20230722_CLUS_0203,0203 MEA Slc17a7 Glut_2,CCN20230722_CLUS,CS20230722_SUPT_0056,CCN20230722_SUPT,4,202,cluster,#5CCC80,1,439
CS20230722_CLUS_0204,0204 MEA Slc17a7 Glut_2,CCN20230722_CLUS,CS20230722_SUPT_0056,CCN20230722_SUPT,4,203,cluster,#73FF8C,1,317
CS20230722_CLUS_0205,0205 MEA Slc17a7 Glut_2,CCN20230722_CLUS,CS20230722_SUPT_0056,CCN20230722_SUPT,4,204,cluster,#73FFC2,1,422
CS20230722_CLUS_0206,0206 MEA Slc17a7 Glut_2,CCN20230722_CLUS,CS20230722_SUPT_0056,CCN20230722_SUPT,4,205,cluster,#799945,1,544
CS20230722_CLUS_0207,0207 MEA Slc17a7 Glut_2,CCN20230722_CLUS,CS20230722_SUPT_0056,CCN20230722_SUPT,4,206,cluster,#00996A,1,228
CS20230722_CLUS_0208,0208 MEA Slc17a7 Glut_2,CCN20230722_CLUS,CS20230722_SUPT_0056,CCN20230722_SUPT,4,207,cluster,#F7FF73,1,329
CS20230722_CLUS_0209,0209 MEA Slc17a7 Glut_2,CCN20230722_CLUS,CS20230722_SUPT_0056,CCN20230722_SUPT,4,208,cluster,#BD5CCC,1,466
CS20230722_CLUS_0210,0210 MEA Slc17a7 Glut_2,CCN20230722_CLUS,CS20230722_SUPT_0056,CCN20230722_SUPT,4,209,cluster,#FFC799,1,321
CS20230722_CLUS_0211,0211 MEA Slc17a7 Glut_2,CCN20230722_CLUS,CS20230722_SUPT_0056,CCN20230722_SUPT,4,210,cluster,#26FF69,1,45
CS20230722_CLUS_0212,0212 MEA Slc17a7 Glut_2,CCN20230722_CLUS,CS20230722_SUPT_0056,CCN20230722_SUPT,4,211,cluster,#040099,1,113
CS20230722_CLUS_0213,0213 MEA Slc17a7 Glut_3,CCN20230722_CLUS,CS20230722_SUPT_0057,CCN20230722_SUPT,4,212,cluster,#661500,1,1394
CS20230722_CLUS_0214,0214 MEA Slc17a7 Glut_3,CCN20230722_CLUS,CS20230722_SUPT_0057,CCN20230722_SUPT,4,213,cluster,#5200CC,1,2354
CS20230722_CLUS_0215,0215 COAp Grxcr2 Glut_1,CCN20230722_CLUS,CS20230722_SUPT_0058,CCN20230722_SUPT,4,214,cluster,#7A73FF,1,1147
CS20230722_CLUS_0216,0216 COAp Grxcr2 Glut_2,CCN20230722_CLUS,CS20230722_SUPT_0059,CCN20230722_SUPT,4,215,cluster,#CCA07A,1,1662
CS20230722_CLUS_0217,0217 COAp Grxcr2 Glut_2,CCN20230722_CLUS,CS20230722_SUPT_0059,CCN20230722_SUPT,4,216,cluster,#CC1FC6,1,5204
CS20230722_CLUS_0218,0218 COAp Grxcr2 Glut_2,CCN20230722_CLUS,CS20230722_SUPT_0059,CCN20230722_SUPT,4,217,cluster,#510066,1,768
CS20230722_CLUS_0219,0219 COAp Grxcr2 Glut_2,CCN20230722_CLUS,CS20230722_SUPT_0059,CCN20230722_SUPT,4,218,cluster,#FF99D6,1,2287
CS20230722_CLUS_0220,0220 COAp Grxcr2 Glut_2,CCN20230722_CLUS,CS20230722_SUPT_0059,CCN20230722_SUPT,4,219,cluster,#00FF5E,1,2413
CS20230722_CLUS_0221,0221 LA-BLA-BMA-PA Glut_1,CCN20230722_CLUS,CS20230722_SUPT_0060,CCN20230722_SUPT,4,220,cluster,#994F45,1,524
CS20230722_CLUS_0222,0222 LA-BLA-BMA-PA Glut_1,CCN20230722_CLUS,CS20230722_SUPT_0060,CCN20230722_SUPT,4,221,cluster,#99E8FF,1,466
CS20230722_CLUS_0223,0223 LA-BLA-BMA-PA Glut_1,CCN20230722_CLUS,CS20230722_SUPT_0060,CCN20230722_SUPT,4,222,cluster,#00661C,1,489
CS20230722_CLUS_0224,0224 LA-BLA-BMA-PA Glut_1,CCN20230722_CLUS,CS20230722_SUPT_0060,CCN20230722_SUPT,4,223,cluster,#B6CC5C,1,520
CS20230722_CLUS_0225,0225 LA-BLA-BMA-PA Glut_1,CCN20230722_CLUS,CS20230722_SUPT_0060,CCN20230722_SUPT,4,224,cluster,#CC7AAC,1,128
CS20230722_CLUS_0226,0226 LA-BLA-BMA-PA Glut_1,CCN20230722_CLUS,CS20230722_SUPT_0060,CCN20230722_SUPT,4,225,cluster,#663D63,1,135
CS20230722_CLUS_0227,0227 LA-BLA-BMA-PA Glut_1,CCN20230722_CLUS,CS20230722_SUPT_0060,CCN20230722_SUPT,4,226,cluster,#5C995E,1,84
CS20230722_CLUS_0228,0228 LA-BLA-BMA-PA Glut_1,CCN20230722_CLUS,CS20230722_SUPT_0060,CCN20230722_SUPT,4,227,cluster,#992817,1,239
CS20230722_CLUS_0229,0229 LA-BLA-BMA-PA Glut_1,CCN20230722_CLUS,CS20230722_SUPT_0060,CCN20230722_SUPT,4,228,cluster,#B0CC1F,1,800
CS20230722_CLUS_0230,0230 LA-BLA-BMA-PA Glut_2,CCN20230722_CLUS,CS20230722_SUPT_0061,CCN20230722_SUPT,4,229,cluster,#99175C,1,2113
CS20230722_CLUS_0231,0231 LA-BLA-BMA-PA Glut_2,CCN20230722_CLUS,CS20230722_SUPT_0061,CCN20230722_SUPT,4,230,cluster,#CC5CC7,1,1785
CS20230722_CLUS_0232,0232 LA-BLA-BMA-PA Glut_2,CCN20230722_CLUS,CS20230722_SUPT_0061,CCN20230722_SUPT,4,231,cluster,#FF0012,1,458
CS20230722_CLUS_0233,0233 LA-BLA-BMA-PA Glut_2,CCN20230722_CLUS,CS20230722_SUPT_0061,CCN20230722_SUPT,4,232,cluster,#4400CC,1,795
CS20230722_CLUS_0234,0234 LA-BLA-BMA-PA Glut_2,CCN20230722_CLUS,CS20230722_SUPT_0061,CCN20230722_SUPT,4,233,cluster,#661F55,1,861
CS20230722_CLUS_0235,0235 LA-BLA-BMA-PA Glut_2,CCN20230722_CLUS,CS20230722_SUPT_0061,CCN20230722_SUPT,4,234,cluster,#66611F,1,373
CS20230722_CLUS_0236,0236 LA-BLA-BMA-PA Glut_3,CCN20230722_CLUS,CS20230722_SUPT_0062,CCN20230722_SUPT,4,235,cluster,#663200,1,717
CS20230722_CLUS_0237,0237 LA-BLA-BMA-PA Glut_3,CCN20230722_CLUS,CS20230722_SUPT_0062,CCN20230722_SUPT,4,236,cluster,#5F662E,1,1607
CS20230722_CLUS_0238,0238 LA-BLA-BMA-PA Glut_3,CCN20230722_CLUS,CS20230722_SUPT_0062,CCN20230722_SUPT,4,237,cluster,#CC7AC4,1,848
CS20230722_CLUS_0239,0239 LA-BLA-BMA-PA Glut_3,CCN20230722_CLUS,CS20230722_SUPT_0062,CCN20230722_SUPT,4,238,cluster,#990010,1,1171
CS20230722_CLUS_0240,0240 LA-BLA-BMA-PA Glut_3,CCN20230722_CLUS,CS20230722_SUPT_0062,CCN20230722_SUPT,4,239,cluster,#7AC8CC,1,844
CS20230722_CLUS_0241,0241 LA-BLA-BMA-PA Glut_4,CCN20230722_CLUS,CS20230722_SUPT_0063,CCN20230722_SUPT,4,240,cluster,#4F992E,1,809
CS20230722_CLUS_0242,0242 LA-BLA-BMA-PA Glut_4,CCN20230722_CLUS,CS20230722_SUPT_0063,CCN20230722_SUPT,4,241,cluster,#420099,1,503
CS20230722_CLUS_0243,0243 LA-BLA-BMA-PA Glut_4,CCN20230722_CLUS,CS20230722_SUPT_0063,CCN20230722_SUPT,4,242,cluster,#00CCAD,1,278
CS20230722_CLUS_0244,0244 LA-BLA-BMA-PA Glut_4,CCN20230722_CLUS,CS20230722_SUPT_0063,CCN20230722_SUPT,4,243,cluster,#6B995C,1,1110
CS20230722_CLUS_0245,0245 LA-BLA-BMA-PA Glut_5,CCN20230722_CLUS,CS20230722_SUPT_0064,CCN20230722_SUPT,4,244,cluster,#66602E,1,1093
CS20230722_CLUS_0246,0246 LA-BLA-BMA-PA Glut_5,CCN20230722_CLUS,CS20230722_SUPT_0064,CCN20230722_SUPT,4,245,cluster,#179920,1,221
CS20230722_CLUS_0247,0247 LA-BLA-BMA-PA Glut_5,CCN20230722_CLUS,CS20230722_SUPT_0064,CCN20230722_SUPT,4,246,cluster,#3F3D66,1,235
CS20230722_CLUS_0248,0248 LA-BLA-BMA-PA Glut_5,CCN20230722_CLUS,CS20230722_SUPT_0064,CCN20230722_SUPT,4,247,cluster,#85CC7A,1,254
CS20230722_CLUS_0249,0249 LA-BLA-BMA-PA Glut_6,CCN20230722_CLUS,CS20230722_SUPT_0065,CCN20230722_SUPT,4,248,cluster,#994317,1,202
CS20230722_CLUS_0250,0250 LA-BLA-BMA-PA Glut_6,CCN20230722_CLUS,CS20230722_SUPT_0065,CCN20230722_SUPT,4,249,cluster,#662E60,1,96
CS20230722_CLUS_0251,0251 LA-BLA-BMA-PA Glut_6,CCN20230722_CLUS,CS20230722_SUPT_0065,CCN20230722_SUPT,4,250,cluster,#8000CC,1,727
CS20230722_CLUS_0252,0252 ENTmv-PA-COAp Glut_1,CCN20230722_CLUS,CS20230722_SUPT_0066,CCN20230722_SUPT,4,251,cluster,#CC001B,1,244
CS20230722_CLUS_0253,0253 ENTmv-PA-COAp Glut_1,CCN20230722_CLUS,CS20230722_SUPT_0066,CCN20230722_SUPT,4,252,cluster,#66572E,1,395
CS20230722_CLUS_0254,0254 ENTmv-PA-COAp Glut_1,CCN20230722_CLUS,CS20230722_SUPT_0066,CCN20230722_SUPT,4,253,cluster,#BAFF4D,1,346
CS20230722_CLUS_0255,0255 ENTmv-PA-COAp Glut_1,CCN20230722_CLUS,CS20230722_SUPT_0066,CCN20230722_SUPT,4,254,cluster,#00CCBB,1,543
CS20230722_CLUS_0256,0256 ENTmv-PA-COAp Glut_2,CCN20230722_CLUS,CS20230722_SUPT_0067,CCN20230722_SUPT,4,255,cluster,#7ACC7B,1,334
CS20230722_CLUS_0257,0257 ENTmv-PA-COAp Glut_2,CCN20230722_CLUS,CS20230722_SUPT_0067,CCN20230722_SUPT,4,256,cluster,#9ACC3D,1,333
CS20230722_CLUS_0258,0258 ENTmv-PA-COAp Glut_2,CCN20230722_CLUS,CS20230722_SUPT_0067,CCN20230722_SUPT,4,257,cluster,#990200,1,276
CS20230722_CLUS_0259,0259 ENTmv-PA-COAp Glut_3,CCN20230722_CLUS,CS20230722_SUPT_0068,CCN20230722_SUPT,4,258,cluster,#5CB8CC,1,673
CS20230722_CLUS_0260,0260 ENTmv-PA-COAp Glut_3,CCN20230722_CLUS,CS20230722_SUPT_0068,CCN20230722_SUPT,4,259,cluster,#EF99FF,1,290
CS20230722_CLUS_0261,0261 CA1-ProS Glut_1,CCN20230722_CLUS,CS20230722_SUPT_0069,CCN20230722_SUPT,4,260,cluster,#FF26F8,1,215
CS20230722_CLUS_0262,0262 CA1-ProS Glut_1,CCN20230722_CLUS,CS20230722_SUPT_0069,CCN20230722_SUPT,4,261,cluster,#FF0096,1,12018
CS20230722_CLUS_0263,0263 CA1-ProS Glut_1,CCN20230722_CLUS,CS20230722_SUPT_0069,CCN20230722_SUPT,4,262,cluster,#009983,1,4105
CS20230722_CLUS_0264,0264 CA1-ProS Glut_1,CCN20230722_CLUS,CS20230722_SUPT_0069,CCN20230722_SUPT,4,263,cluster,#43CC3D,1,97
CS20230722_CLUS_0265,0265 CA1-ProS Glut_1,CCN20230722_CLUS,CS20230722_SUPT_0069,CCN20230722_SUPT,4,264,cluster,#923DCC,1,84
CS20230722_CLUS_0266,0266 CA1-ProS Glut_1,CCN20230722_CLUS,CS20230722_SUPT_0069,CCN20230722_SUPT,4,265,cluster,#FF00B3,1,130
CS20230722_CLUS_0267,0267 CA1-ProS Glut_1,CCN20230722_CLUS,CS20230722_SUPT_0069,CCN20230722_SUPT,4,266,cluster,#66532E,1,150
CS20230722_CLUS_0268,0268 CA1-ProS Glut_1,CCN20230722_CLUS,CS20230722_SUPT_0069,CCN20230722_SUPT,4,267,cluster,#662D0F,1,68
CS20230722_CLUS_0269,0269 CA1-ProS Glut_1,CCN20230722_CLUS,CS20230722_SUPT_0069,CCN20230722_SUPT,4,268,cluster,#744599,1,1894
CS20230722_CLUS_0270,0270 CA1-ProS Glut_1,CCN20230722_CLUS,CS20230722_SUPT_0069,CCN20230722_SUPT,4,269,cluster,#00CC28,1,300
CS20230722_CLUS_0271,0271 CA1-ProS Glut_2,CCN20230722_CLUS,CS20230722_SUPT_0070,CCN20230722_SUPT,4,270,cluster,#B85CCC,1,419
CS20230722_CLUS_0272,0272 CA1-ProS Glut_2,CCN20230722_CLUS,CS20230722_SUPT_0070,CCN20230722_SUPT,4,271,cluster,#99462E,1,1332
CS20230722_CLUS_0273,0273 CA1-ProS Glut_2,CCN20230722_CLUS,CS20230722_SUPT_0070,CCN20230722_SUPT,4,272,cluster,#00665A,1,1169
CS20230722_CLUS_0274,0274 CA1-ProS Glut_2,CCN20230722_CLUS,CS20230722_SUPT_0070,CCN20230722_SUPT,4,273,cluster,#73FFEE,1,461
CS20230722_CLUS_0275,0275 CA1-ProS Glut_2,CCN20230722_CLUS,CS20230722_SUPT_0070,CCN20230722_SUPT,4,274,cluster,#3D4766,1,391
CS20230722_CLUS_0276,0276 CA1-ProS Glut_2,CCN20230722_CLUS,CS20230722_SUPT_0070,CCN20230722_SUPT,4,275,cluster,#82992E,1,554
CS20230722_CLUS_0277,0277 CA1-ProS Glut_2,CCN20230722_CLUS,CS20230722_SUPT_0070,CCN20230722_SUPT,4,276,cluster,#99742E,1,283
CS20230722_CLUS_0278,0278 CA1-ProS Glut_3,CCN20230722_CLUS,CS20230722_SUPT_0071,CCN20230722_SUPT,4,277,cluster,#1FCC49,1,57
CS20230722_CLUS_0279,0279 CA1-ProS Glut_3,CCN20230722_CLUS,CS20230722_SUPT_0071,CCN20230722_SUPT,4,278,cluster,#998B5C,1,509
CS20230722_CLUS_0280,0280 CA1-ProS Glut_3,CCN20230722_CLUS,CS20230722_SUPT_0071,CCN20230722_SUPT,4,279,cluster,#26A6FF,1,363
CS20230722_CLUS_0281,0281 CA1-ProS Glut_3,CCN20230722_CLUS,CS20230722_SUPT_0071,CCN20230722_SUPT,4,280,cluster,#00FFBA,1,210
CS20230722_CLUS_0282,0282 CA1-ProS Glut_3,CCN20230722_CLUS,CS20230722_SUPT_0071,CCN20230722_SUPT,4,281,cluster,#995C74,1,251
CS20230722_CLUS_0283,0283 CA1-ProS Glut_3,CCN20230722_CLUS,CS20230722_SUPT_0071,CCN20230722_SUPT,4,282,cluster,#737CFF,1,102
CS20230722_CLUS_0284,0284 CA1-ProS Glut_4,CCN20230722_CLUS,CS20230722_SUPT_0072,CCN20230722_SUPT,4,283,cluster,#99775C,1,376
CS20230722_CLUS_0285,0285 CA1-ProS Glut_4,CCN20230722_CLUS,CS20230722_SUPT_0072,CCN20230722_SUPT,4,284,cluster,#9200CC,1,107
CS20230722_CLUS_0286,0286 CA1-ProS Glut_4,CCN20230722_CLUS,CS20230722_SUPT_0072,CCN20230722_SUPT,4,285,cluster,#99FFBE,1,2131
CS20230722_CLUS_0287,0287 CA1-ProS Glut_4,CCN20230722_CLUS,CS20230722_SUPT_0072,CCN20230722_SUPT,4,286,cluster,#994545,1,752
CS20230722_CLUS_0288,0288 CA1-ProS Glut_4,CCN20230722_CLUS,CS20230722_SUPT_0072,CCN20230722_SUPT,4,287,cluster,#CC3900,1,127
CS20230722_CLUS_0289,0289 CA1-ProS Glut_5,CCN20230722_CLUS,CS20230722_SUPT_0073,CCN20230722_SUPT,4,288,cluster,#FF26D6,1,305
CS20230722_CLUS_0290,0290 CA1-ProS Glut_5,CCN20230722_CLUS,CS20230722_SUPT_0073,CCN20230722_SUPT,4,289,cluster,#349917,1,87
CS20230722_CLUS_0291,0291 CA1-ProS Glut_5,CCN20230722_CLUS,CS20230722_SUPT_0073,CCN20230722_SUPT,4,290,cluster,#1F2966,1,418
CS20230722_CLUS_0292,0292 CA1-ProS Glut_5,CCN20230722_CLUS,CS20230722_SUPT_0073,CCN20230722_SUPT,4,291,cluster,#00CC7F,1,88
CS20230722_CLUS_0293,0293 CA1-ProS Glut_6,CCN20230722_CLUS,CS20230722_SUPT_0074,CCN20230722_SUPT,4,292,cluster,#660F14,1,983
CS20230722_CLUS_0294,0294 CA1-ProS Glut_6,CCN20230722_CLUS,CS20230722_SUPT_0074,CCN20230722_SUPT,4,293,cluster,#423D66,1,802
CS20230722_CLUS_0295,0295 CA1-ProS Glut_6,CCN20230722_CLUS,CS20230722_SUPT_0074,CCN20230722_SUPT,4,294,cluster,#FF4DD0,1,136
CS20230722_CLUS_0296,0296 CA3 Glut_1,CCN20230722_CLUS,CS20230722_SUPT_0075,CCN20230722_SUPT,4,295,cluster,#B5FF00,1,230
CS20230722_CLUS_0297,0297 CA3 Glut_1,CCN20230722_CLUS,CS20230722_SUPT_0075,CCN20230722_SUPT,4,296,cluster,#CC00BC,1,199
CS20230722_CLUS_0298,0298 CA3 Glut_1,CCN20230722_CLUS,CS20230722_SUPT_0075,CCN20230722_SUPT,4,297,cluster,#FF73D7,1,95
CS20230722_CLUS_0299,0299 CA3 Glut_1,CCN20230722_CLUS,CS20230722_SUPT_0075,CCN20230722_SUPT,4,298,cluster,#73FFA8,1,78
CS20230722_CLUS_0300,0300 CA3 Glut_1,CCN20230722_CLUS,CS20230722_SUPT_0075,CCN20230722_SUPT,4,299,cluster,#5CCC76,1,60
CS20230722_CLUS_0301,0301 CA3 Glut_1,CCN20230722_CLUS,CS20230722_SUPT_0075,CCN20230722_SUPT,4,300,cluster,#4E662E,1,101
CS20230722_CLUS_0302,0302 CA3 Glut_2,CCN20230722_CLUS,CS20230722_SUPT_0076,CCN20230722_SUPT,4,301,cluster,#4DFFED,1,276
CS20230722_CLUS_0303,0303 CA3 Glut_2,CCN20230722_CLUS,CS20230722_SUPT_0076,CCN20230722_SUPT,4,302,cluster,#1F4F66,1,164
CS20230722_CLUS_0304,0304 CA3 Glut_2,CCN20230722_CLUS,CS20230722_SUPT_0076,CCN20230722_SUPT,4,303,cluster,#66442E,1,341
CS20230722_CLUS_0305,0305 CA3 Glut_2,CCN20230722_CLUS,CS20230722_SUPT_0076,CCN20230722_SUPT,4,304,cluster,#E399FF,1,145
CS20230722_CLUS_0306,0306 CA3 Glut_2,CCN20230722_CLUS,CS20230722_SUPT_0076,CCN20230722_SUPT,4,305,cluster,#005699,1,36
CS20230722_CLUS_0307,0307 CA3 Glut_3,CCN20230722_CLUS,CS20230722_SUPT_0077,CCN20230722_SUPT,4,306,cluster,#27661F,1,375
CS20230722_CLUS_0308,0308 CA3 Glut_3,CCN20230722_CLUS,CS20230722_SUPT_0077,CCN20230722_SUPT,4,307,cluster,#7600FF,1,166
CS20230722_CLUS_0309,0309 CA3 Glut_3,CCN20230722_CLUS,CS20230722_SUPT_0077,CCN20230722_SUPT,4,308,cluster,#661F54,1,246
CS20230722_CLUS_0310,0310 CA3 Glut_3,CCN20230722_CLUS,CS20230722_SUPT_0077,CCN20230722_SUPT,4,309,cluster,#992E4C,1,38
CS20230722_CLUS_0311,0311 CA3 Glut_3,CCN20230722_CLUS,CS20230722_SUPT_0077,CCN20230722_SUPT,4,310,cluster,#66372E,1,77
CS20230722_CLUS_0312,0312 CA3 Glut_3,CCN20230722_CLUS,CS20230722_SUPT_0077,CCN20230722_SUPT,4,311,cluster,#178899,1,137
CS20230722_CLUS_0313,0313 CA3 Glut_4,CCN20230722_CLUS,CS20230722_SUPT_0078,CCN20230722_SUPT,4,312,cluster,#3D6642,1,119
CS20230722_CLUS_0314,0314 CA3 Glut_4,CCN20230722_CLUS,CS20230722_SUPT_0078,CCN20230722_SUPT,4,313,cluster,#CC1F58,1,809
CS20230722_CLUS_0315,0315 CA3 Glut_4,CCN20230722_CLUS,CS20230722_SUPT_0078,CCN20230722_SUPT,4,314,cluster,#8A5CCC,1,1219
CS20230722_CLUS_0316,0316 CA3 Glut_5,CCN20230722_CLUS,CS20230722_SUPT_0079,CCN20230722_SUPT,4,315,cluster,#2E664D,1,202
CS20230722_CLUS_0317,0317 CA3 Glut_5,CCN20230722_CLUS,CS20230722_SUPT_0079,CCN20230722_SUPT,4,316,cluster,#6F5C99,1,116
CS20230722_CLUS_0318,0318 L2 IT PPP-APr Glut_1,CCN20230722_CLUS,CS20230722_SUPT_0080,CCN20230722_SUPT,4,317,cluster,#CCCB5C,1,130
CS20230722_CLUS_0319,0319 L2 IT PPP-APr Glut_1,CCN20230722_CLUS,CS20230722_SUPT_0080,CCN20230722_SUPT,4,318,cluster,#A2FF4D,1,159
CS20230722_CLUS_0320,0320 L2 IT PPP-APr Glut_1,CCN20230722_CLUS,CS20230722_SUPT_0080,CCN20230722_SUPT,4,319,cluster,#261799,1,160
CS20230722_CLUS_0321,0321 L2 IT PPP-APr Glut_1,CCN20230722_CLUS,CS20230722_SUPT_0080,CCN20230722_SUPT,4,320,cluster,#661F52,1,335
CS20230722_CLUS_0322,0322 L2 IT PPP-APr Glut_2,CCN20230722_CLUS,CS20230722_SUPT_0081,CCN20230722_SUPT,4,321,cluster,#99000D,1,289
CS20230722_CLUS_0323,0323 L2 IT PPP-APr Glut_2,CCN20230722_CLUS,CS20230722_SUPT_0081,CCN20230722_SUPT,4,322,cluster,#5C8899,1,951
CS20230722_CLUS_0324,0324 L2 IT PPP-APr Glut_2,CCN20230722_CLUS,CS20230722_SUPT_0081,CCN20230722_SUPT,4,323,cluster,#7A8DCC,1,833
CS20230722_CLUS_0325,0325 L2 IT PPP-APr Glut_2,CCN20230722_CLUS,CS20230722_SUPT_0081,CCN20230722_SUPT,4,324,cluster,#473D66,1,353
CS20230722_CLUS_0326,0326 L2 IT PPP-APr Glut_3,CCN20230722_CLUS,CS20230722_SUPT_0082,CCN20230722_SUPT,4,325,cluster,#64661F,1,727
CS20230722_CLUS_0327,0327 L2 IT PPP-APr Glut_3,CCN20230722_CLUS,CS20230722_SUPT_0082,CCN20230722_SUPT,4,326,cluster,#CCA73D,1,499
CS20230722_CLUS_0328,0328 L2 IT PPP-APr Glut_4,CCN20230722_CLUS,CS20230722_SUPT_0083,CCN20230722_SUPT,4,327,cluster,#99CFFF,1,740
CS20230722_CLUS_0329,0329 L2/3 IT PPP Glut_1,CCN20230722_CLUS,CS20230722_SUPT_0084,CCN20230722_SUPT,4,328,cluster,#980099,1,505
CS20230722_CLUS_0330,0330 L2/3 IT PPP Glut_1,CCN20230722_CLUS,CS20230722_SUPT_0084,CCN20230722_SUPT,4,329,cluster,#176899,1,1027
CS20230722_CLUS_0331,0331 L2/3 IT PPP Glut_1,CCN20230722_CLUS,CS20230722_SUPT_0084,CCN20230722_SUPT,4,330,cluster,#DD99FF,1,731
CS20230722_CLUS_0332,0332 L2/3 IT PPP Glut_1,CCN20230722_CLUS,CS20230722_SUPT_0084,CCN20230722_SUPT,4,331,cluster,#660066,1,82
CS20230722_CLUS_0333,0333 L2/3 IT PPP Glut_2,CCN20230722_CLUS,CS20230722_SUPT_0085,CCN20230722_SUPT,4,332,cluster,#99003D,1,3455
CS20230722_CLUS_0334,0334 L2/3 IT PPP Glut_2,CCN20230722_CLUS,CS20230722_SUPT_0085,CCN20230722_SUPT,4,333,cluster,#2E6600,1,2996
CS20230722_CLUS_0335,0335 L2/3 IT PPP Glut_2,CCN20230722_CLUS,CS20230722_SUPT_0085,CCN20230722_SUPT,4,334,cluster,#31FF00,1,10619
CS20230722_CLUS_0336,0336 L2/3 IT PPP Glut_2,CCN20230722_CLUS,CS20230722_SUPT_0085,CCN20230722_SUPT,4,335,cluster,#2E6630,1,3533
CS20230722_CLUS_0337,0337 L2/3 IT PPP Glut_3,CCN20230722_CLUS,CS20230722_SUPT_0086,CCN20230722_SUPT,4,336,cluster,#1F6626,1,1096
CS20230722_CLUS_0338,0338 L2/3 IT PPP Glut_3,CCN20230722_CLUS,CS20230722_SUPT_0086,CCN20230722_SUPT,4,337,cluster,#3700FF,1,1267
CS20230722_CLUS_0339,0339 L2/3 IT PPP Glut_3,CCN20230722_CLUS,CS20230722_SUPT_0086,CCN20230722_SUPT,4,338,cluster,#003266,1,1411
CS20230722_CLUS_0340,0340 L2/3 IT PPP Glut_3,CCN20230722_CLUS,CS20230722_SUPT_0086,CCN20230722_SUPT,4,339,cluster,#5CB6CC,1,1274
CS20230722_CLUS_0341,0341 L2/3 IT PPP Glut_3,CCN20230722_CLUS,CS20230722_SUPT_0086,CCN20230722_SUPT,4,340,cluster,#996945,1,461
CS20230722_CLUS_0342,0342 L2/3 IT RSP Glut_1,CCN20230722_CLUS,CS20230722_SUPT_0087,CCN20230722_SUPT,4,341,cluster,#5C9976,1,7924
CS20230722_CLUS_0343,0343 L2/3 IT RSP Glut_2,CCN20230722_CLUS,CS20230722_SUPT_0088,CCN20230722_SUPT,4,342,cluster,#00990A,1,19864
CS20230722_CLUS_0344,0344 L2/3 IT RSP Glut_2,CCN20230722_CLUS,CS20230722_SUPT_0088,CCN20230722_SUPT,4,343,cluster,#1500FF,1,2400
CS20230722_CLUS_0345,0345 L2/3 IT RSP Glut_2,CCN20230722_CLUS,CS20230722_SUPT_0088,CCN20230722_SUPT,4,344,cluster,#FF4DB4,1,2869
CS20230722_CLUS_0346,0346 L2/3 IT RSP Glut_2,CCN20230722_CLUS,CS20230722_SUPT_0088,CCN20230722_SUPT,4,345,cluster,#006655,1,883
CS20230722_CLUS_0347,0347 L4 RSP-ACA Glut_1,CCN20230722_CLUS,CS20230722_SUPT_0089,CCN20230722_SUPT,4,346,cluster,#FF99DA,1,1602
CS20230722_CLUS_0348,0348 L4 RSP-ACA Glut_1,CCN20230722_CLUS,CS20230722_SUPT_0089,CCN20230722_SUPT,4,347,cluster,#FF0007,1,5013
CS20230722_CLUS_0349,0349 L5 ET CTX Glut_1,CCN20230722_CLUS,CS20230722_SUPT_0090,CCN20230722_SUPT,4,348,cluster,#663D4A,1,60
CS20230722_CLUS_0350,0350 L5 ET CTX Glut_1,CCN20230722_CLUS,CS20230722_SUPT_0090,CCN20230722_SUPT,4,349,cluster,#CC0025,1,764
CS20230722_CLUS_0351,0351 L5 ET CTX Glut_1,CCN20230722_CLUS,CS20230722_SUPT_0090,CCN20230722_SUPT,4,350,cluster,#54662E,1,649
CS20230722_CLUS_0352,0352 L5 ET CTX Glut_1,CCN20230722_CLUS,CS20230722_SUPT_0090,CCN20230722_SUPT,4,351,cluster,#459995,1,699
CS20230722_CLUS_0353,0353 L5 ET CTX Glut_1,CCN20230722_CLUS,CS20230722_SUPT_0090,CCN20230722_SUPT,4,352,cluster,#B4CC5C,1,249
CS20230722_CLUS_0354,0354 L5 ET CTX Glut_1,CCN20230722_CLUS,CS20230722_SUPT_0090,CCN20230722_SUPT,4,353,cluster,#311F66,1,297
CS20230722_CLUS_0355,0355 L5 ET CTX Glut_1,CCN20230722_CLUS,CS20230722_SUPT_0090,CCN20230722_SUPT,4,354,cluster,#CCC800,1,594
CS20230722_CLUS_0356,0356 L5 ET CTX Glut_1,CCN20230722_CLUS,CS20230722_SUPT_0090,CCN20230722_SUPT,4,355,cluster,#663D60,1,283
CS20230722_CLUS_0357,0357 L5 ET CTX Glut_1,CCN20230722_CLUS,CS20230722_SUPT_0090,CCN20230722_SUPT,4,356,cluster,#CC7A7E,1,182
CS20230722_CLUS_0358,0358 L5 ET CTX Glut_1,CCN20230722_CLUS,CS20230722_SUPT_0090,CCN20230722_SUPT,4,357,cluster,#66541F,1,805
CS20230722_CLUS_0359,0359 L5 ET CTX Glut_2,CCN20230722_CLUS,CS20230722_SUPT_0091,CCN20230722_SUPT,4,358,cluster,#CC1F41,1,1710
CS20230722_CLUS_0360,0360 L5 ET CTX Glut_2,CCN20230722_CLUS,CS20230722_SUPT_0091,CCN20230722_SUPT,4,359,cluster,#7ACCA9,1,506
CS20230722_CLUS_0361,0361 L5 ET CTX Glut_2,CCN20230722_CLUS,CS20230722_SUPT_0091,CCN20230722_SUPT,4,360,cluster,#00A3FF,1,1437
CS20230722_CLUS_0362,0362 L5 ET CTX Glut_2,CCN20230722_CLUS,CS20230722_SUPT_0091,CCN20230722_SUPT,4,361,cluster,#2636FF,1,418
CS20230722_CLUS_0363,0363 L5 ET CTX Glut_2,CCN20230722_CLUS,CS20230722_SUPT_0091,CCN20230722_SUPT,4,362,cluster,#FFC773,1,528
CS20230722_CLUS_0364,0364 L5 ET CTX Glut_2,CCN20230722_CLUS,CS20230722_SUPT_0091,CCN20230722_SUPT,4,363,cluster,#95992E,1,764
CS20230722_CLUS_0365,0365 L5 ET CTX Glut_3,CCN20230722_CLUS,CS20230722_SUPT_0092,CCN20230722_SUPT,4,364,cluster,#268EFF,1,1402
CS20230722_CLUS_0366,0366 L5 ET CTX Glut_3,CCN20230722_CLUS,CS20230722_SUPT_0092,CCN20230722_SUPT,4,365,cluster,#6ACC5C,1,488
CS20230722_CLUS_0367,0367 L5 ET CTX Glut_3,CCN20230722_CLUS,CS20230722_SUPT_0092,CCN20230722_SUPT,4,366,cluster,#990009,1,1221
CS20230722_CLUS_0368,0368 L5 ET CTX Glut_3,CCN20230722_CLUS,CS20230722_SUPT_0092,CCN20230722_SUPT,4,367,cluster,#9A5CCC,1,1017
CS20230722_CLUS_0369,0369 L5 ET CTX Glut_3,CCN20230722_CLUS,CS20230722_SUPT_0092,CCN20230722_SUPT,4,368,cluster,#5CCC87,1,2140
CS20230722_CLUS_0370,0370 L5 ET CTX Glut_4,CCN20230722_CLUS,CS20230722_SUPT_0093,CCN20230722_SUPT,4,369,cluster,#661F59,1,295
CS20230722_CLUS_0371,0371 L5 ET CTX Glut_4,CCN20230722_CLUS,CS20230722_SUPT_0093,CCN20230722_SUPT,4,370,cluster,#0F6664,1,1301
CS20230722_CLUS_0372,0372 L5 ET CTX Glut_4,CCN20230722_CLUS,CS20230722_SUPT_0093,CCN20230722_SUPT,4,371,cluster,#CC9E00,1,219
CS20230722_CLUS_0373,0373 L5 ET CTX Glut_4,CCN20230722_CLUS,CS20230722_SUPT_0093,CCN20230722_SUPT,4,372,cluster,#CC0012,1,285
CS20230722_CLUS_0374,0374 L5 ET CTX Glut_4,CCN20230722_CLUS,CS20230722_SUPT_0093,CCN20230722_SUPT,4,373,cluster,#FF4D80,1,326
CS20230722_CLUS_0375,0375 L5 ET CTX Glut_5,CCN20230722_CLUS,CS20230722_SUPT_0094,CCN20230722_SUPT,4,374,cluster,#661F27,1,1539
CS20230722_CLUS_0376,0376 L5 ET CTX Glut_5,CCN20230722_CLUS,CS20230722_SUPT_0094,CCN20230722_SUPT,4,375,cluster,#992E77,1,928
CS20230722_CLUS_0377,0377 L5 ET CTX Glut_5,CCN20230722_CLUS,CS20230722_SUPT_0094,CCN20230722_SUPT,4,376,cluster,#BBCC5C,1,579
CS20230722_CLUS_0378,0378 L5 ET CTX Glut_5,CCN20230722_CLUS,CS20230722_SUPT_0094,CCN20230722_SUPT,4,377,cluster,#5CCC99,1,849
CS20230722_CLUS_0379,0379 L5 ET CTX Glut_6,CCN20230722_CLUS,CS20230722_SUPT_0095,CCN20230722_SUPT,4,378,cluster,#AF1FCC,1,437
CS20230722_CLUS_0380,0380 L5 ET CTX Glut_6,CCN20230722_CLUS,CS20230722_SUPT_0095,CCN20230722_SUPT,4,379,cluster,#66603D,1,124
CS20230722_CLUS_0381,0381 L5 ET CTX Glut_6,CCN20230722_CLUS,CS20230722_SUPT_0095,CCN20230722_SUPT,4,380,cluster,#FF4DAC,1,1363
CS20230722_CLUS_0382,0382 L5 ET CTX Glut_6,CCN20230722_CLUS,CS20230722_SUPT_0095,CCN20230722_SUPT,4,381,cluster,#883DCC,1,263
CS20230722_CLUS_0383,0383 SUB-ProS Glut_1,CCN20230722_CLUS,CS20230722_SUPT_0096,CCN20230722_SUPT,4,382,cluster,#66423D,1,614
CS20230722_CLUS_0384,0384 SUB-ProS Glut_1,CCN20230722_CLUS,CS20230722_SUPT_0096,CCN20230722_SUPT,4,383,cluster,#5C9FCC,1,1104
CS20230722_CLUS_0385,0385 SUB-ProS Glut_1,CCN20230722_CLUS,CS20230722_SUPT_0096,CCN20230722_SUPT,4,384,cluster,#FF7381,1,504
CS20230722_CLUS_0386,0386 SUB-ProS Glut_1,CCN20230722_CLUS,CS20230722_SUPT_0096,CCN20230722_SUPT,4,385,cluster,#4DCDFF,1,600
CS20230722_CLUS_0387,0387 SUB-ProS Glut_1,CCN20230722_CLUS,CS20230722_SUPT_0096,CCN20230722_SUPT,4,386,cluster,#E300FF,1,668
CS20230722_CLUS_0388,0388 SUB-ProS Glut_2,CCN20230722_CLUS,CS20230722_SUPT_0097,CCN20230722_SUPT,4,387,cluster,#FF8500,1,258
CS20230722_CLUS_0389,0389 SUB-ProS Glut_2,CCN20230722_CLUS,CS20230722_SUPT_0097,CCN20230722_SUPT,4,388,cluster,#FF2683,1,331
CS20230722_CLUS_0390,0390 SUB-ProS Glut_2,CCN20230722_CLUS,CS20230722_SUPT_0097,CCN20230722_SUPT,4,389,cluster,#332E66,1,738
CS20230722_CLUS_0391,0391 SUB-ProS Glut_2,CCN20230722_CLUS,CS20230722_SUPT_0097,CCN20230722_SUPT,4,390,cluster,#907ACC,1,401
CS20230722_CLUS_0392,0392 SUB-ProS Glut_2,CCN20230722_CLUS,CS20230722_SUPT_0097,CCN20230722_SUPT,4,391,cluster,#3D46CC,1,385
CS20230722_CLUS_0393,0393 SUB-ProS Glut_2,CCN20230722_CLUS,CS20230722_SUPT_0097,CCN20230722_SUPT,4,392,cluster,#09FF00,1,138
CS20230722_CLUS_0394,0394 SUB-ProS Glut_3,CCN20230722_CLUS,CS20230722_SUPT_0098,CCN20230722_SUPT,4,393,cluster,#5C8E99,1,467
CS20230722_CLUS_0395,0395 SUB-ProS Glut_3,CCN20230722_CLUS,CS20230722_SUPT_0098,CCN20230722_SUPT,4,394,cluster,#007599,1,206
CS20230722_CLUS_0396,0396 SUB-ProS Glut_3,CCN20230722_CLUS,CS20230722_SUPT_0098,CCN20230722_SUPT,4,395,cluster,#006099,1,273
CS20230722_CLUS_0397,0397 SUB-ProS Glut_3,CCN20230722_CLUS,CS20230722_SUPT_0098,CCN20230722_SUPT,4,396,cluster,#441799,1,157
CS20230722_CLUS_0398,0398 L5 PPP Glut_1,CCN20230722_CLUS,CS20230722_SUPT_0099,CCN20230722_SUPT,4,397,cluster,#C83DCC,1,1428
CS20230722_CLUS_0399,0399 CA2-FC-IG Glut_1,CCN20230722_CLUS,CS20230722_SUPT_0100,CCN20230722_SUPT,4,398,cluster,#FF8A26,1,143
CS20230722_CLUS_0400,0400 CA2-FC-IG Glut_2,CCN20230722_CLUS,CS20230722_SUPT_0101,CCN20230722_SUPT,4,399,cluster,#7A8FCC,1,248
CS20230722_CLUS_0401,0401 CA2-FC-IG Glut_2,CCN20230722_CLUS,CS20230722_SUPT_0101,CCN20230722_SUPT,4,400,cluster,#3D662E,1,249
CS20230722_CLUS_0402,0402 NLOT Rho Glut_1,CCN20230722_CLUS,CS20230722_SUPT_0102,CCN20230722_SUPT,4,401,cluster,#E2FF99,1,1408
CS20230722_CLUS_0403,0403 L6b EPd Glut_1,CCN20230722_CLUS,CS20230722_SUPT_0103,CCN20230722_SUPT,4,402,cluster,#FFC400,1,180
CS20230722_CLUS_0404,0404 L6b EPd Glut_1,CCN20230722_CLUS,CS20230722_SUPT_0103,CCN20230722_SUPT,4,403,cluster,#7A5C99,1,249
CS20230722_CLUS_0405,0405 L6b EPd Glut_2,CCN20230722_CLUS,CS20230722_SUPT_0104,CCN20230722_SUPT,4,404,cluster,#662E63,1,764
CS20230722_CLUS_0406,0406 L6b EPd Glut_2,CCN20230722_CLUS,CS20230722_SUPT_0104,CCN20230722_SUPT,4,405,cluster,#FFE473,1,1111
CS20230722_CLUS_0407,0407 L6b EPd Glut_3,CCN20230722_CLUS,CS20230722_SUPT_0105,CCN20230722_SUPT,4,406,cluster,#1F6636,1,708
CS20230722_CLUS_0408,0408 L6b EPd Glut_3,CCN20230722_CLUS,CS20230722_SUPT_0105,CCN20230722_SUPT,4,407,cluster,#FF4A26,1,687
CS20230722_CLUS_0409,0409 L6b EPd Glut_3,CCN20230722_CLUS,CS20230722_SUPT_0105,CCN20230722_SUPT,4,408,cluster,#73CBFF,1,361
CS20230722_CLUS_0410,0410 L6b/CT ENT Glut_1,CCN20230722_CLUS,CS20230722_SUPT_0106,CCN20230722_SUPT,4,409,cluster,#5C9983,1,2455
CS20230722_CLUS_0411,0411 L6b/CT ENT Glut_1,CCN20230722_CLUS,CS20230722_SUPT_0106,CCN20230722_SUPT,4,410,cluster,#660001,1,529
CS20230722_CLUS_0412,0412 L6b/CT ENT Glut_1,CCN20230722_CLUS,CS20230722_SUPT_0106,CCN20230722_SUPT,4,411,cluster,#660F2D,1,3784
CS20230722_CLUS_0413,0413 L6b/CT ENT Glut_1,CCN20230722_CLUS,CS20230722_SUPT_0106,CCN20230722_SUPT,4,412,cluster,#1F6649,1,1315
CS20230722_CLUS_0414,0414 L6b/CT ENT Glut_2,CCN20230722_CLUS,CS20230722_SUPT_0107,CCN20230722_SUPT,4,413,cluster,#60995C,1,674
CS20230722_CLUS_0415,0415 L6b/CT ENT Glut_2,CCN20230722_CLUS,CS20230722_SUPT_0107,CCN20230722_SUPT,4,414,cluster,#CCC65C,1,1048
CS20230722_CLUS_0416,0416 L6b/CT ENT Glut_2,CCN20230722_CLUS,CS20230722_SUPT_0107,CCN20230722_SUPT,4,415,cluster,#CC921F,1,119
CS20230722_CLUS_0417,0417 L6b/CT ENT Glut_2,CCN20230722_CLUS,CS20230722_SUPT_0107,CCN20230722_SUPT,4,416,cluster,#992E92,1,406
CS20230722_CLUS_0418,0418 L6b/CT ENT Glut_3,CCN20230722_CLUS,CS20230722_SUPT_0108,CCN20230722_SUPT,4,417,cluster,#B000FF,1,345
CS20230722_CLUS_0419,0419 L6b/CT ENT Glut_3,CCN20230722_CLUS,CS20230722_SUPT_0108,CCN20230722_SUPT,4,418,cluster,#CC7ACA,1,543
CS20230722_CLUS_0420,0420 L6b/CT ENT Glut_3,CCN20230722_CLUS,CS20230722_SUPT_0108,CCN20230722_SUPT,4,419,cluster,#FFF599,1,401
CS20230722_CLUS_0421,0421 L6b/CT ENT Glut_4,CCN20230722_CLUS,CS20230722_SUPT_0109,CCN20230722_SUPT,4,420,cluster,#4B661F,1,13773
CS20230722_CLUS_0422,0422 L6b/CT ENT Glut_4,CCN20230722_CLUS,CS20230722_SUPT_0109,CCN20230722_SUPT,4,421,cluster,#5D0F66,1,1020
CS20230722_CLUS_0423,0423 L6b/CT ENT Glut_4,CCN20230722_CLUS,CS20230722_SUPT_0109,CCN20230722_SUPT,4,422,cluster,#CC3D93,1,376
CS20230722_CLUS_0424,0424 L6b CTX Glut_1,CCN20230722_CLUS,CS20230722_SUPT_0110,CCN20230722_SUPT,4,423,cluster,#654DFF,1,1180
CS20230722_CLUS_0425,0425 L6b CTX Glut_1,CCN20230722_CLUS,CS20230722_SUPT_0110,CCN20230722_SUPT,4,424,cluster,#662E4D,1,7046
CS20230722_CLUS_0426,0426 L6b CTX Glut_1,CCN20230722_CLUS,CS20230722_SUPT_0110,CCN20230722_SUPT,4,425,cluster,#5E995C,1,2038
CS20230722_CLUS_0427,0427 L6b CTX Glut_2,CCN20230722_CLUS,CS20230722_SUPT_0111,CCN20230722_SUPT,4,426,cluster,#27CC1F,1,521
CS20230722_CLUS_0428,0428 L6b CTX Glut_2,CCN20230722_CLUS,CS20230722_SUPT_0111,CCN20230722_SUPT,4,427,cluster,#3F663D,1,460
CS20230722_CLUS_0429,0429 L6b CTX Glut_2,CCN20230722_CLUS,CS20230722_SUPT_0111,CCN20230722_SUPT,4,428,cluster,#5C995D,1,2963
CS20230722_CLUS_0430,0430 L6b CTX Glut_2,CCN20230722_CLUS,CS20230722_SUPT_0111,CCN20230722_SUPT,4,429,cluster,#006605,1,1555
CS20230722_CLUS_0431,0431 L6b CTX Glut_3,CCN20230722_CLUS,CS20230722_SUPT_0112,CCN20230722_SUPT,4,430,cluster,#7ACCA0,1,730
CS20230722_CLUS_0432,0432 L6b CTX Glut_3,CCN20230722_CLUS,CS20230722_SUPT_0112,CCN20230722_SUPT,4,431,cluster,#FF262B,1,1107
CS20230722_CLUS_0433,0433 L6b CTX Glut_3,CCN20230722_CLUS,CS20230722_SUPT_0112,CCN20230722_SUPT,4,432,cluster,#614DFF,1,1236
CS20230722_CLUS_0434,0434 L6b CTX Glut_3,CCN20230722_CLUS,CS20230722_SUPT_0112,CCN20230722_SUPT,4,433,cluster,#FFD599,1,564
CS20230722_CLUS_0435,0435 L6b CTX Glut_4,CCN20230722_CLUS,CS20230722_SUPT_0113,CCN20230722_SUPT,4,434,cluster,#5CCCAB,1,698
CS20230722_CLUS_0436,0436 L6 CT CTX Glut_1,CCN20230722_CLUS,CS20230722_SUPT_0114,CCN20230722_SUPT,4,435,cluster,#349900,1,30379
CS20230722_CLUS_0437,0437 L6 CT CTX Glut_1,CCN20230722_CLUS,CS20230722_SUPT_0114,CCN20230722_SUPT,4,436,cluster,#FF737E,1,8833
CS20230722_CLUS_0438,0438 L6 CT CTX Glut_1,CCN20230722_CLUS,CS20230722_SUPT_0114,CCN20230722_SUPT,4,437,cluster,#990D00,1,1963
CS20230722_CLUS_0439,0439 L6 CT CTX Glut_1,CCN20230722_CLUS,CS20230722_SUPT_0114,CCN20230722_SUPT,4,438,cluster,#002BFF,1,31772
CS20230722_CLUS_0440,0440 L6 CT CTX Glut_1,CCN20230722_CLUS,CS20230722_SUPT_0114,CCN20230722_SUPT,4,439,cluster,#30660F,1,3100
CS20230722_CLUS_0441,0441 L6 CT CTX Glut_2,CCN20230722_CLUS,CS20230722_SUPT_0115,CCN20230722_SUPT,4,440,cluster,#663D3E,1,178
CS20230722_CLUS_0442,0442 L6 CT CTX Glut_2,CCN20230722_CLUS,CS20230722_SUPT_0115,CCN20230722_SUPT,4,441,cluster,#CC8700,1,32875
CS20230722_CLUS_0443,0443 L6 CT CTX Glut_2,CCN20230722_CLUS,CS20230722_SUPT_0115,CCN20230722_SUPT,4,442,cluster,#458299,1,30942
CS20230722_CLUS_0444,0444 L6 CT CTX Glut_2,CCN20230722_CLUS,CS20230722_SUPT_0115,CCN20230722_SUPT,4,443,cluster,#1FCCBA,1,4935
CS20230722_CLUS_0445,0445 L6 CT CTX Glut_3,CCN20230722_CLUS,CS20230722_SUPT_0116,CCN20230722_SUPT,4,444,cluster,#009964,1,8418
CS20230722_CLUS_0446,0446 L6 CT CTX Glut_3,CCN20230722_CLUS,CS20230722_SUPT_0116,CCN20230722_SUPT,4,445,cluster,#52662E,1,1836
CS20230722_CLUS_0447,0447 L6 CT CTX Glut_3,CCN20230722_CLUS,CS20230722_SUPT_0116,CCN20230722_SUPT,4,446,cluster,#7ACACC,1,1249
CS20230722_CLUS_0448,0448 L6 CT CTX Glut_3,CCN20230722_CLUS,CS20230722_SUPT_0116,CCN20230722_SUPT,4,447,cluster,#F226FF,1,464
CS20230722_CLUS_0449,0449 L6 CT CTX Glut_3,CCN20230722_CLUS,CS20230722_SUPT_0116,CCN20230722_SUPT,4,448,cluster,#1F2A66,1,2725
CS20230722_CLUS_0450,0450 L6 CT CTX Glut_4,CCN20230722_CLUS,CS20230722_SUPT_0117,CCN20230722_SUPT,4,449,cluster,#99FFFC,1,4562
CS20230722_CLUS_0451,0451 L6 CT CTX Glut_5,CCN20230722_CLUS,CS20230722_SUPT_0118,CCN20230722_SUPT,4,450,cluster,#1F6651,1,439
CS20230722_CLUS_0452,0452 L6 CT CTX Glut_5,CCN20230722_CLUS,CS20230722_SUPT_0118,CCN20230722_SUPT,4,451,cluster,#8F9917,1,1850
CS20230722_CLUS_0453,0453 L6 CT CTX Glut_5,CCN20230722_CLUS,CS20230722_SUPT_0118,CCN20230722_SUPT,4,452,cluster,#661F24,1,2076
CS20230722_CLUS_0454,0454 L6 CT CTX Glut_5,CCN20230722_CLUS,CS20230722_SUPT_0118,CCN20230722_SUPT,4,453,cluster,#FFAF4D,1,2900
CS20230722_CLUS_0455,0455 L6 CT CTX Glut_5,CCN20230722_CLUS,CS20230722_SUPT_0118,CCN20230722_SUPT,4,454,cluster,#783DCC,1,25460
CS20230722_CLUS_0456,0456 L6 CT CTX Glut_5,CCN20230722_CLUS,CS20230722_SUPT_0118,CCN20230722_SUPT,4,455,cluster,#D573FF,1,2734
CS20230722_CLUS_0457,0457 L6 CT CTX Glut_6,CCN20230722_CLUS,CS20230722_SUPT_0119,CCN20230722_SUPT,4,456,cluster,#BACC3D,1,2222
CS20230722_CLUS_0458,0458 CT SUB Glut_1,CCN20230722_CLUS,CS20230722_SUPT_0120,CCN20230722_SUPT,4,457,cluster,#126600,1,5449
CS20230722_CLUS_0459,0459 CT SUB Glut_2,CCN20230722_CLUS,CS20230722_SUPT_0121,CCN20230722_SUPT,4,458,cluster,#995C7F,1,606
CS20230722_CLUS_0460,0460 CT SUB Glut_2,CCN20230722_CLUS,CS20230722_SUPT_0121,CCN20230722_SUPT,4,459,cluster,#994DFF,1,1761
CS20230722_CLUS_0461,0461 L5 NP CTX Glut_1,CCN20230722_CLUS,CS20230722_SUPT_0122,CCN20230722_SUPT,4,460,cluster,#4DFFB4,1,466
CS20230722_CLUS_0462,0462 L5 NP CTX Glut_1,CCN20230722_CLUS,CS20230722_SUPT_0122,CCN20230722_SUPT,4,461,cluster,#953DCC,1,608
CS20230722_CLUS_0463,0463 L5 NP CTX Glut_1,CCN20230722_CLUS,CS20230722_SUPT_0122,CCN20230722_SUPT,4,462,cluster,#009989,1,960
CS20230722_CLUS_0464,0464 L5 NP CTX Glut_2,CCN20230722_CLUS,CS20230722_SUPT_0123,CCN20230722_SUPT,4,463,cluster,#66271F,1,8077
CS20230722_CLUS_0465,0465 L5 NP CTX Glut_2,CCN20230722_CLUS,CS20230722_SUPT_0123,CCN20230722_SUPT,4,464,cluster,#1F69CC,1,5394
CS20230722_CLUS_0466,0466 L5 NP CTX Glut_2,CCN20230722_CLUS,CS20230722_SUPT_0123,CCN20230722_SUPT,4,465,cluster,#1FCC68,1,10402
CS20230722_CLUS_0467,0467 L5 NP CTX Glut_2,CCN20230722_CLUS,CS20230722_SUPT_0123,CCN20230722_SUPT,4,466,cluster,#410066,1,606
CS20230722_CLUS_0468,0468 L5 NP CTX Glut_3,CCN20230722_CLUS,CS20230722_SUPT_0124,CCN20230722_SUPT,4,467,cluster,#0F6660,1,6263
CS20230722_CLUS_0469,0469 L5 NP CTX Glut_3,CCN20230722_CLUS,CS20230722_SUPT_0124,CCN20230722_SUPT,4,468,cluster,#008999,1,4369
CS20230722_CLUS_0470,0470 L5 NP CTX Glut_3,CCN20230722_CLUS,CS20230722_SUPT_0124,CCN20230722_SUPT,4,469,cluster,#E6FF4D,1,2810
CS20230722_CLUS_0471,0471 L5 NP CTX Glut_3,CCN20230722_CLUS,CS20230722_SUPT_0124,CCN20230722_SUPT,4,470,cluster,#998A2E,1,473
CS20230722_CLUS_0472,0472 L5 NP CTX Glut_4,CCN20230722_CLUS,CS20230722_SUPT_0125,CCN20230722_SUPT,4,471,cluster,#009907,1,265
CS20230722_CLUS_0473,0473 L5 NP CTX Glut_4,CCN20230722_CLUS,CS20230722_SUPT_0125,CCN20230722_SUPT,4,472,cluster,#FFB299,1,1734
CS20230722_CLUS_0474,0474 L5 NP CTX Glut_4,CCN20230722_CLUS,CS20230722_SUPT_0125,CCN20230722_SUPT,4,473,cluster,#CC7500,1,522
CS20230722_CLUS_0475,0475 L5 NP CTX Glut_5,CCN20230722_CLUS,CS20230722_SUPT_0126,CCN20230722_SUPT,4,474,cluster,#FF00AD,1,366
CS20230722_CLUS_0476,0476 L5 NP CTX Glut_5,CCN20230722_CLUS,CS20230722_SUPT_0126,CCN20230722_SUPT,4,475,cluster,#CC3D6F,1,424
CS20230722_CLUS_0477,0477 NP SUB Glut_1,CCN20230722_CLUS,CS20230722_SUPT_0127,CCN20230722_SUPT,4,476,cluster,#67995C,1,255
CS20230722_CLUS_0478,0478 NP SUB Glut_1,CCN20230722_CLUS,CS20230722_SUPT_0127,CCN20230722_SUPT,4,477,cluster,#FFAE73,1,56
CS20230722_CLUS_0479,0479 NP SUB Glut_2,CCN20230722_CLUS,CS20230722_SUPT_0128,CCN20230722_SUPT,4,478,cluster,#662E5F,1,516
CS20230722_CLUS_0480,0480 NP SUB Glut_2,CCN20230722_CLUS,CS20230722_SUPT_0128,CCN20230722_SUPT,4,479,cluster,#000466,1,582
CS20230722_CLUS_0481,0481 NP SUB Glut_2,CCN20230722_CLUS,CS20230722_SUPT_0128,CCN20230722_SUPT,4,480,cluster,#8B2E99,1,573
CS20230722_CLUS_0482,0482 NP SUB Glut_2,CCN20230722_CLUS,CS20230722_SUPT_0128,CCN20230722_SUPT,4,481,cluster,#CC7A5C,1,774
CS20230722_CLUS_0483,0483 NP PPP Glut_1,CCN20230722_CLUS,CS20230722_SUPT_0129,CCN20230722_SUPT,4,482,cluster,#995117,1,201
CS20230722_CLUS_0484,0484 NP PPP Glut_1,CCN20230722_CLUS,CS20230722_SUPT_0129,CCN20230722_SUPT,4,483,cluster,#AA00FF,1,2024
CS20230722_CLUS_0485,0485 NP PPP Glut_1,CCN20230722_CLUS,CS20230722_SUPT_0129,CCN20230722_SUPT,4,484,cluster,#459959,1,804
CS20230722_CLUS_0486,0486 OB Eomes Ms4a15 Glut_1,CCN20230722_CLUS,CS20230722_SUPT_0130,CCN20230722_SUPT,4,485,cluster,#2E9996,1,67
CS20230722_CLUS_0487,0487 OB Eomes Ms4a15 Glut_1,CCN20230722_CLUS,CS20230722_SUPT_0130,CCN20230722_SUPT,4,486,cluster,#7CFF00,1,192
CS20230722_CLUS_0488,0488 OB Eomes Ms4a15 Glut_2,CCN20230722_CLUS,CS20230722_SUPT_0131,CCN20230722_SUPT,4,487,cluster,#665B2E,1,86
CS20230722_CLUS_0489,0489 OB Eomes Ms4a15 Glut_2,CCN20230722_CLUS,CS20230722_SUPT_0131,CCN20230722_SUPT,4,488,cluster,#2E4E99,1,95
CS20230722_CLUS_0490,0490 OB Eomes Ms4a15 Glut_2,CCN20230722_CLUS,CS20230722_SUPT_0131,CCN20230722_SUPT,4,489,cluster,#EBFF99,1,273
CS20230722_CLUS_0491,0491 OB Eomes Ms4a15 Glut_2,CCN20230722_CLUS,CS20230722_SUPT_0131,CCN20230722_SUPT,4,490,cluster,#8800FF,1,224
CS20230722_CLUS_0492,0492 OB Eomes Ms4a15 Glut_3,CCN20230722_CLUS,CS20230722_SUPT_0132,CCN20230722_SUPT,4,491,cluster,#1C0F66,1,101
CS20230722_CLUS_0493,0493 OB Eomes Ms4a15 Glut_3,CCN20230722_CLUS,CS20230722_SUPT_0132,CCN20230722_SUPT,4,492,cluster,#2600FF,1,193
CS20230722_CLUS_0494,0494 OB Eomes Ms4a15 Glut_4,CCN20230722_CLUS,CS20230722_SUPT_0133,CCN20230722_SUPT,4,493,cluster,#006635,1,156
CS20230722_CLUS_0495,0495 OB Eomes Ms4a15 Glut_5,CCN20230722_CLUS,CS20230722_SUPT_0134,CCN20230722_SUPT,4,494,cluster,#CC5CB3,1,66
CS20230722_CLUS_0496,0496 OB Eomes Ms4a15 Glut_5,CCN20230722_CLUS,CS20230722_SUPT_0134,CCN20230722_SUPT,4,495,cluster,#CC1F9F,1,198
CS20230722_CLUS_0497,0497 HPF CR Glut_1,CCN20230722_CLUS,CS20230722_SUPT_0135,CCN20230722_SUPT,4,496,cluster,#994598,1,2498
CS20230722_CLUS_0498,0498 HPF CR Glut_1,CCN20230722_CLUS,CS20230722_SUPT_0135,CCN20230722_SUPT,4,497,cluster,#660008,1,234
CS20230722_CLUS_0499,0499 HPF CR Glut_1,CCN20230722_CLUS,CS20230722_SUPT_0135,CCN20230722_SUPT,4,498,cluster,#458699,1,100
CS20230722_CLUS_0500,0500 HPF CR Glut_1,CCN20230722_CLUS,CS20230722_SUPT_0135,CCN20230722_SUPT,4,499,cluster,#005299,1,209
CS20230722_CLUS_0501,0501 HPF CR Glut_1,CCN20230722_CLUS,CS20230722_SUPT_0135,CCN20230722_SUPT,4,500,cluster,#A9CC7A,1,75
CS20230722_CLUS_0502,0502 DG Glut_1,CCN20230722_CLUS,CS20230722_SUPT_0136,CCN20230722_SUPT,4,501,cluster,#972E99,1,296
CS20230722_CLUS_0503,0503 DG Glut_1,CCN20230722_CLUS,CS20230722_SUPT_0136,CCN20230722_SUPT,4,502,cluster,#5CAECC,1,851
CS20230722_CLUS_0504,0504 DG Glut_1,CCN20230722_CLUS,CS20230722_SUPT_0136,CCN20230722_SUPT,4,503,cluster,#FF0700,1,116
CS20230722_CLUS_0505,0505 DG Glut_2,CCN20230722_CLUS,CS20230722_SUPT_0137,CCN20230722_SUPT,4,504,cluster,#CC603D,1,20503
CS20230722_CLUS_0506,0506 DG Glut_2,CCN20230722_CLUS,CS20230722_SUPT_0137,CCN20230722_SUPT,4,505,cluster,#FFD826,1,12197
CS20230722_CLUS_0507,0507 DG Glut_2,CCN20230722_CLUS,CS20230722_SUPT_0137,CCN20230722_SUPT,4,506,cluster,#99176A,1,42250
CS20230722_CLUS_0508,0508 DG Glut_3,CCN20230722_CLUS,CS20230722_SUPT_0138,CCN20230722_SUPT,4,507,cluster,#2E9964,1,165
CS20230722_CLUS_0509,0509 DG Glut_3,CCN20230722_CLUS,CS20230722_SUPT_0138,CCN20230722_SUPT,4,508,cluster,#CC3DA3,1,799
CS20230722_CLUS_0510,0510 DG Glut_4,CCN20230722_CLUS,CS20230722_SUPT_0139,CCN20230722_SUPT,4,509,cluster,#8EFF4D,1,5166
CS20230722_CLUS_0511,0511 DG-PIR Ex IMN_1,CCN20230722_CLUS,CS20230722_SUPT_0140,CCN20230722_SUPT,4,510,cluster,#CB1FCC,1,93
CS20230722_CLUS_0512,0512 DG-PIR Ex IMN_2,CCN20230722_CLUS,CS20230722_SUPT_0141,CCN20230722_SUPT,4,511,cluster,#FF9873,1,174
CS20230722_CLUS_0513,0513 DG-PIR Ex IMN_2,CCN20230722_CLUS,CS20230722_SUPT_0141,CCN20230722_SUPT,4,512,cluster,#69CC1F,1,107
CS20230722_CLUS_0514,0514 DG-PIR Ex IMN_2,CCN20230722_CLUS,CS20230722_SUPT_0141,CCN20230722_SUPT,4,513,cluster,#129900,1,408
CS20230722_CLUS_0515,0515 DG-PIR Ex IMN_2,CCN20230722_CLUS,CS20230722_SUPT_0141,CCN20230722_SUPT,4,514,cluster,#73FFBF,1,511
CS20230722_CLUS_0516,0516 DG-PIR Ex IMN_3,CCN20230722_CLUS,CS20230722_SUPT_0142,CCN20230722_SUPT,4,515,cluster,#FF0074,1,674
CS20230722_CLUS_0517,0517 DG-PIR Ex IMN_3,CCN20230722_CLUS,CS20230722_SUPT_0142,CCN20230722_SUPT,4,516,cluster,#45994B,1,42
CS20230722_CLUS_0518,0518 OB Meis2 Thsd7b Gaba_1,CCN20230722_CLUS,CS20230722_SUPT_0143,CCN20230722_SUPT,4,517,cluster,#994945,1,246
CS20230722_CLUS_0519,0519 OB Meis2 Thsd7b Gaba_1,CCN20230722_CLUS,CS20230722_SUPT_0143,CCN20230722_SUPT,4,518,cluster,#4DFFF1,1,217
CS20230722_CLUS_0520,0520 OB Meis2 Thsd7b Gaba_1,CCN20230722_CLUS,CS20230722_SUPT_0143,CCN20230722_SUPT,4,519,cluster,#8DCC1F,1,134
CS20230722_CLUS_0521,0521 OB Meis2 Thsd7b Gaba_2,CCN20230722_CLUS,CS20230722_SUPT_0144,CCN20230722_SUPT,4,520,cluster,#54663D,1,19
CS20230722_CLUS_0522,0522 OB Meis2 Thsd7b Gaba_2,CCN20230722_CLUS,CS20230722_SUPT_0144,CCN20230722_SUPT,4,521,cluster,#7ACC8E,1,298
CS20230722_CLUS_0523,0523 OB Meis2 Thsd7b Gaba_2,CCN20230722_CLUS,CS20230722_SUPT_0144,CCN20230722_SUPT,4,522,cluster,#6E9945,1,38
CS20230722_CLUS_0524,0524 OB Meis2 Thsd7b Gaba_2,CCN20230722_CLUS,CS20230722_SUPT_0144,CCN20230722_SUPT,4,523,cluster,#000099,1,157
CS20230722_CLUS_0525,0525 OB Meis2 Thsd7b Gaba_3,CCN20230722_CLUS,CS20230722_SUPT_0145,CCN20230722_SUPT,4,524,cluster,#CC5000,1,193
CS20230722_CLUS_0526,0526 OB Meis2 Thsd7b Gaba_4,CCN20230722_CLUS,CS20230722_SUPT_0146,CCN20230722_SUPT,4,525,cluster,#3D6166,1,678
CS20230722_CLUS_0527,0527 OB Meis2 Thsd7b Gaba_5,CCN20230722_CLUS,CS20230722_SUPT_0147,CCN20230722_SUPT,4,526,cluster,#3DCC94,1,148
CS20230722_CLUS_0528,0528 OB Meis2 Thsd7b Gaba_5,CCN20230722_CLUS,CS20230722_SUPT_0147,CCN20230722_SUPT,4,527,cluster,#749917,1,35
CS20230722_CLUS_0529,0529 OB Trdn Gaba_1,CCN20230722_CLUS,CS20230722_SUPT_0148,CCN20230722_SUPT,4,528,cluster,#995C90,1,996
CS20230722_CLUS_0530,0530 OB Trdn Gaba_2,CCN20230722_CLUS,CS20230722_SUPT_0149,CCN20230722_SUPT,4,529,cluster,#992E36,1,1441
CS20230722_CLUS_0531,0531 OB Trdn Gaba_2,CCN20230722_CLUS,CS20230722_SUPT_0149,CCN20230722_SUPT,4,530,cluster,#5CC0CC,1,1070
CS20230722_CLUS_0532,0532 OB-in Frmd7 Gaba_1,CCN20230722_CLUS,CS20230722_SUPT_0150,CCN20230722_SUPT,4,531,cluster,#582E66,1,1970
CS20230722_CLUS_0533,0533 OB-in Frmd7 Gaba_1,CCN20230722_CLUS,CS20230722_SUPT_0150,CCN20230722_SUPT,4,532,cluster,#CC7A9F,1,4266
CS20230722_CLUS_0534,0534 OB-in Frmd7 Gaba_1,CCN20230722_CLUS,CS20230722_SUPT_0150,CCN20230722_SUPT,4,533,cluster,#00995D,1,919
CS20230722_CLUS_0535,0535 OB-in Frmd7 Gaba_1,CCN20230722_CLUS,CS20230722_SUPT_0150,CCN20230722_SUPT,4,534,cluster,#904599,1,1721
CS20230722_CLUS_0536,0536 OB-in Frmd7 Gaba_1,CCN20230722_CLUS,CS20230722_SUPT_0150,CCN20230722_SUPT,4,535,cluster,#4D89FF,1,2342
CS20230722_CLUS_0537,0537 OB-in Frmd7 Gaba_1,CCN20230722_CLUS,CS20230722_SUPT_0150,CCN20230722_SUPT,4,536,cluster,#CC3DB0,1,12411
CS20230722_CLUS_0538,0538 OB-in Frmd7 Gaba_1,CCN20230722_CLUS,CS20230722_SUPT_0150,CCN20230722_SUPT,4,537,cluster,#00FF8C,1,3106
CS20230722_CLUS_0539,0539 OB-in Frmd7 Gaba_1,CCN20230722_CLUS,CS20230722_SUPT_0150,CCN20230722_SUPT,4,538,cluster,#663B0F,1,2657
CS20230722_CLUS_0540,0540 OB-in Frmd7 Gaba_1,CCN20230722_CLUS,CS20230722_SUPT_0150,CCN20230722_SUPT,4,539,cluster,#CCA17A,1,8074
CS20230722_CLUS_0541,0541 OB-in Frmd7 Gaba_1,CCN20230722_CLUS,CS20230722_SUPT_0150,CCN20230722_SUPT,4,540,cluster,#CC3D8C,1,833
CS20230722_CLUS_0542,0542 OB-in Frmd7 Gaba_2,CCN20230722_CLUS,CS20230722_SUPT_0151,CCN20230722_SUPT,4,541,cluster,#CCB87A,1,6223
CS20230722_CLUS_0543,0543 OB-in Frmd7 Gaba_2,CCN20230722_CLUS,CS20230722_SUPT_0151,CCN20230722_SUPT,4,542,cluster,#4F9945,1,4720
CS20230722_CLUS_0544,0544 OB-in Frmd7 Gaba_2,CCN20230722_CLUS,CS20230722_SUPT_0151,CCN20230722_SUPT,4,543,cluster,#A53DCC,1,4229
CS20230722_CLUS_0545,0545 OB-in Frmd7 Gaba_2,CCN20230722_CLUS,CS20230722_SUPT_0151,CCN20230722_SUPT,4,544,cluster,#998A45,1,4599
CS20230722_CLUS_0546,0546 OB-in Frmd7 Gaba_2,CCN20230722_CLUS,CS20230722_SUPT_0151,CCN20230722_SUPT,4,545,cluster,#26FF33,1,1343
CS20230722_CLUS_0547,0547 OB-in Frmd7 Gaba_2,CCN20230722_CLUS,CS20230722_SUPT_0151,CCN20230722_SUPT,4,546,cluster,#579945,1,3129
CS20230722_CLUS_0548,0548 OB-in Frmd7 Gaba_2,CCN20230722_CLUS,CS20230722_SUPT_0151,CCN20230722_SUPT,4,547,cluster,#4DFF84,1,8143
CS20230722_CLUS_0549,0549 OB-in Frmd7 Gaba_2,CCN20230722_CLUS,CS20230722_SUPT_0151,CCN20230722_SUPT,4,548,cluster,#A0CC1F,1,1662
CS20230722_CLUS_0550,0550 OB-in Frmd7 Gaba_3,CCN20230722_CLUS,CS20230722_SUPT_0152,CCN20230722_SUPT,4,549,cluster,#99FFBA,1,398
CS20230722_CLUS_0551,0551 OB-in Frmd7 Gaba_3,CCN20230722_CLUS,CS20230722_SUPT_0152,CCN20230722_SUPT,4,550,cluster,#CC0049,1,144
CS20230722_CLUS_0552,0552 OB-in Frmd7 Gaba_3,CCN20230722_CLUS,CS20230722_SUPT_0152,CCN20230722_SUPT,4,551,cluster,#99458B,1,490
CS20230722_CLUS_0553,0553 OB-in Frmd7 Gaba_3,CCN20230722_CLUS,CS20230722_SUPT_0152,CCN20230722_SUPT,4,552,cluster,#3D50CC,1,721
CS20230722_CLUS_0554,0554 OB-in Frmd7 Gaba_3,CCN20230722_CLUS,CS20230722_SUPT_0152,CCN20230722_SUPT,4,553,cluster,#E699FF,1,310
CS20230722_CLUS_0555,0555 OB-in Frmd7 Gaba_4,CCN20230722_CLUS,CS20230722_SUPT_0153,CCN20230722_SUPT,4,554,cluster,#BA5CCC,1,57
CS20230722_CLUS_0556,0556 OB-in Frmd7 Gaba_4,CCN20230722_CLUS,CS20230722_SUPT_0153,CCN20230722_SUPT,4,555,cluster,#A8CC7A,1,384
CS20230722_CLUS_0557,0557 OB-in Frmd7 Gaba_4,CCN20230722_CLUS,CS20230722_SUPT_0153,CCN20230722_SUPT,4,556,cluster,#98FF26,1,193
CS20230722_CLUS_0558,0558 OB-in Frmd7 Gaba_4,CCN20230722_CLUS,CS20230722_SUPT_0153,CCN20230722_SUPT,4,557,cluster,#2E4A99,1,1242
CS20230722_CLUS_0559,0559 OB-in Frmd7 Gaba_5,CCN20230722_CLUS,CS20230722_SUPT_0154,CCN20230722_SUPT,4,558,cluster,#666300,1,470
CS20230722_CLUS_0560,0560 OB-in Frmd7 Gaba_5,CCN20230722_CLUS,CS20230722_SUPT_0154,CCN20230722_SUPT,4,559,cluster,#66302E,1,258
CS20230722_CLUS_0561,0561 OB-in Frmd7 Gaba_5,CCN20230722_CLUS,CS20230722_SUPT_0154,CCN20230722_SUPT,4,560,cluster,#0BCC00,1,319
CS20230722_CLUS_0562,0562 OB-in Frmd7 Gaba_5,CCN20230722_CLUS,CS20230722_SUPT_0154,CCN20230722_SUPT,4,561,cluster,#660011,1,510
CS20230722_CLUS_0563,0563 OB-in Frmd7 Gaba_5,CCN20230722_CLUS,CS20230722_SUPT_0154,CCN20230722_SUPT,4,562,cluster,#990059,1,158
CS20230722_CLUS_0564,0564 OB-in Frmd7 Gaba_5,CCN20230722_CLUS,CS20230722_SUPT_0154,CCN20230722_SUPT,4,563,cluster,#2E6635,1,457
CS20230722_CLUS_0565,0565 OB-in Frmd7 Gaba_6,CCN20230722_CLUS,CS20230722_SUPT_0155,CCN20230722_SUPT,4,564,cluster,#574599,1,216
CS20230722_CLUS_0566,0566 OB-in Frmd7 Gaba_7,CCN20230722_CLUS,CS20230722_SUPT_0156,CCN20230722_SUPT,4,565,cluster,#660F48,1,739
CS20230722_CLUS_0567,0567 OB-in Frmd7 Gaba_8,CCN20230722_CLUS,CS20230722_SUPT_0157,CCN20230722_SUPT,4,566,cluster,#CC00B3,1,403
CS20230722_CLUS_0568,0568 OB-out Frmd7 Gaba_1,CCN20230722_CLUS,CS20230722_SUPT_0158,CCN20230722_SUPT,4,567,cluster,#992E7C,1,455
CS20230722_CLUS_0569,0569 OB-out Frmd7 Gaba_1,CCN20230722_CLUS,CS20230722_SUPT_0158,CCN20230722_SUPT,4,568,cluster,#998317,1,1260
CS20230722_CLUS_0570,0570 OB-out Frmd7 Gaba_1,CCN20230722_CLUS,CS20230722_SUPT_0158,CCN20230722_SUPT,4,569,cluster,#8C995C,1,260
CS20230722_CLUS_0571,0571 OB-out Frmd7 Gaba_1,CCN20230722_CLUS,CS20230722_SUPT_0158,CCN20230722_SUPT,4,570,cluster,#FF8873,1,1372
CS20230722_CLUS_0572,0572 OB-out Frmd7 Gaba_1,CCN20230722_CLUS,CS20230722_SUPT_0158,CCN20230722_SUPT,4,571,cluster,#1F4466,1,1131
CS20230722_CLUS_0573,0573 OB-out Frmd7 Gaba_1,CCN20230722_CLUS,CS20230722_SUPT_0158,CCN20230722_SUPT,4,572,cluster,#74995C,1,532
CS20230722_CLUS_0574,0574 OB-out Frmd7 Gaba_1,CCN20230722_CLUS,CS20230722_SUPT_0158,CCN20230722_SUPT,4,573,cluster,#FF4D5C,1,356
CS20230722_CLUS_0575,0575 OB-out Frmd7 Gaba_2,CCN20230722_CLUS,CS20230722_SUPT_0159,CCN20230722_SUPT,4,574,cluster,#8A7ACC,1,158
CS20230722_CLUS_0576,0576 OB-out Frmd7 Gaba_2,CCN20230722_CLUS,CS20230722_SUPT_0159,CCN20230722_SUPT,4,575,cluster,#5C9ACC,1,105
CS20230722_CLUS_0577,0577 OB-out Frmd7 Gaba_2,CCN20230722_CLUS,CS20230722_SUPT_0159,CCN20230722_SUPT,4,576,cluster,#99802E,1,172
CS20230722_CLUS_0578,0578 OB-out Frmd7 Gaba_3,CCN20230722_CLUS,CS20230722_SUPT_0160,CCN20230722_SUPT,4,577,cluster,#99DBFF,1,196
CS20230722_CLUS_0579,0579 OB-mi Frmd7 Gaba_1,CCN20230722_CLUS,CS20230722_SUPT_0161,CCN20230722_SUPT,4,578,cluster,#3DCCC8,1,210
CS20230722_CLUS_0580,0580 OB-mi Frmd7 Gaba_1,CCN20230722_CLUS,CS20230722_SUPT_0161,CCN20230722_SUPT,4,579,cluster,#995C73,1,232
CS20230722_CLUS_0581,0581 OB-mi Frmd7 Gaba_1,CCN20230722_CLUS,CS20230722_SUPT_0161,CCN20230722_SUPT,4,580,cluster,#FF7C73,1,169
CS20230722_CLUS_0582,0582 OB Dopa-Gaba_1,CCN20230722_CLUS,CS20230722_SUPT_0162,CCN20230722_SUPT,4,581,cluster,#FF73B7,1,871
CS20230722_CLUS_0583,0583 OB Dopa-Gaba_1,CCN20230722_CLUS,CS20230722_SUPT_0162,CCN20230722_SUPT,4,582,cluster,#CC673D,1,667
CS20230722_CLUS_0584,0584 OB Dopa-Gaba_1,CCN20230722_CLUS,CS20230722_SUPT_0162,CCN20230722_SUPT,4,583,cluster,#991759,1,887
CS20230722_CLUS_0585,0585 OB Dopa-Gaba_1,CCN20230722_CLUS,CS20230722_SUPT_0162,CCN20230722_SUPT,4,584,cluster,#66533D,1,119
CS20230722_CLUS_0586,0586 OB Dopa-Gaba_1,CCN20230722_CLUS,CS20230722_SUPT_0162,CCN20230722_SUPT,4,585,cluster,#3DCC8E,1,254
CS20230722_CLUS_0587,0587 OB Dopa-Gaba_1,CCN20230722_CLUS,CS20230722_SUPT_0162,CCN20230722_SUPT,4,586,cluster,#CC3DB6,1,529
CS20230722_CLUS_0588,0588 OB Dopa-Gaba_1,CCN20230722_CLUS,CS20230722_SUPT_0162,CCN20230722_SUPT,4,587,cluster,#665000,1,62
CS20230722_CLUS_0589,0589 OB Dopa-Gaba_1,CCN20230722_CLUS,CS20230722_SUPT_0162,CCN20230722_SUPT,4,588,cluster,#7ACC8C,1,907
CS20230722_CLUS_0590,0590 OB Dopa-Gaba_2,CCN20230722_CLUS,CS20230722_SUPT_0163,CCN20230722_SUPT,4,589,cluster,#73FAFF,1,157
CS20230722_CLUS_0591,0591 OB Dopa-Gaba_3,CCN20230722_CLUS,CS20230722_SUPT_0164,CCN20230722_SUPT,4,590,cluster,#CA5CCC,1,71
CS20230722_CLUS_0592,0592 OB Dopa-Gaba_4,CCN20230722_CLUS,CS20230722_SUPT_0165,CCN20230722_SUPT,4,591,cluster,#99805C,1,138
CS20230722_CLUS_0593,0593 OB-STR-CTX Inh IMN_1,CCN20230722_CLUS,CS20230722_SUPT_0166,CCN20230722_SUPT,4,592,cluster,#CCCA7A,1,43
CS20230722_CLUS_0594,0594 OB-STR-CTX Inh IMN_1,CCN20230722_CLUS,CS20230722_SUPT_0166,CCN20230722_SUPT,4,593,cluster,#00B4FF,1,240
CS20230722_CLUS_0595,0595 OB-STR-CTX Inh IMN_1,CCN20230722_CLUS,CS20230722_SUPT_0166,CCN20230722_SUPT,4,594,cluster,#9ECC00,1,180
CS20230722_CLUS_0596,0596 OB-STR-CTX Inh IMN_1,CCN20230722_CLUS,CS20230722_SUPT_0166,CCN20230722_SUPT,4,595,cluster,#73DEFF,1,113
CS20230722_CLUS_0597,0597 OB-STR-CTX Inh IMN_1,CCN20230722_CLUS,CS20230722_SUPT_0166,CCN20230722_SUPT,4,596,cluster,#995900,1,253
CS20230722_CLUS_0598,0598 OB-STR-CTX Inh IMN_1,CCN20230722_CLUS,CS20230722_SUPT_0166,CCN20230722_SUPT,4,597,cluster,#CC987A,1,221
CS20230722_CLUS_0599,0599 OB-STR-CTX Inh IMN_1,CCN20230722_CLUS,CS20230722_SUPT_0166,CCN20230722_SUPT,4,598,cluster,#994571,1,156
CS20230722_CLUS_0600,0600 OB-STR-CTX Inh IMN_1,CCN20230722_CLUS,CS20230722_SUPT_0166,CCN20230722_SUPT,4,599,cluster,#59661F,1,422
CS20230722_CLUS_0601,0601 OB-STR-CTX Inh IMN_2,CCN20230722_CLUS,CS20230722_SUPT_0167,CCN20230722_SUPT,4,600,cluster,#563D66,1,236
CS20230722_CLUS_0602,0602 OB-STR-CTX Inh IMN_2,CCN20230722_CLUS,CS20230722_SUPT_0167,CCN20230722_SUPT,4,601,cluster,#CC0093,1,52
CS20230722_CLUS_0603,0603 OB-STR-CTX Inh IMN_2,CCN20230722_CLUS,CS20230722_SUPT_0167,CCN20230722_SUPT,4,602,cluster,#2E6665,1,601
CS20230722_CLUS_0604,0604 OB-STR-CTX Inh IMN_2,CCN20230722_CLUS,CS20230722_SUPT_0167,CCN20230722_SUPT,4,603,cluster,#CC0073,1,253
CS20230722_CLUS_0605,0605 OB-STR-CTX Inh IMN_2,CCN20230722_CLUS,CS20230722_SUPT_0167,CCN20230722_SUPT,4,604,cluster,#5F663D,1,1488
CS20230722_CLUS_0606,0606 OB-STR-CTX Inh IMN_2,CCN20230722_CLUS,CS20230722_SUPT_0167,CCN20230722_SUPT,4,605,cluster,#4F662E,1,126
CS20230722_CLUS_0607,0607 OB-STR-CTX Inh IMN_2,CCN20230722_CLUS,CS20230722_SUPT_0167,CCN20230722_SUPT,4,606,cluster,#211799,1,703
CS20230722_CLUS_0608,0608 OB-STR-CTX Inh IMN_3,CCN20230722_CLUS,CS20230722_SUPT_0168,CCN20230722_SUPT,4,607,cluster,#885CCC,1,41
CS20230722_CLUS_0609,0609 OB-STR-CTX Inh IMN_3,CCN20230722_CLUS,CS20230722_SUPT_0168,CCN20230722_SUPT,4,608,cluster,#259917,1,651
CS20230722_CLUS_0610,0610 OB-STR-CTX Inh IMN_3,CCN20230722_CLUS,CS20230722_SUPT_0168,CCN20230722_SUPT,4,609,cluster,#4D660F,1,82
CS20230722_CLUS_0611,0611 OB-STR-CTX Inh IMN_4,CCN20230722_CLUS,CS20230722_SUPT_0169,CCN20230722_SUPT,4,610,cluster,#CC7ACC,1,104
CS20230722_CLUS_0612,0612 OB-STR-CTX Inh IMN_4,CCN20230722_CLUS,CS20230722_SUPT_0169,CCN20230722_SUPT,4,611,cluster,#00CC5A,1,3464
CS20230722_CLUS_0613,0613 OB-STR-CTX Inh IMN_4,CCN20230722_CLUS,CS20230722_SUPT_0169,CCN20230722_SUPT,4,612,cluster,#819945,1,173
CS20230722_CLUS_0614,0614 OB-STR-CTX Inh IMN_4,CCN20230722_CLUS,CS20230722_SUPT_0169,CCN20230722_SUPT,4,613,cluster,#660051,1,337
CS20230722_CLUS_0615,0615 OB-STR-CTX Inh IMN_4,CCN20230722_CLUS,CS20230722_SUPT_0169,CCN20230722_SUPT,4,614,cluster,#CC1F64,1,306
CS20230722_CLUS_0616,0616 OB-STR-CTX Inh IMN_5,CCN20230722_CLUS,CS20230722_SUPT_0170,CCN20230722_SUPT,4,615,cluster,#66543D,1,23
CS20230722_CLUS_0617,0617 OB-STR-CTX Inh IMN_5,CCN20230722_CLUS,CS20230722_SUPT_0170,CCN20230722_SUPT,4,616,cluster,#CC3DC9,1,54
CS20230722_CLUS_0618,0618 OB-STR-CTX Inh IMN_5,CCN20230722_CLUS,CS20230722_SUPT_0170,CCN20230722_SUPT,4,617,cluster,#FF99AA,1,224
CS20230722_CLUS_0619,0619 OB-STR-CTX Inh IMN_5,CCN20230722_CLUS,CS20230722_SUPT_0170,CCN20230722_SUPT,4,618,cluster,#A2CC7A,1,89
CS20230722_CLUS_0620,0620 OB-STR-CTX Inh IMN_5,CCN20230722_CLUS,CS20230722_SUPT_0170,CCN20230722_SUPT,4,619,cluster,#2E1FCC,1,58
CS20230722_CLUS_0621,0621 OB-STR-CTX Inh IMN_6,CCN20230722_CLUS,CS20230722_SUPT_0171,CCN20230722_SUPT,4,620,cluster,#993717,1,21
CS20230722_CLUS_0622,0622 OB-STR-CTX Inh IMN_7,CCN20230722_CLUS,CS20230722_SUPT_0172,CCN20230722_SUPT,4,621,cluster,#FF26EE,1,32
CS20230722_CLUS_0623,0623 Vip Gaba_1,CCN20230722_CLUS,CS20230722_SUPT_0173,CCN20230722_SUPT,4,622,cluster,#995C5E,1,2375
CS20230722_CLUS_0624,0624 Vip Gaba_1,CCN20230722_CLUS,CS20230722_SUPT_0173,CCN20230722_SUPT,4,623,cluster,#99458F,1,3065
CS20230722_CLUS_0625,0625 Vip Gaba_1,CCN20230722_CLUS,CS20230722_SUPT_0173,CCN20230722_SUPT,4,624,cluster,#8FFF73,1,1307
CS20230722_CLUS_0626,0626 Vip Gaba_1,CCN20230722_CLUS,CS20230722_SUPT_0173,CCN20230722_SUPT,4,625,cluster,#675C99,1,251
CS20230722_CLUS_0627,0627 Vip Gaba_2,CCN20230722_CLUS,CS20230722_SUPT_0174,CCN20230722_SUPT,4,626,cluster,#665A0F,1,1624
CS20230722_CLUS_0628,0628 Vip Gaba_2,CCN20230722_CLUS,CS20230722_SUPT_0174,CCN20230722_SUPT,4,627,cluster,#0F6266,1,1401
CS20230722_CLUS_0629,0629 Vip Gaba_2,CCN20230722_CLUS,CS20230722_SUPT_0174,CCN20230722_SUPT,4,628,cluster,#5C7899,1,1271
CS20230722_CLUS_0630,0630 Vip Gaba_2,CCN20230722_CLUS,CS20230722_SUPT_0174,CCN20230722_SUPT,4,629,cluster,#59662E,1,761
CS20230722_CLUS_0631,0631 Vip Gaba_2,CCN20230722_CLUS,CS20230722_SUPT_0174,CCN20230722_SUPT,4,630,cluster,#E7FF99,1,653
CS20230722_CLUS_0632,0632 Vip Gaba_3,CCN20230722_CLUS,CS20230722_SUPT_0175,CCN20230722_SUPT,4,631,cluster,#7F7ACC,1,2991
CS20230722_CLUS_0633,0633 Vip Gaba_3,CCN20230722_CLUS,CS20230722_SUPT_0175,CCN20230722_SUPT,4,632,cluster,#47662E,1,2237
CS20230722_CLUS_0634,0634 Vip Gaba_3,CCN20230722_CLUS,CS20230722_SUPT_0175,CCN20230722_SUPT,4,633,cluster,#CCA57A,1,1780
CS20230722_CLUS_0635,0635 Vip Gaba_3,CCN20230722_CLUS,CS20230722_SUPT_0175,CCN20230722_SUPT,4,634,cluster,#5E5C99,1,518
CS20230722_CLUS_0636,0636 Vip Gaba_4,CCN20230722_CLUS,CS20230722_SUPT_0176,CCN20230722_SUPT,4,635,cluster,#D526FF,1,750
CS20230722_CLUS_0637,0637 Vip Gaba_4,CCN20230722_CLUS,CS20230722_SUPT_0176,CCN20230722_SUPT,4,636,cluster,#2BCC00,1,338
CS20230722_CLUS_0638,0638 Vip Gaba_4,CCN20230722_CLUS,CS20230722_SUPT_0176,CCN20230722_SUPT,4,637,cluster,#2E6636,1,1046
CS20230722_CLUS_0639,0639 Vip Gaba_4,CCN20230722_CLUS,CS20230722_SUPT_0176,CCN20230722_SUPT,4,638,cluster,#66312E,1,3949
CS20230722_CLUS_0640,0640 Vip Gaba_5,CCN20230722_CLUS,CS20230722_SUPT_0177,CCN20230722_SUPT,4,639,cluster,#177D99,1,685
CS20230722_CLUS_0641,0641 Vip Gaba_5,CCN20230722_CLUS,CS20230722_SUPT_0177,CCN20230722_SUPT,4,640,cluster,#531F66,1,6490
CS20230722_CLUS_0642,0642 Vip Gaba_5,CCN20230722_CLUS,CS20230722_SUPT_0177,CCN20230722_SUPT,4,641,cluster,#C9CC7A,1,2881
CS20230722_CLUS_0643,0643 Vip Gaba_5,CCN20230722_CLUS,CS20230722_SUPT_0177,CCN20230722_SUPT,4,642,cluster,#8E7ACC,1,3618
CS20230722_CLUS_0644,0644 Vip Gaba_5,CCN20230722_CLUS,CS20230722_SUPT_0177,CCN20230722_SUPT,4,643,cluster,#5B1F66,1,1039
CS20230722_CLUS_0645,0645 Vip Gaba_6,CCN20230722_CLUS,CS20230722_SUPT_0178,CCN20230722_SUPT,4,644,cluster,#99682E,1,6446
CS20230722_CLUS_0646,0646 Vip Gaba_6,CCN20230722_CLUS,CS20230722_SUPT_0178,CCN20230722_SUPT,4,645,cluster,#8A995C,1,691
CS20230722_CLUS_0647,0647 Vip Gaba_6,CCN20230722_CLUS,CS20230722_SUPT_0178,CCN20230722_SUPT,4,646,cluster,#4D1F66,1,750
CS20230722_CLUS_0648,0648 Vip Gaba_6,CCN20230722_CLUS,CS20230722_SUPT_0178,CCN20230722_SUPT,4,647,cluster,#1F3ACC,1,587
CS20230722_CLUS_0649,0649 Vip Gaba_7,CCN20230722_CLUS,CS20230722_SUPT_0179,CCN20230722_SUPT,4,648,cluster,#00FF98,1,409
CS20230722_CLUS_0650,0650 Vip Gaba_7,CCN20230722_CLUS,CS20230722_SUPT_0179,CCN20230722_SUPT,4,649,cluster,#99DFFF,1,504
CS20230722_CLUS_0651,0651 Vip Gaba_7,CCN20230722_CLUS,CS20230722_SUPT_0179,CCN20230722_SUPT,4,650,cluster,#005466,1,170
CS20230722_CLUS_0652,0652 Vip Gaba_8,CCN20230722_CLUS,CS20230722_SUPT_0180,CCN20230722_SUPT,4,651,cluster,#999945,1,1221
CS20230722_CLUS_0653,0653 Vip Gaba_8,CCN20230722_CLUS,CS20230722_SUPT_0180,CCN20230722_SUPT,4,652,cluster,#990025,1,290
CS20230722_CLUS_0654,0654 Vip Gaba_9,CCN20230722_CLUS,CS20230722_SUPT_0181,CCN20230722_SUPT,4,653,cluster,#000ACC,1,286
CS20230722_CLUS_0655,0655 Vip Gaba_9,CCN20230722_CLUS,CS20230722_SUPT_0181,CCN20230722_SUPT,4,654,cluster,#B4CC1F,1,653
CS20230722_CLUS_0656,0656 Vip Gaba_9,CCN20230722_CLUS,CS20230722_SUPT_0181,CCN20230722_SUPT,4,655,cluster,#4D9945,1,192
CS20230722_CLUS_0657,0657 Vip Gaba_9,CCN20230722_CLUS,CS20230722_SUPT_0181,CCN20230722_SUPT,4,656,cluster,#322E66,1,310
CS20230722_CLUS_0658,0658 Vip Gaba_10,CCN20230722_CLUS,CS20230722_SUPT_0182,CCN20230722_SUPT,4,657,cluster,#CC7AA5,1,63
CS20230722_CLUS_0659,0659 Vip Gaba_10,CCN20230722_CLUS,CS20230722_SUPT_0182,CCN20230722_SUPT,4,658,cluster,#D7FF99,1,77
CS20230722_CLUS_0660,0660 Vip Gaba_11,CCN20230722_CLUS,CS20230722_SUPT_0183,CCN20230722_SUPT,4,659,cluster,#830099,1,985
CS20230722_CLUS_0661,0661 Vip Gaba_11,CCN20230722_CLUS,CS20230722_SUPT_0183,CCN20230722_SUPT,4,660,cluster,#662E3D,1,2745
CS20230722_CLUS_0662,0662 Vip Gaba_12,CCN20230722_CLUS,CS20230722_SUPT_0184,CCN20230722_SUPT,4,661,cluster,#5CC7CC,1,1214
CS20230722_CLUS_0663,0663 Vip Gaba_12,CCN20230722_CLUS,CS20230722_SUPT_0184,CCN20230722_SUPT,4,662,cluster,#C1FF00,1,3824
CS20230722_CLUS_0664,0664 Sncg Gaba_1,CCN20230722_CLUS,CS20230722_SUPT_0185,CCN20230722_SUPT,4,663,cluster,#99002C,1,179
CS20230722_CLUS_0665,0665 Sncg Gaba_1,CCN20230722_CLUS,CS20230722_SUPT_0185,CCN20230722_SUPT,4,664,cluster,#AFCC7A,1,674
CS20230722_CLUS_0666,0666 Sncg Gaba_1,CCN20230722_CLUS,CS20230722_SUPT_0185,CCN20230722_SUPT,4,665,cluster,#CBCC1F,1,694
CS20230722_CLUS_0667,0667 Sncg Gaba_1,CCN20230722_CLUS,CS20230722_SUPT_0185,CCN20230722_SUPT,4,666,cluster,#66100F,1,525
CS20230722_CLUS_0668,0668 Sncg Gaba_1,CCN20230722_CLUS,CS20230722_SUPT_0185,CCN20230722_SUPT,4,667,cluster,#3DCCCB,1,184
CS20230722_CLUS_0669,0669 Sncg Gaba_2,CCN20230722_CLUS,CS20230722_SUPT_0186,CCN20230722_SUPT,4,668,cluster,#382E66,1,769
CS20230722_CLUS_0670,0670 Sncg Gaba_2,CCN20230722_CLUS,CS20230722_SUPT_0186,CCN20230722_SUPT,4,669,cluster,#239900,1,474
CS20230722_CLUS_0671,0671 Sncg Gaba_2,CCN20230722_CLUS,CS20230722_SUPT_0186,CCN20230722_SUPT,4,670,cluster,#CC8E5C,1,1106
CS20230722_CLUS_0672,0672 Sncg Gaba_3,CCN20230722_CLUS,CS20230722_SUPT_0187,CCN20230722_SUPT,4,671,cluster,#7773FF,1,736
CS20230722_CLUS_0673,0673 Sncg Gaba_3,CCN20230722_CLUS,CS20230722_SUPT_0187,CCN20230722_SUPT,4,672,cluster,#CC1400,1,1168
CS20230722_CLUS_0674,0674 Sncg Gaba_3,CCN20230722_CLUS,CS20230722_SUPT_0187,CCN20230722_SUPT,4,673,cluster,#096600,1,1850
CS20230722_CLUS_0675,0675 Sncg Gaba_3,CCN20230722_CLUS,CS20230722_SUPT_0187,CCN20230722_SUPT,4,674,cluster,#003D66,1,293
CS20230722_CLUS_0676,0676 Sncg Gaba_3,CCN20230722_CLUS,CS20230722_SUPT_0187,CCN20230722_SUPT,4,675,cluster,#CC5CAB,1,2268
CS20230722_CLUS_0677,0677 Sncg Gaba_3,CCN20230722_CLUS,CS20230722_SUPT_0187,CCN20230722_SUPT,4,676,cluster,#2E3699,1,1422
CS20230722_CLUS_0678,0678 Sncg Gaba_4,CCN20230722_CLUS,CS20230722_SUPT_0188,CCN20230722_SUPT,4,677,cluster,#3DCCA7,1,1900
CS20230722_CLUS_0679,0679 Sncg Gaba_5,CCN20230722_CLUS,CS20230722_SUPT_0189,CCN20230722_SUPT,4,678,cluster,#FFA226,1,378
CS20230722_CLUS_0680,0680 Sncg Gaba_5,CCN20230722_CLUS,CS20230722_SUPT_0189,CCN20230722_SUPT,4,679,cluster,#3DCCA4,1,396
CS20230722_CLUS_0681,0681 Sncg Gaba_5,CCN20230722_CLUS,CS20230722_SUPT_0189,CCN20230722_SUPT,4,680,cluster,#3D663E,1,291
CS20230722_CLUS_0682,0682 Sncg Gaba_6,CCN20230722_CLUS,CS20230722_SUPT_0190,CCN20230722_SUPT,4,681,cluster,#CC3D86,1,1928
CS20230722_CLUS_0683,0683 Sncg Gaba_7,CCN20230722_CLUS,CS20230722_SUPT_0191,CCN20230722_SUPT,4,682,cluster,#ADCC7A,1,429
CS20230722_CLUS_0684,0684 Sncg Gaba_8,CCN20230722_CLUS,CS20230722_SUPT_0192,CCN20230722_SUPT,4,683,cluster,#65660F,1,807
CS20230722_CLUS_0685,0685 Sncg Gaba_8,CCN20230722_CLUS,CS20230722_SUPT_0192,CCN20230722_SUPT,4,684,cluster,#3DCC7A,1,369
CS20230722_CLUS_0686,0686 RHP-COA Ndnf Gaba_1,CCN20230722_CLUS,CS20230722_SUPT_0193,CCN20230722_SUPT,4,685,cluster,#300F66,1,542
CS20230722_CLUS_0687,0687 RHP-COA Ndnf Gaba_1,CCN20230722_CLUS,CS20230722_SUPT_0193,CCN20230722_SUPT,4,686,cluster,#661F40,1,236
CS20230722_CLUS_0688,0688 RHP-COA Ndnf Gaba_1,CCN20230722_CLUS,CS20230722_SUPT_0193,CCN20230722_SUPT,4,687,cluster,#D2FF99,1,177
CS20230722_CLUS_0689,0689 RHP-COA Ndnf Gaba_1,CCN20230722_CLUS,CS20230722_SUPT_0193,CCN20230722_SUPT,4,688,cluster,#B0CC00,1,410
CS20230722_CLUS_0690,0690 RHP-COA Ndnf Gaba_2,CCN20230722_CLUS,CS20230722_SUPT_0194,CCN20230722_SUPT,4,689,cluster,#009978,1,148
CS20230722_CLUS_0691,0691 RHP-COA Ndnf Gaba_2,CCN20230722_CLUS,CS20230722_SUPT_0194,CCN20230722_SUPT,4,690,cluster,#FFC34D,1,124
CS20230722_CLUS_0692,0692 RHP-COA Ndnf Gaba_2,CCN20230722_CLUS,CS20230722_SUPT_0194,CCN20230722_SUPT,4,691,cluster,#929945,1,64
CS20230722_CLUS_0693,0693 RHP-COA Ndnf Gaba_3,CCN20230722_CLUS,CS20230722_SUPT_0195,CCN20230722_SUPT,4,692,cluster,#FF9426,1,182
CS20230722_CLUS_0694,0694 RHP-COA Ndnf Gaba_3,CCN20230722_CLUS,CS20230722_SUPT_0195,CCN20230722_SUPT,4,693,cluster,#B4CC3D,1,169
CS20230722_CLUS_0695,0695 RHP-COA Ndnf Gaba_3,CCN20230722_CLUS,CS20230722_SUPT_0195,CCN20230722_SUPT,4,694,cluster,#4D51FF,1,178
CS20230722_CLUS_0696,0696 RHP-COA Ndnf Gaba_3,CCN20230722_CLUS,CS20230722_SUPT_0195,CCN20230722_SUPT,4,695,cluster,#99FFDA,1,166
CS20230722_CLUS_0697,0697 RHP-COA Ndnf Gaba_4,CCN20230722_CLUS,CS20230722_SUPT_0196,CCN20230722_SUPT,4,696,cluster,#CC4C00,1,87
CS20230722_CLUS_0698,0698 RHP-COA Ndnf Gaba_4,CCN20230722_CLUS,CS20230722_SUPT_0196,CCN20230722_SUPT,4,697,cluster,#1F9900,1,80
CS20230722_CLUS_0699,0699 RHP-COA Ndnf Gaba_5,CCN20230722_CLUS,CS20230722_SUPT_0197,CCN20230722_SUPT,4,698,cluster,#990093,1,89
CS20230722_CLUS_0700,0700 RHP-COA Ndnf Gaba_5,CCN20230722_CLUS,CS20230722_SUPT_0197,CCN20230722_SUPT,4,699,cluster,#0F00FF,1,42
CS20230722_CLUS_0701,0701 RHP-COA Ndnf Gaba_5,CCN20230722_CLUS,CS20230722_SUPT_0197,CCN20230722_SUPT,4,700,cluster,#009914,1,111
CS20230722_CLUS_0702,0702 RHP-COA Ndnf Gaba_5,CCN20230722_CLUS,CS20230722_SUPT_0197,CCN20230722_SUPT,4,701,cluster,#FF99C3,1,94
CS20230722_CLUS_0703,0703 RHP-COA Ndnf Gaba_5,CCN20230722_CLUS,CS20230722_SUPT_0197,CCN20230722_SUPT,4,702,cluster,#17997E,1,90
CS20230722_CLUS_0704,0704 RHP-COA Ndnf Gaba_6,CCN20230722_CLUS,CS20230722_SUPT_0198,CCN20230722_SUPT,4,703,cluster,#3D6650,1,211
CS20230722_CLUS_0705,0705 RHP-COA Ndnf Gaba_6,CCN20230722_CLUS,CS20230722_SUPT_0198,CCN20230722_SUPT,4,704,cluster,#179958,1,61
CS20230722_CLUS_0706,0706 Lamp5 Gaba_1,CCN20230722_CLUS,CS20230722_SUPT_0199,CCN20230722_SUPT,4,705,cluster,#BBFF26,1,556
CS20230722_CLUS_0707,0707 Lamp5 Gaba_1,CCN20230722_CLUS,CS20230722_SUPT_0199,CCN20230722_SUPT,4,706,cluster,#55660F,1,2745
CS20230722_CLUS_0708,0708 Lamp5 Gaba_1,CCN20230722_CLUS,CS20230722_SUPT_0199,CCN20230722_SUPT,4,707,cluster,#992E50,1,10946
CS20230722_CLUS_0709,0709 Lamp5 Gaba_1,CCN20230722_CLUS,CS20230722_SUPT_0199,CCN20230722_SUPT,4,708,cluster,#998900,1,18391
CS20230722_CLUS_0710,0710 Lamp5 Gaba_1,CCN20230722_CLUS,CS20230722_SUPT_0199,CCN20230722_SUPT,4,709,cluster,#2E664B,1,5178
CS20230722_CLUS_0711,0711 Lamp5 Gaba_1,CCN20230722_CLUS,CS20230722_SUPT_0199,CCN20230722_SUPT,4,710,cluster,#00CC71,1,2106
CS20230722_CLUS_0712,0712 Lamp5 Gaba_1,CCN20230722_CLUS,CS20230722_SUPT_0199,CCN20230722_SUPT,4,711,cluster,#769900,1,481
CS20230722_CLUS_0713,0713 Lamp5 Gaba_1,CCN20230722_CLUS,CS20230722_SUPT_0199,CCN20230722_SUPT,4,712,cluster,#2C0066,1,959
CS20230722_CLUS_0714,0714 Lamp5 Gaba_2,CCN20230722_CLUS,CS20230722_SUPT_0200,CCN20230722_SUPT,4,713,cluster,#91CC3D,1,636
CS20230722_CLUS_0715,0715 Lamp5 Gaba_2,CCN20230722_CLUS,CS20230722_SUPT_0200,CCN20230722_SUPT,4,714,cluster,#CC703D,1,610
CS20230722_CLUS_0716,0716 Lamp5 Gaba_2,CCN20230722_CLUS,CS20230722_SUPT_0200,CCN20230722_SUPT,4,715,cluster,#CC5C7E,1,1035
CS20230722_CLUS_0717,0717 Lamp5 Gaba_2,CCN20230722_CLUS,CS20230722_SUPT_0200,CCN20230722_SUPT,4,716,cluster,#6F9917,1,620
CS20230722_CLUS_0718,0718 Lamp5 Gaba_2,CCN20230722_CLUS,CS20230722_SUPT_0200,CCN20230722_SUPT,4,717,cluster,#0F5366,1,4139
CS20230722_CLUS_0719,0719 Lamp5 Gaba_3,CCN20230722_CLUS,CS20230722_SUPT_0201,CCN20230722_SUPT,4,718,cluster,#003CCC,1,1460
CS20230722_CLUS_0720,0720 Lamp5 Gaba_3,CCN20230722_CLUS,CS20230722_SUPT_0201,CCN20230722_SUPT,4,719,cluster,#62663D,1,1345
CS20230722_CLUS_0721,0721 Lamp5 Gaba_3,CCN20230722_CLUS,CS20230722_SUPT_0201,CCN20230722_SUPT,4,720,cluster,#514DFF,1,1144
CS20230722_CLUS_0722,0722 Lamp5 Gaba_4,CCN20230722_CLUS,CS20230722_SUPT_0202,CCN20230722_SUPT,4,721,cluster,#66241F,1,2085
CS20230722_CLUS_0723,0723 Lamp5 Gaba_4,CCN20230722_CLUS,CS20230722_SUPT_0202,CCN20230722_SUPT,4,722,cluster,#CC5C8F,1,48
CS20230722_CLUS_0724,0724 Lamp5 Lhx6 Gaba_1,CCN20230722_CLUS,CS20230722_SUPT_0203,CCN20230722_SUPT,4,723,cluster,#995C00,1,2443
CS20230722_CLUS_0725,0725 Lamp5 Lhx6 Gaba_1,CCN20230722_CLUS,CS20230722_SUPT_0203,CCN20230722_SUPT,4,724,cluster,#539900,1,212
CS20230722_CLUS_0726,0726 Lamp5 Lhx6 Gaba_1,CCN20230722_CLUS,CS20230722_SUPT_0203,CCN20230722_SUPT,4,725,cluster,#71FF00,1,4464
CS20230722_CLUS_0727,0727 Lamp5 Lhx6 Gaba_1,CCN20230722_CLUS,CS20230722_SUPT_0203,CCN20230722_SUPT,4,726,cluster,#006600,1,59
CS20230722_CLUS_0728,0728 Lamp5 Lhx6 Gaba_1,CCN20230722_CLUS,CS20230722_SUPT_0203,CCN20230722_SUPT,4,727,cluster,#C2FF73,1,63
CS20230722_CLUS_0729,0729 Lamp5 Lhx6 Gaba_1,CCN20230722_CLUS,CS20230722_SUPT_0203,CCN20230722_SUPT,4,728,cluster,#3D5966,1,626
CS20230722_CLUS_0730,0730 Lamp5 Lhx6 Gaba_1,CCN20230722_CLUS,CS20230722_SUPT_0203,CCN20230722_SUPT,4,729,cluster,#961799,1,112
CS20230722_CLUS_0731,0731 Lamp5 Lhx6 Gaba_1,CCN20230722_CLUS,CS20230722_SUPT_0203,CCN20230722_SUPT,4,730,cluster,#995A45,1,934
CS20230722_CLUS_0732,0732 Pvalb chandelier Gaba_1,CCN20230722_CLUS,CS20230722_SUPT_0204,CCN20230722_SUPT,4,731,cluster,#D2FF4D,1,309
CS20230722_CLUS_0733,0733 Pvalb chandelier Gaba_1,CCN20230722_CLUS,CS20230722_SUPT_0204,CCN20230722_SUPT,4,732,cluster,#5C6B99,1,3161
CS20230722_CLUS_0734,0734 Pvalb Gaba_1,CCN20230722_CLUS,CS20230722_SUPT_0205,CCN20230722_SUPT,4,733,cluster,#66362E,1,795
CS20230722_CLUS_0735,0735 Pvalb Gaba_1,CCN20230722_CLUS,CS20230722_SUPT_0205,CCN20230722_SUPT,4,734,cluster,#1F662E,1,1425
CS20230722_CLUS_0736,0736 Pvalb Gaba_1,CCN20230722_CLUS,CS20230722_SUPT_0205,CCN20230722_SUPT,4,735,cluster,#661900,1,326
CS20230722_CLUS_0737,0737 Pvalb Gaba_2,CCN20230722_CLUS,CS20230722_SUPT_0206,CCN20230722_SUPT,4,736,cluster,#2E9983,1,170
CS20230722_CLUS_0738,0738 Pvalb Gaba_2,CCN20230722_CLUS,CS20230722_SUPT_0206,CCN20230722_SUPT,4,737,cluster,#1200CC,1,425
CS20230722_CLUS_0739,0739 Pvalb Gaba_2,CCN20230722_CLUS,CS20230722_SUPT_0206,CCN20230722_SUPT,4,738,cluster,#CC5C67,1,55
CS20230722_CLUS_0740,0740 Pvalb Gaba_3,CCN20230722_CLUS,CS20230722_SUPT_0207,CCN20230722_SUPT,4,739,cluster,#172299,1,3366
CS20230722_CLUS_0741,0741 Pvalb Gaba_3,CCN20230722_CLUS,CS20230722_SUPT_0207,CCN20230722_SUPT,4,740,cluster,#5CCC8A,1,9691
CS20230722_CLUS_0742,0742 Pvalb Gaba_3,CCN20230722_CLUS,CS20230722_SUPT_0207,CCN20230722_SUPT,4,741,cluster,#99B1FF,1,5882
CS20230722_CLUS_0743,0743 Pvalb Gaba_4,CCN20230722_CLUS,CS20230722_SUPT_0208,CCN20230722_SUPT,4,742,cluster,#73FFE1,1,1224
CS20230722_CLUS_0744,0744 Pvalb Gaba_4,CCN20230722_CLUS,CS20230722_SUPT_0208,CCN20230722_SUPT,4,743,cluster,#996D2E,1,1751
CS20230722_CLUS_0745,0745 Pvalb Gaba_4,CCN20230722_CLUS,CS20230722_SUPT_0208,CCN20230722_SUPT,4,744,cluster,#2E5699,1,835
CS20230722_CLUS_0746,0746 Pvalb Gaba_4,CCN20230722_CLUS,CS20230722_SUPT_0208,CCN20230722_SUPT,4,745,cluster,#662E50,1,709
CS20230722_CLUS_0747,0747 Pvalb Gaba_4,CCN20230722_CLUS,CS20230722_SUPT_0208,CCN20230722_SUPT,4,746,cluster,#CC9E5C,1,2174
CS20230722_CLUS_0748,0748 Pvalb Gaba_5,CCN20230722_CLUS,CS20230722_SUPT_0209,CCN20230722_SUPT,4,747,cluster,#610066,1,2814
CS20230722_CLUS_0749,0749 Pvalb Gaba_5,CCN20230722_CLUS,CS20230722_SUPT_0209,CCN20230722_SUPT,4,748,cluster,#BF3DCC,1,205
CS20230722_CLUS_0750,0750 Pvalb Gaba_5,CCN20230722_CLUS,CS20230722_SUPT_0209,CCN20230722_SUPT,4,749,cluster,#613D66,1,171
CS20230722_CLUS_0751,0751 Pvalb Gaba_6,CCN20230722_CLUS,CS20230722_SUPT_0210,CCN20230722_SUPT,4,750,cluster,#665E00,1,780
CS20230722_CLUS_0752,0752 Pvalb Gaba_6,CCN20230722_CLUS,CS20230722_SUPT_0210,CCN20230722_SUPT,4,751,cluster,#AAFF4D,1,931
CS20230722_CLUS_0753,0753 Pvalb Gaba_7,CCN20230722_CLUS,CS20230722_SUPT_0211,CCN20230722_SUPT,4,752,cluster,#FF8273,1,567
CS20230722_CLUS_0754,0754 Pvalb Gaba_8,CCN20230722_CLUS,CS20230722_SUPT_0212,CCN20230722_SUPT,4,753,cluster,#2E8499,1,7777
CS20230722_CLUS_0755,0755 Pvalb Gaba_9,CCN20230722_CLUS,CS20230722_SUPT_0213,CCN20230722_SUPT,4,754,cluster,#FF266B,1,241
CS20230722_CLUS_0756,0756 Sst Gaba_1,CCN20230722_CLUS,CS20230722_SUPT_0214,CCN20230722_SUPT,4,755,cluster,#2E3966,1,911
CS20230722_CLUS_0757,0757 Sst Gaba_1,CCN20230722_CLUS,CS20230722_SUPT_0214,CCN20230722_SUPT,4,756,cluster,#E899FF,1,956
CS20230722_CLUS_0758,0758 Sst Gaba_1,CCN20230722_CLUS,CS20230722_SUPT_0214,CCN20230722_SUPT,4,757,cluster,#503D66,1,1516
CS20230722_CLUS_0759,0759 Sst Gaba_1,CCN20230722_CLUS,CS20230722_SUPT_0214,CCN20230722_SUPT,4,758,cluster,#00660A,1,998
CS20230722_CLUS_0760,0760 Sst Gaba_1,CCN20230722_CLUS,CS20230722_SUPT_0214,CCN20230722_SUPT,4,759,cluster,#5C7399,1,1170
CS20230722_CLUS_0761,0761 Sst Gaba_1,CCN20230722_CLUS,CS20230722_SUPT_0214,CCN20230722_SUPT,4,760,cluster,#5CCC91,1,1324
CS20230722_CLUS_0762,0762 Sst Gaba_2,CCN20230722_CLUS,CS20230722_SUPT_0215,CCN20230722_SUPT,4,761,cluster,#CC211F,1,296
CS20230722_CLUS_0763,0763 Sst Gaba_2,CCN20230722_CLUS,CS20230722_SUPT_0215,CCN20230722_SUPT,4,762,cluster,#CC533D,1,80
CS20230722_CLUS_0764,0764 Sst Gaba_2,CCN20230722_CLUS,CS20230722_SUPT_0215,CCN20230722_SUPT,4,763,cluster,#99FFF8,1,400
CS20230722_CLUS_0765,0765 Sst Gaba_2,CCN20230722_CLUS,CS20230722_SUPT_0215,CCN20230722_SUPT,4,764,cluster,#AF7ACC,1,218
CS20230722_CLUS_0766,0766 Sst Gaba_2,CCN20230722_CLUS,CS20230722_SUPT_0215,CCN20230722_SUPT,4,765,cluster,#172B99,1,189
CS20230722_CLUS_0767,0767 Sst Gaba_3,CCN20230722_CLUS,CS20230722_SUPT_0216,CCN20230722_SUPT,4,766,cluster,#0074CC,1,104
CS20230722_CLUS_0768,0768 Sst Gaba_3,CCN20230722_CLUS,CS20230722_SUPT_0216,CCN20230722_SUPT,4,767,cluster,#660F50,1,66
CS20230722_CLUS_0769,0769 Sst Gaba_3,CCN20230722_CLUS,CS20230722_SUPT_0216,CCN20230722_SUPT,4,768,cluster,#150099,1,334
CS20230722_CLUS_0770,0770 Sst Gaba_3,CCN20230722_CLUS,CS20230722_SUPT_0216,CCN20230722_SUPT,4,769,cluster,#457C99,1,404
CS20230722_CLUS_0771,0771 Sst Gaba_3,CCN20230722_CLUS,CS20230722_SUPT_0216,CCN20230722_SUPT,4,770,cluster,#0400CC,1,462
CS20230722_CLUS_0772,0772 Sst Gaba_3,CCN20230722_CLUS,CS20230722_SUPT_0216,CCN20230722_SUPT,4,771,cluster,#43663D,1,190
CS20230722_CLUS_0773,0773 Sst Gaba_3,CCN20230722_CLUS,CS20230722_SUPT_0216,CCN20230722_SUPT,4,772,cluster,#FF737B,1,156
CS20230722_CLUS_0774,0774 Sst Gaba_3,CCN20230722_CLUS,CS20230722_SUPT_0216,CCN20230722_SUPT,4,773,cluster,#2E3999,1,145
CS20230722_CLUS_0775,0775 Sst Gaba_3,CCN20230722_CLUS,CS20230722_SUPT_0216,CCN20230722_SUPT,4,774,cluster,#8226FF,1,143
CS20230722_CLUS_0776,0776 Sst Gaba_4,CCN20230722_CLUS,CS20230722_SUPT_0217,CCN20230722_SUPT,4,775,cluster,#662F0F,1,760
CS20230722_CLUS_0777,0777 Sst Gaba_4,CCN20230722_CLUS,CS20230722_SUPT_0217,CCN20230722_SUPT,4,776,cluster,#99C8FF,1,2956
CS20230722_CLUS_0778,0778 Sst Gaba_4,CCN20230722_CLUS,CS20230722_SUPT_0217,CCN20230722_SUPT,4,777,cluster,#A7FF26,1,2675
CS20230722_CLUS_0779,0779 Sst Gaba_4,CCN20230722_CLUS,CS20230722_SUPT_0217,CCN20230722_SUPT,4,778,cluster,#B3CC7A,1,4421
CS20230722_CLUS_0780,0780 Sst Gaba_4,CCN20230722_CLUS,CS20230722_SUPT_0217,CCN20230722_SUPT,4,779,cluster,#63662E,1,3523
CS20230722_CLUS_0781,0781 Sst Gaba_5,CCN20230722_CLUS,CS20230722_SUPT_0218,CCN20230722_SUPT,4,780,cluster,#995C81,1,1277
CS20230722_CLUS_0782,0782 Sst Gaba_5,CCN20230722_CLUS,CS20230722_SUPT_0218,CCN20230722_SUPT,4,781,cluster,#990044,1,584
CS20230722_CLUS_0783,0783 Sst Gaba_5,CCN20230722_CLUS,CS20230722_SUPT_0218,CCN20230722_SUPT,4,782,cluster,#454599,1,1228
CS20230722_CLUS_0784,0784 Sst Gaba_5,CCN20230722_CLUS,CS20230722_SUPT_0218,CCN20230722_SUPT,4,783,cluster,#663D3F,1,910
CS20230722_CLUS_0785,0785 Sst Gaba_6,CCN20230722_CLUS,CS20230722_SUPT_0219,CCN20230722_SUPT,4,784,cluster,#99FFB7,1,51
CS20230722_CLUS_0786,0786 Sst Gaba_6,CCN20230722_CLUS,CS20230722_SUPT_0219,CCN20230722_SUPT,4,785,cluster,#59FF26,1,132
CS20230722_CLUS_0787,0787 Sst Gaba_6,CCN20230722_CLUS,CS20230722_SUPT_0219,CCN20230722_SUPT,4,786,cluster,#3C992E,1,65
CS20230722_CLUS_0788,0788 Sst Gaba_6,CCN20230722_CLUS,CS20230722_SUPT_0219,CCN20230722_SUPT,4,787,cluster,#9673FF,1,98
CS20230722_CLUS_0789,0789 Sst Gaba_6,CCN20230722_CLUS,CS20230722_SUPT_0219,CCN20230722_SUPT,4,788,cluster,#005B66,1,222
CS20230722_CLUS_0790,0790 Sst Gaba_6,CCN20230722_CLUS,CS20230722_SUPT_0219,CCN20230722_SUPT,4,789,cluster,#FAFF4D,1,57
CS20230722_CLUS_0791,0791 Sst Gaba_6,CCN20230722_CLUS,CS20230722_SUPT_0219,CCN20230722_SUPT,4,790,cluster,#49660F,1,100
CS20230722_CLUS_0792,0792 Sst Gaba_7,CCN20230722_CLUS,CS20230722_SUPT_0220,CCN20230722_SUPT,4,791,cluster,#99D2FF,1,2568
CS20230722_CLUS_0793,0793 Sst Gaba_7,CCN20230722_CLUS,CS20230722_SUPT_0220,CCN20230722_SUPT,4,792,cluster,#20FF00,1,618
CS20230722_CLUS_0794,0794 Sst Gaba_7,CCN20230722_CLUS,CS20230722_SUPT_0220,CCN20230722_SUPT,4,793,cluster,#0092FF,1,554
CS20230722_CLUS_0795,0795 Sst Gaba_8,CCN20230722_CLUS,CS20230722_SUPT_0221,CCN20230722_SUPT,4,794,cluster,#CC0077,1,925
CS20230722_CLUS_0796,0796 Sst Gaba_8,CCN20230722_CLUS,CS20230722_SUPT_0221,CCN20230722_SUPT,4,795,cluster,#CC8F7A,1,339
CS20230722_CLUS_0797,0797 Sst Gaba_8,CCN20230722_CLUS,CS20230722_SUPT_0221,CCN20230722_SUPT,4,796,cluster,#A47ACC,1,2881
CS20230722_CLUS_0798,0798 Sst Gaba_9,CCN20230722_CLUS,CS20230722_SUPT_0222,CCN20230722_SUPT,4,797,cluster,#C0FF26,1,967
CS20230722_CLUS_0799,0799 Sst Gaba_9,CCN20230722_CLUS,CS20230722_SUPT_0222,CCN20230722_SUPT,4,798,cluster,#45997B,1,790
CS20230722_CLUS_0800,0800 Sst Gaba_9,CCN20230722_CLUS,CS20230722_SUPT_0222,CCN20230722_SUPT,4,799,cluster,#FF6326,1,649
CS20230722_CLUS_0801,0801 Sst Gaba_9,CCN20230722_CLUS,CS20230722_SUPT_0222,CCN20230722_SUPT,4,800,cluster,#FF5426,1,1026
CS20230722_CLUS_0802,0802 Sst Gaba_10,CCN20230722_CLUS,CS20230722_SUPT_0223,CCN20230722_SUPT,4,801,cluster,#FF73DA,1,1089
CS20230722_CLUS_0803,0803 Sst Gaba_10,CCN20230722_CLUS,CS20230722_SUPT_0223,CCN20230722_SUPT,4,802,cluster,#7ACCAF,1,3849
CS20230722_CLUS_0804,0804 Sst Gaba_10,CCN20230722_CLUS,CS20230722_SUPT_0223,CCN20230722_SUPT,4,803,cluster,#99A1FF,1,1203
CS20230722_CLUS_0805,0805 Sst Gaba_11,CCN20230722_CLUS,CS20230722_SUPT_0224,CCN20230722_SUPT,4,804,cluster,#CC1F22,1,1345
CS20230722_CLUS_0806,0806 Sst Gaba_11,CCN20230722_CLUS,CS20230722_SUPT_0224,CCN20230722_SUPT,4,805,cluster,#73FFB8,1,1332
CS20230722_CLUS_0807,0807 Sst Gaba_12,CCN20230722_CLUS,CS20230722_SUPT_0225,CCN20230722_SUPT,4,806,cluster,#CCC87A,1,481
CS20230722_CLUS_0808,0808 Sst Gaba_12,CCN20230722_CLUS,CS20230722_SUPT_0225,CCN20230722_SUPT,4,807,cluster,#CC3DA6,1,345
CS20230722_CLUS_0809,0809 Sst Gaba_12,CCN20230722_CLUS,CS20230722_SUPT_0225,CCN20230722_SUPT,4,808,cluster,#3E663D,1,1300
CS20230722_CLUS_0810,0810 Sst Gaba_13,CCN20230722_CLUS,CS20230722_SUPT_0226,CCN20230722_SUPT,4,809,cluster,#991400,1,1638
CS20230722_CLUS_0811,0811 Sst Gaba_13,CCN20230722_CLUS,CS20230722_SUPT_0226,CCN20230722_SUPT,4,810,cluster,#00663C,1,2426
CS20230722_CLUS_0812,0812 Sst Gaba_14,CCN20230722_CLUS,CS20230722_SUPT_0227,CCN20230722_SUPT,4,811,cluster,#FF4DDC,1,696
CS20230722_CLUS_0813,0813 Sst Gaba_14,CCN20230722_CLUS,CS20230722_SUPT_0227,CCN20230722_SUPT,4,812,cluster,#351799,1,409
CS20230722_CLUS_0814,0814 Sst Gaba_14,CCN20230722_CLUS,CS20230722_SUPT_0227,CCN20230722_SUPT,4,813,cluster,#8500CC,1,1359
CS20230722_CLUS_0815,0815 Sst Gaba_15,CCN20230722_CLUS,CS20230722_SUPT_0228,CCN20230722_SUPT,4,814,cluster,#0B9900,1,906
CS20230722_CLUS_0816,0816 Sst Gaba_15,CCN20230722_CLUS,CS20230722_SUPT_0228,CCN20230722_SUPT,4,815,cluster,#2F662E,1,651
CS20230722_CLUS_0817,0817 Sst Gaba_15,CCN20230722_CLUS,CS20230722_SUPT_0228,CCN20230722_SUPT,4,816,cluster,#997C5C,1,1336
CS20230722_CLUS_0818,0818 Sst Gaba_16,CCN20230722_CLUS,CS20230722_SUPT_0229,CCN20230722_SUPT,4,817,cluster,#5D9945,1,1138
CS20230722_CLUS_0819,0819 Sst Gaba_16,CCN20230722_CLUS,CS20230722_SUPT_0229,CCN20230722_SUPT,4,818,cluster,#9A26FF,1,806
CS20230722_CLUS_0820,0820 Sst Gaba_16,CCN20230722_CLUS,CS20230722_SUPT_0229,CCN20230722_SUPT,4,819,cluster,#FF6826,1,1454
CS20230722_CLUS_0821,0821 Sst Gaba_16,CCN20230722_CLUS,CS20230722_SUPT_0229,CCN20230722_SUPT,4,820,cluster,#00663A,1,924
CS20230722_CLUS_0822,0822 Sst Gaba_17,CCN20230722_CLUS,CS20230722_SUPT_0230,CCN20230722_SUPT,4,821,cluster,#CC7AB0,1,264
CS20230722_CLUS_0823,0823 Sst Gaba_17,CCN20230722_CLUS,CS20230722_SUPT_0230,CCN20230722_SUPT,4,822,cluster,#C17ACC,1,556
CS20230722_CLUS_0824,0824 Sst Gaba_17,CCN20230722_CLUS,CS20230722_SUPT_0230,CCN20230722_SUPT,4,823,cluster,#AB7ACC,1,136
CS20230722_CLUS_0825,0825 Sst Gaba_18,CCN20230722_CLUS,CS20230722_SUPT_0231,CCN20230722_SUPT,4,824,cluster,#009948,1,476
CS20230722_CLUS_0826,0826 Sst Gaba_18,CCN20230722_CLUS,CS20230722_SUPT_0231,CCN20230722_SUPT,4,825,cluster,#A973FF,1,168
CS20230722_CLUS_0827,0827 Sst Gaba_19,CCN20230722_CLUS,CS20230722_SUPT_0232,CCN20230722_SUPT,4,826,cluster,#FF9D26,1,343
CS20230722_CLUS_0828,0828 Sst Gaba_19,CCN20230722_CLUS,CS20230722_SUPT_0232,CCN20230722_SUPT,4,827,cluster,#2E5D99,1,320
CS20230722_CLUS_0829,0829 STR Prox1 Lhx6 Gaba_1,CCN20230722_CLUS,CS20230722_SUPT_0233,CCN20230722_SUPT,4,828,cluster,#99332E,1,47
CS20230722_CLUS_0830,0830 STR Prox1 Lhx6 Gaba_1,CCN20230722_CLUS,CS20230722_SUPT_0233,CCN20230722_SUPT,4,829,cluster,#995C72,1,66
CS20230722_CLUS_0831,0831 STR Prox1 Lhx6 Gaba_1,CCN20230722_CLUS,CS20230722_SUPT_0233,CCN20230722_SUPT,4,830,cluster,#997745,1,59
CS20230722_CLUS_0832,0832 STR Prox1 Lhx6 Gaba_1,CCN20230722_CLUS,CS20230722_SUPT_0233,CCN20230722_SUPT,4,831,cluster,#660F1F,1,458
CS20230722_CLUS_0833,0833 STR Prox1 Lhx6 Gaba_2,CCN20230722_CLUS,CS20230722_SUPT_0234,CCN20230722_SUPT,4,832,cluster,#FF000D,1,653
CS20230722_CLUS_0834,0834 STR Prox1 Lhx6 Gaba_2,CCN20230722_CLUS,CS20230722_SUPT_0234,CCN20230722_SUPT,4,833,cluster,#BF5CCC,1,259
CS20230722_CLUS_0835,0835 STR Prox1 Lhx6 Gaba_2,CCN20230722_CLUS,CS20230722_SUPT_0234,CCN20230722_SUPT,4,834,cluster,#2E8D99,1,101
CS20230722_CLUS_0836,0836 STR Prox1 Lhx6 Gaba_2,CCN20230722_CLUS,CS20230722_SUPT_0234,CCN20230722_SUPT,4,835,cluster,#179935,1,289
CS20230722_CLUS_0837,0837 STR Prox1 Lhx6 Gaba_3,CCN20230722_CLUS,CS20230722_SUPT_0235,CCN20230722_SUPT,4,836,cluster,#689945,1,59
CS20230722_CLUS_0838,0838 STR Prox1 Lhx6 Gaba_3,CCN20230722_CLUS,CS20230722_SUPT_0235,CCN20230722_SUPT,4,837,cluster,#CC7A9C,1,87
CS20230722_CLUS_0839,0839 STR Lhx8 Gaba_1,CCN20230722_CLUS,CS20230722_SUPT_0236,CCN20230722_SUPT,4,838,cluster,#99178B,1,48
CS20230722_CLUS_0840,0840 STR Lhx8 Gaba_1,CCN20230722_CLUS,CS20230722_SUPT_0236,CCN20230722_SUPT,4,839,cluster,#729900,1,118
CS20230722_CLUS_0841,0841 STR Lhx8 Gaba_1,CCN20230722_CLUS,CS20230722_SUPT_0236,CCN20230722_SUPT,4,840,cluster,#CCBF7A,1,557
CS20230722_CLUS_0842,0842 STR Lhx8 Gaba_1,CCN20230722_CLUS,CS20230722_SUPT_0236,CCN20230722_SUPT,4,841,cluster,#260099,1,113
CS20230722_CLUS_0843,0843 STR Lhx8 Gaba_2,CCN20230722_CLUS,CS20230722_SUPT_0237,CCN20230722_SUPT,4,842,cluster,#BF1FCC,1,244
CS20230722_CLUS_0844,0844 STR Lhx8 Gaba_2,CCN20230722_CLUS,CS20230722_SUPT_0237,CCN20230722_SUPT,4,843,cluster,#5C9971,1,493
CS20230722_CLUS_0845,0845 Sst Chodl Gaba_1,CCN20230722_CLUS,CS20230722_SUPT_0238,CCN20230722_SUPT,4,844,cluster,#CCB73D,1,140
CS20230722_CLUS_0846,0846 Sst Chodl Gaba_1,CCN20230722_CLUS,CS20230722_SUPT_0238,CCN20230722_SUPT,4,845,cluster,#8D1799,1,299
CS20230722_CLUS_0847,0847 Sst Chodl Gaba_1,CCN20230722_CLUS,CS20230722_SUPT_0238,CCN20230722_SUPT,4,846,cluster,#66392E,1,70
CS20230722_CLUS_0848,0848 Sst Chodl Gaba_1,CCN20230722_CLUS,CS20230722_SUPT_0238,CCN20230722_SUPT,4,847,cluster,#995F5C,1,142
CS20230722_CLUS_0849,0849 Sst Chodl Gaba_2,CCN20230722_CLUS,CS20230722_SUPT_0239,CCN20230722_SUPT,4,848,cluster,#661F34,1,343
CS20230722_CLUS_0850,0850 Sst Chodl Gaba_2,CCN20230722_CLUS,CS20230722_SUPT_0239,CCN20230722_SUPT,4,849,cluster,#94FF26,1,407
CS20230722_CLUS_0851,0851 Sst Chodl Gaba_2,CCN20230722_CLUS,CS20230722_SUPT_0239,CCN20230722_SUPT,4,850,cluster,#5B1799,1,88
CS20230722_CLUS_0852,0852 Sst Chodl Gaba_2,CCN20230722_CLUS,CS20230722_SUPT_0239,CCN20230722_SUPT,4,851,cluster,#00660E,1,378
CS20230722_CLUS_0853,0853 Sst Chodl Gaba_2,CCN20230722_CLUS,CS20230722_SUPT_0239,CCN20230722_SUPT,4,852,cluster,#5E661F,1,55
CS20230722_CLUS_0854,0854 Sst Chodl Gaba_2,CCN20230722_CLUS,CS20230722_SUPT_0239,CCN20230722_SUPT,4,853,cluster,#AEFF4D,1,35
CS20230722_CLUS_0855,0855 Sst Chodl Gaba_3,CCN20230722_CLUS,CS20230722_SUPT_0240,CCN20230722_SUPT,4,854,cluster,#993417,1,85
CS20230722_CLUS_0856,0856 Sst Chodl Gaba_3,CCN20230722_CLUS,CS20230722_SUPT_0240,CCN20230722_SUPT,4,855,cluster,#998D5C,1,120
CS20230722_CLUS_0857,0857 Sst Chodl Gaba_3,CCN20230722_CLUS,CS20230722_SUPT_0240,CCN20230722_SUPT,4,856,cluster,#DDFF26,1,73
CS20230722_CLUS_0858,0858 Sst Chodl Gaba_4,CCN20230722_CLUS,CS20230722_SUPT_0241,CCN20230722_SUPT,4,857,cluster,#2E3866,1,363
CS20230722_CLUS_0859,0859 Sst Chodl Gaba_4,CCN20230722_CLUS,CS20230722_SUPT_0241,CCN20230722_SUPT,4,858,cluster,#2E665C,1,2542
CS20230722_CLUS_0860,0860 Sst Chodl Gaba_5,CCN20230722_CLUS,CS20230722_SUPT_0242,CCN20230722_SUPT,4,859,cluster,#5CCCCC,1,149
CS20230722_CLUS_0861,0861 Sst Chodl Gaba_5,CCN20230722_CLUS,CS20230722_SUPT_0242,CCN20230722_SUPT,4,860,cluster,#FF99CC,1,201
CS20230722_CLUS_0862,0862 Sst Chodl Gaba_6,CCN20230722_CLUS,CS20230722_SUPT_0243,CCN20230722_SUPT,4,861,cluster,#7ACC91,1,60
CS20230722_CLUS_0863,0863 NDB-SI-MA-STRv Lhx8 Gaba_1,CCN20230722_CLUS,CS20230722_SUPT_0244,CCN20230722_SUPT,4,862,cluster,#459977,1,124
CS20230722_CLUS_0864,0864 NDB-SI-MA-STRv Lhx8 Gaba_1,CCN20230722_CLUS,CS20230722_SUPT_0244,CCN20230722_SUPT,4,863,cluster,#000B66,1,311
CS20230722_CLUS_0865,0865 NDB-SI-MA-STRv Lhx8 Gaba_1,CCN20230722_CLUS,CS20230722_SUPT_0244,CCN20230722_SUPT,4,864,cluster,#661F1F,1,360
CS20230722_CLUS_0866,0866 NDB-SI-MA-STRv Lhx8 Gaba_1,CCN20230722_CLUS,CS20230722_SUPT_0244,CCN20230722_SUPT,4,865,cluster,#6C9917,1,54
CS20230722_CLUS_0867,0867 NDB-SI-MA-STRv Lhx8 Gaba_1,CCN20230722_CLUS,CS20230722_SUPT_0244,CCN20230722_SUPT,4,866,cluster,#5C6199,1,62
CS20230722_CLUS_0868,0868 NDB-SI-MA-STRv Lhx8 Gaba_1,CCN20230722_CLUS,CS20230722_SUPT_0244,CCN20230722_SUPT,4,867,cluster,#4E00FF,1,59
CS20230722_CLUS_0869,0869 NDB-SI-MA-STRv Lhx8 Gaba_1,CCN20230722_CLUS,CS20230722_SUPT_0244,CCN20230722_SUPT,4,868,cluster,#5A00FF,1,76
CS20230722_CLUS_0870,0870 NDB-SI-MA-STRv Lhx8 Gaba_2,CCN20230722_CLUS,CS20230722_SUPT_0245,CCN20230722_SUPT,4,869,cluster,#AD4DFF,1,147
CS20230722_CLUS_0871,0871 NDB-SI-MA-STRv Lhx8 Gaba_2,CCN20230722_CLUS,CS20230722_SUPT_0245,CCN20230722_SUPT,4,870,cluster,#600F66,1,285
CS20230722_CLUS_0872,0872 NDB-SI-MA-STRv Lhx8 Gaba_2,CCN20230722_CLUS,CS20230722_SUPT_0245,CCN20230722_SUPT,4,871,cluster,#2E6639,1,106
CS20230722_CLUS_0873,0873 NDB-SI-MA-STRv Lhx8 Gaba_2,CCN20230722_CLUS,CS20230722_SUPT_0245,CCN20230722_SUPT,4,872,cluster,#65662E,1,60
CS20230722_CLUS_0874,0874 NDB-SI-MA-STRv Lhx8 Gaba_2,CCN20230722_CLUS,CS20230722_SUPT_0245,CCN20230722_SUPT,4,873,cluster,#CC6B1F,1,168
CS20230722_CLUS_0875,0875 NDB-SI-MA-STRv Lhx8 Gaba_2,CCN20230722_CLUS,CS20230722_SUPT_0245,CCN20230722_SUPT,4,874,cluster,#FF9E99,1,51
CS20230722_CLUS_0876,0876 NDB-SI-MA-STRv Lhx8 Gaba_2,CCN20230722_CLUS,CS20230722_SUPT_0245,CCN20230722_SUPT,4,875,cluster,#00665F,1,163
CS20230722_CLUS_0877,0877 NDB-SI-MA-STRv Lhx8 Gaba_2,CCN20230722_CLUS,CS20230722_SUPT_0245,CCN20230722_SUPT,4,876,cluster,#34660F,1,185
CS20230722_CLUS_0878,0878 NDB-SI-MA-STRv Lhx8 Gaba_2,CCN20230722_CLUS,CS20230722_SUPT_0245,CCN20230722_SUPT,4,877,cluster,#455399,1,46
CS20230722_CLUS_0879,0879 NDB-SI-MA-STRv Lhx8 Gaba_3,CCN20230722_CLUS,CS20230722_SUPT_0246,CCN20230722_SUPT,4,878,cluster,#73E7FF,1,283
CS20230722_CLUS_0880,0880 NDB-SI-MA-STRv Lhx8 Gaba_3,CCN20230722_CLUS,CS20230722_SUPT_0246,CCN20230722_SUPT,4,879,cluster,#DD4DFF,1,448
CS20230722_CLUS_0881,0881 NDB-SI-MA-STRv Lhx8 Gaba_3,CCN20230722_CLUS,CS20230722_SUPT_0246,CCN20230722_SUPT,4,880,cluster,#2E995C,1,228
CS20230722_CLUS_0882,0882 NDB-SI-MA-STRv Lhx8 Gaba_3,CCN20230722_CLUS,CS20230722_SUPT_0246,CCN20230722_SUPT,4,881,cluster,#1F5666,1,53
CS20230722_CLUS_0883,0883 NDB-SI-MA-STRv Lhx8 Gaba_3,CCN20230722_CLUS,CS20230722_SUPT_0246,CCN20230722_SUPT,4,882,cluster,#99FFC1,1,135
CS20230722_CLUS_0884,0884 NDB-SI-MA-STRv Lhx8 Gaba_3,CCN20230722_CLUS,CS20230722_SUPT_0246,CCN20230722_SUPT,4,883,cluster,#554DFF,1,108
CS20230722_CLUS_0885,0885 NDB-SI-MA-STRv Lhx8 Gaba_3,CCN20230722_CLUS,CS20230722_SUPT_0246,CCN20230722_SUPT,4,884,cluster,#120F66,1,905
CS20230722_CLUS_0886,0886 NDB-SI-MA-STRv Lhx8 Gaba_3,CCN20230722_CLUS,CS20230722_SUPT_0246,CCN20230722_SUPT,4,885,cluster,#FF00C4,1,75
CS20230722_CLUS_0887,0887 NDB-SI-MA-STRv Lhx8 Gaba_3,CCN20230722_CLUS,CS20230722_SUPT_0246,CCN20230722_SUPT,4,886,cluster,#2E9938,1,55
CS20230722_CLUS_0888,0888 NDB-SI-MA-STRv Lhx8 Gaba_3,CCN20230722_CLUS,CS20230722_SUPT_0246,CCN20230722_SUPT,4,887,cluster,#992100,1,121
CS20230722_CLUS_0889,0889 NDB-SI-MA-STRv Lhx8 Gaba_4,CCN20230722_CLUS,CS20230722_SUPT_0247,CCN20230722_SUPT,4,888,cluster,#996A2E,1,74
CS20230722_CLUS_0890,0890 NDB-SI-MA-STRv Lhx8 Gaba_4,CCN20230722_CLUS,CS20230722_SUPT_0247,CCN20230722_SUPT,4,889,cluster,#1D9917,1,78
CS20230722_CLUS_0891,0891 NDB-SI-MA-STRv Lhx8 Gaba_4,CCN20230722_CLUS,CS20230722_SUPT_0247,CCN20230722_SUPT,4,890,cluster,#3DA0CC,1,133
CS20230722_CLUS_0892,0892 NDB-SI-MA-STRv Lhx8 Gaba_4,CCN20230722_CLUS,CS20230722_SUPT_0247,CCN20230722_SUPT,4,891,cluster,#576600,1,237
CS20230722_CLUS_0893,0893 NDB-SI-MA-STRv Lhx8 Gaba_5,CCN20230722_CLUS,CS20230722_SUPT_0248,CCN20230722_SUPT,4,892,cluster,#4A4599,1,281
CS20230722_CLUS_0894,0894 NDB-SI-MA-STRv Lhx8 Gaba_5,CCN20230722_CLUS,CS20230722_SUPT_0248,CCN20230722_SUPT,4,893,cluster,#B2FF4D,1,127
CS20230722_CLUS_0895,0895 NDB-SI-MA-STRv Lhx8 Gaba_5,CCN20230722_CLUS,CS20230722_SUPT_0248,CCN20230722_SUPT,4,894,cluster,#CC391F,1,149
CS20230722_CLUS_0896,0896 NDB-SI-MA-STRv Lhx8 Gaba_5,CCN20230722_CLUS,CS20230722_SUPT_0248,CCN20230722_SUPT,4,895,cluster,#7F995C,1,149
CS20230722_CLUS_0897,0897 NDB-SI-MA-STRv Lhx8 Gaba_5,CCN20230722_CLUS,CS20230722_SUPT_0248,CCN20230722_SUPT,4,896,cluster,#00CC84,1,316
CS20230722_CLUS_0898,0898 NDB-SI-MA-STRv Lhx8 Gaba_5,CCN20230722_CLUS,CS20230722_SUPT_0248,CCN20230722_SUPT,4,897,cluster,#050066,1,76
CS20230722_CLUS_0899,0899 NDB-SI-MA-STRv Lhx8 Gaba_6,CCN20230722_CLUS,CS20230722_SUPT_0249,CCN20230722_SUPT,4,898,cluster,#CC961F,1,102
CS20230722_CLUS_0900,0900 NDB-SI-MA-STRv Lhx8 Gaba_6,CCN20230722_CLUS,CS20230722_SUPT_0249,CCN20230722_SUPT,4,899,cluster,#554599,1,106
CS20230722_CLUS_0901,0901 NDB-SI-MA-STRv Lhx8 Gaba_6,CCN20230722_CLUS,CS20230722_SUPT_0249,CCN20230722_SUPT,4,900,cluster,#73FFF1,1,82
CS20230722_CLUS_0902,0902 NDB-SI-MA-STRv Lhx8 Gaba_6,CCN20230722_CLUS,CS20230722_SUPT_0249,CCN20230722_SUPT,4,901,cluster,#459966,1,84
CS20230722_CLUS_0903,0903 NDB-SI-MA-STRv Lhx8 Gaba_6,CCN20230722_CLUS,CS20230722_SUPT_0249,CCN20230722_SUPT,4,902,cluster,#CC7A00,1,49
CS20230722_CLUS_0904,0904 NDB-SI-MA-STRv Lhx8 Gaba_7,CCN20230722_CLUS,CS20230722_SUPT_0250,CCN20230722_SUPT,4,903,cluster,#267FFF,1,98
CS20230722_CLUS_0905,0905 NDB-SI-MA-STRv Lhx8 Gaba_7,CCN20230722_CLUS,CS20230722_SUPT_0250,CCN20230722_SUPT,4,904,cluster,#076600,1,189
CS20230722_CLUS_0906,0906 NDB-SI-MA-STRv Lhx8 Gaba_7,CCN20230722_CLUS,CS20230722_SUPT_0250,CCN20230722_SUPT,4,905,cluster,#82FF00,1,46
CS20230722_CLUS_0907,0907 NDB-SI-MA-STRv Lhx8 Gaba_8,CCN20230722_CLUS,CS20230722_SUPT_0251,CCN20230722_SUPT,4,906,cluster,#CC1F87,1,236
CS20230722_CLUS_0908,0908 NDB-SI-MA-STRv Lhx8 Gaba_8,CCN20230722_CLUS,CS20230722_SUPT_0251,CCN20230722_SUPT,4,907,cluster,#66591F,1,241
CS20230722_CLUS_0909,0909 NDB-SI-MA-STRv Lhx8 Gaba_8,CCN20230722_CLUS,CS20230722_SUPT_0251,CCN20230722_SUPT,4,908,cluster,#0098FF,1,59
CS20230722_CLUS_0910,0910 NDB-SI-MA-STRv Lhx8 Gaba_9,CCN20230722_CLUS,CS20230722_SUPT_0252,CCN20230722_SUPT,4,909,cluster,#3D6066,1,66
CS20230722_CLUS_0911,0911 NDB-SI-MA-STRv Lhx8 Gaba_9,CCN20230722_CLUS,CS20230722_SUPT_0252,CCN20230722_SUPT,4,910,cluster,#5C9989,1,40
CS20230722_CLUS_0912,0912 NDB-SI-MA-STRv Lhx8 Gaba_10,CCN20230722_CLUS,CS20230722_SUPT_0253,CCN20230722_SUPT,4,911,cluster,#B599FF,1,76
CS20230722_CLUS_0913,0913 NDB-SI-MA-STRv Lhx8 Gaba_10,CCN20230722_CLUS,CS20230722_SUPT_0253,CCN20230722_SUPT,4,912,cluster,#452E99,1,220
CS20230722_CLUS_0914,0914 NDB-SI-MA-STRv Lhx8 Gaba_10,CCN20230722_CLUS,CS20230722_SUPT_0253,CCN20230722_SUPT,4,913,cluster,#001CCC,1,127
CS20230722_CLUS_0915,0915 NDB-SI-MA-STRv Lhx8 Gaba_11,CCN20230722_CLUS,CS20230722_SUPT_0254,CCN20230722_SUPT,4,914,cluster,#9C73FF,1,103
CS20230722_CLUS_0916,0916 NDB-SI-MA-STRv Lhx8 Gaba_12,CCN20230722_CLUS,CS20230722_SUPT_0255,CCN20230722_SUPT,4,915,cluster,#995C6B,1,55
CS20230722_CLUS_0917,0917 NDB-SI-MA-STRv Lhx8 Gaba_13,CCN20230722_CLUS,CS20230722_SUPT_0256,CCN20230722_SUPT,4,916,cluster,#291799,1,162
CS20230722_CLUS_0918,0918 GPe-SI Sox6 Cyp26b1 Gaba_1,CCN20230722_CLUS,CS20230722_SUPT_0257,CCN20230722_SUPT,4,917,cluster,#3D4366,1,510
CS20230722_CLUS_0919,0919 GPe-SI Sox6 Cyp26b1 Gaba_2,CCN20230722_CLUS,CS20230722_SUPT_0258,CCN20230722_SUPT,4,918,cluster,#5C7299,1,665
CS20230722_CLUS_0920,0920 GPe-SI Sox6 Cyp26b1 Gaba_2,CCN20230722_CLUS,CS20230722_SUPT_0258,CCN20230722_SUPT,4,919,cluster,#5C6399,1,86
CS20230722_CLUS_0921,0921 GPe-SI Sox6 Cyp26b1 Gaba_2,CCN20230722_CLUS,CS20230722_SUPT_0258,CCN20230722_SUPT,4,920,cluster,#1F65CC,1,89
CS20230722_CLUS_0922,0922 GPe-SI Sox6 Cyp26b1 Gaba_2,CCN20230722_CLUS,CS20230722_SUPT_0258,CCN20230722_SUPT,4,921,cluster,#99A4FF,1,93
CS20230722_CLUS_0923,0923 PAL-STR Gaba-Chol_1,CCN20230722_CLUS,CS20230722_SUPT_0259,CCN20230722_SUPT,4,922,cluster,#3B0099,1,70
CS20230722_CLUS_0924,0924 PAL-STR Gaba-Chol_1,CCN20230722_CLUS,CS20230722_SUPT_0259,CCN20230722_SUPT,4,923,cluster,#CC3D69,1,67
CS20230722_CLUS_0925,0925 PAL-STR Gaba-Chol_1,CCN20230722_CLUS,CS20230722_SUPT_0259,CCN20230722_SUPT,4,924,cluster,#1F6629,1,108
CS20230722_CLUS_0926,0926 PAL-STR Gaba-Chol_1,CCN20230722_CLUS,CS20230722_SUPT_0259,CCN20230722_SUPT,4,925,cluster,#751FCC,1,95
CS20230722_CLUS_0927,0927 PAL-STR Gaba-Chol_1,CCN20230722_CLUS,CS20230722_SUPT_0259,CCN20230722_SUPT,4,926,cluster,#2E6657,1,111
CS20230722_CLUS_0928,0928 PAL-STR Gaba-Chol_1,CCN20230722_CLUS,CS20230722_SUPT_0259,CCN20230722_SUPT,4,927,cluster,#799900,1,16
CS20230722_CLUS_0929,0929 PAL-STR Gaba-Chol_2,CCN20230722_CLUS,CS20230722_SUPT_0260,CCN20230722_SUPT,4,928,cluster,#99955C,1,56
CS20230722_CLUS_0930,0930 PAL-STR Gaba-Chol_2,CCN20230722_CLUS,CS20230722_SUPT_0260,CCN20230722_SUPT,4,929,cluster,#45663D,1,76
CS20230722_CLUS_0931,0931 PAL-STR Gaba-Chol_2,CCN20230722_CLUS,CS20230722_SUPT_0260,CCN20230722_SUPT,4,930,cluster,#2E6652,1,65
CS20230722_CLUS_0932,0932 PAL-STR Gaba-Chol_2,CCN20230722_CLUS,CS20230722_SUPT_0260,CCN20230722_SUPT,4,931,cluster,#5DFF4D,1,42
CS20230722_CLUS_0933,0933 PAL-STR Gaba-Chol_2,CCN20230722_CLUS,CS20230722_SUPT_0260,CCN20230722_SUPT,4,932,cluster,#0F664D,1,129
CS20230722_CLUS_0934,0934 PAL-STR Gaba-Chol_3,CCN20230722_CLUS,CS20230722_SUPT_0261,CCN20230722_SUPT,4,933,cluster,#CC1FAA,1,79
CS20230722_CLUS_0935,0935 PAL-STR Gaba-Chol_3,CCN20230722_CLUS,CS20230722_SUPT_0261,CCN20230722_SUPT,4,934,cluster,#CC0004,1,63
CS20230722_CLUS_0936,0936 PAL-STR Gaba-Chol_3,CCN20230722_CLUS,CS20230722_SUPT_0261,CCN20230722_SUPT,4,935,cluster,#4D59FF,1,74
CS20230722_CLUS_0937,0937 PAL-STR Gaba-Chol_3,CCN20230722_CLUS,CS20230722_SUPT_0261,CCN20230722_SUPT,4,936,cluster,#463D66,1,86
CS20230722_CLUS_0938,0938 PAL-STR Gaba-Chol_3,CCN20230722_CLUS,CS20230722_SUPT_0261,CCN20230722_SUPT,4,937,cluster,#430066,1,82
CS20230722_CLUS_0939,0939 OT D3 Folh1 Gaba_1,CCN20230722_CLUS,CS20230722_SUPT_0262,CCN20230722_SUPT,4,938,cluster,#4726FF,1,9429
CS20230722_CLUS_0940,0940 OT D3 Folh1 Gaba_2,CCN20230722_CLUS,CS20230722_SUPT_0263,CCN20230722_SUPT,4,939,cluster,#66491F,1,226
CS20230722_CLUS_0941,0941 OT D3 Folh1 Gaba_3,CCN20230722_CLUS,CS20230722_SUPT_0264,CCN20230722_SUPT,4,940,cluster,#31661F,1,1035
CS20230722_CLUS_0942,0942 OT D3 Folh1 Gaba_3,CCN20230722_CLUS,CS20230722_SUPT_0264,CCN20230722_SUPT,4,941,cluster,#A4CC3D,1,1676
CS20230722_CLUS_0943,0943 STR D1 Gaba_1,CCN20230722_CLUS,CS20230722_SUPT_0265,CCN20230722_SUPT,4,942,cluster,#1F6661,1,906
CS20230722_CLUS_0944,0944 STR D1 Gaba_1,CCN20230722_CLUS,CS20230722_SUPT_0265,CCN20230722_SUPT,4,943,cluster,#CC1F8B,1,430
CS20230722_CLUS_0945,0945 STR D1 Gaba_1,CCN20230722_CLUS,CS20230722_SUPT_0265,CCN20230722_SUPT,4,944,cluster,#0F1E66,1,299
CS20230722_CLUS_0946,0946 STR D1 Gaba_1,CCN20230722_CLUS,CS20230722_SUPT_0265,CCN20230722_SUPT,4,945,cluster,#73FF9F,1,337
CS20230722_CLUS_0947,0947 STR D1 Gaba_1,CCN20230722_CLUS,CS20230722_SUPT_0265,CCN20230722_SUPT,4,946,cluster,#992E58,1,319
CS20230722_CLUS_0948,0948 STR D1 Gaba_2,CCN20230722_CLUS,CS20230722_SUPT_0266,CCN20230722_SUPT,4,947,cluster,#CC481F,1,258
CS20230722_CLUS_0949,0949 STR D1 Gaba_2,CCN20230722_CLUS,CS20230722_SUPT_0266,CCN20230722_SUPT,4,948,cluster,#996F2E,1,176
CS20230722_CLUS_0950,0950 STR D1 Gaba_3,CCN20230722_CLUS,CS20230722_SUPT_0267,CCN20230722_SUPT,4,949,cluster,#0F3B66,1,12912
CS20230722_CLUS_0951,0951 STR D1 Gaba_3,CCN20230722_CLUS,CS20230722_SUPT_0267,CCN20230722_SUPT,4,950,cluster,#3B661F,1,772
CS20230722_CLUS_0952,0952 STR D1 Gaba_3,CCN20230722_CLUS,CS20230722_SUPT_0267,CCN20230722_SUPT,4,951,cluster,#2E5066,1,86
CS20230722_CLUS_0953,0953 STR D1 Gaba_4,CCN20230722_CLUS,CS20230722_SUPT_0268,CCN20230722_SUPT,4,952,cluster,#008CFF,1,1407
CS20230722_CLUS_0954,0954 STR D1 Gaba_4,CCN20230722_CLUS,CS20230722_SUPT_0268,CCN20230722_SUPT,4,953,cluster,#26BFFF,1,2104
CS20230722_CLUS_0955,0955 STR D1 Gaba_5,CCN20230722_CLUS,CS20230722_SUPT_0269,CCN20230722_SUPT,4,954,cluster,#662E55,1,180
CS20230722_CLUS_0956,0956 STR D1 Gaba_5,CCN20230722_CLUS,CS20230722_SUPT_0269,CCN20230722_SUPT,4,955,cluster,#998017,1,100
CS20230722_CLUS_0957,0957 STR D1 Gaba_5,CCN20230722_CLUS,CS20230722_SUPT_0269,CCN20230722_SUPT,4,956,cluster,#662F1F,1,376
CS20230722_CLUS_0958,0958 STR D1 Gaba_6,CCN20230722_CLUS,CS20230722_SUPT_0270,CCN20230722_SUPT,4,957,cluster,#73FFA5,1,1532
CS20230722_CLUS_0959,0959 STR D1 Gaba_6,CCN20230722_CLUS,CS20230722_SUPT_0270,CCN20230722_SUPT,4,958,cluster,#73992E,1,9096
CS20230722_CLUS_0960,0960 STR D1 Gaba_7,CCN20230722_CLUS,CS20230722_SUPT_0271,CCN20230722_SUPT,4,959,cluster,#550F66,1,189
CS20230722_CLUS_0961,0961 STR D1 Gaba_8,CCN20230722_CLUS,CS20230722_SUPT_0272,CCN20230722_SUPT,4,960,cluster,#86CC5C,1,960
CS20230722_CLUS_0962,0962 STR D1 Gaba_8,CCN20230722_CLUS,CS20230722_SUPT_0272,CCN20230722_SUPT,4,961,cluster,#9300FF,1,429
CS20230722_CLUS_0963,0963 STR D1 Gaba_8,CCN20230722_CLUS,CS20230722_SUPT_0272,CCN20230722_SUPT,4,962,cluster,#3D6654,1,529
CS20230722_CLUS_0964,0964 STR D1 Gaba_9,CCN20230722_CLUS,CS20230722_SUPT_0273,CCN20230722_SUPT,4,963,cluster,#1F665E,1,2890
CS20230722_CLUS_0965,0965 STR D2 Gaba_1,CCN20230722_CLUS,CS20230722_SUPT_0274,CCN20230722_SUPT,4,964,cluster,#99D8FF,1,58
CS20230722_CLUS_0966,0966 STR D2 Gaba_1,CCN20230722_CLUS,CS20230722_SUPT_0274,CCN20230722_SUPT,4,965,cluster,#663B1F,1,158
CS20230722_CLUS_0967,0967 STR D2 Gaba_1,CCN20230722_CLUS,CS20230722_SUPT_0274,CCN20230722_SUPT,4,966,cluster,#1F4A66,1,103
CS20230722_CLUS_0968,0968 STR D2 Gaba_1,CCN20230722_CLUS,CS20230722_SUPT_0274,CCN20230722_SUPT,4,967,cluster,#CCA61F,1,271
CS20230722_CLUS_0969,0969 STR D2 Gaba_1,CCN20230722_CLUS,CS20230722_SUPT_0274,CCN20230722_SUPT,4,968,cluster,#2E6646,1,82
CS20230722_CLUS_0970,0970 STR D2 Gaba_1,CCN20230722_CLUS,CS20230722_SUPT_0274,CCN20230722_SUPT,4,969,cluster,#C4FF99,1,639
CS20230722_CLUS_0971,0971 STR D2 Gaba_1,CCN20230722_CLUS,CS20230722_SUPT_0274,CCN20230722_SUPT,4,970,cluster,#454B99,1,65
CS20230722_CLUS_0972,0972 STR D2 Gaba_2,CCN20230722_CLUS,CS20230722_SUPT_0275,CCN20230722_SUPT,4,971,cluster,#1F663C,1,47
CS20230722_CLUS_0973,0973 STR D2 Gaba_2,CCN20230722_CLUS,CS20230722_SUPT_0275,CCN20230722_SUPT,4,972,cluster,#3DCCB8,1,387
CS20230722_CLUS_0974,0974 STR D2 Gaba_2,CCN20230722_CLUS,CS20230722_SUPT_0275,CCN20230722_SUPT,4,973,cluster,#711FCC,1,163
CS20230722_CLUS_0975,0975 STR D2 Gaba_2,CCN20230722_CLUS,CS20230722_SUPT_0275,CCN20230722_SUPT,4,974,cluster,#99895C,1,2064
CS20230722_CLUS_0976,0976 STR D2 Gaba_2,CCN20230722_CLUS,CS20230722_SUPT_0275,CCN20230722_SUPT,4,975,cluster,#99177F,1,715
CS20230722_CLUS_0977,0977 STR D2 Gaba_2,CCN20230722_CLUS,CS20230722_SUPT_0275,CCN20230722_SUPT,4,976,cluster,#6B0099,1,10343
CS20230722_CLUS_0978,0978 STR D2 Gaba_3,CCN20230722_CLUS,CS20230722_SUPT_0276,CCN20230722_SUPT,4,977,cluster,#CC665C,1,938
CS20230722_CLUS_0979,0979 STR D2 Gaba_4,CCN20230722_CLUS,CS20230722_SUPT_0277,CCN20230722_SUPT,4,978,cluster,#CC1F60,1,3824
CS20230722_CLUS_0980,0980 STR D2 Gaba_4,CCN20230722_CLUS,CS20230722_SUPT_0277,CCN20230722_SUPT,4,979,cluster,#66341F,1,431
CS20230722_CLUS_0981,0981 STR D2 Gaba_4,CCN20230722_CLUS,CS20230722_SUPT_0277,CCN20230722_SUPT,4,980,cluster,#CC5C7B,1,11991
CS20230722_CLUS_0982,0982 STR D2 Gaba_4,CCN20230722_CLUS,CS20230722_SUPT_0277,CCN20230722_SUPT,4,981,cluster,#FF0100,1,2171
CS20230722_CLUS_0983,0983 STR D2 Gaba_5,CCN20230722_CLUS,CS20230722_SUPT_0278,CCN20230722_SUPT,4,982,cluster,#1FCC1F,1,257
CS20230722_CLUS_0984,0984 STR D2 Gaba_5,CCN20230722_CLUS,CS20230722_SUPT_0278,CCN20230722_SUPT,4,983,cluster,#DF26FF,1,243
CS20230722_CLUS_0985,0985 STR D2 Gaba_5,CCN20230722_CLUS,CS20230722_SUPT_0278,CCN20230722_SUPT,4,984,cluster,#994017,1,682
CS20230722_CLUS_0986,0986 STR D2 Gaba_6,CCN20230722_CLUS,CS20230722_SUPT_0279,CCN20230722_SUPT,4,985,cluster,#4A1799,1,783
CS20230722_CLUS_0987,0987 STR D2 Gaba_6,CCN20230722_CLUS,CS20230722_SUPT_0279,CCN20230722_SUPT,4,986,cluster,#FF5926,1,233
CS20230722_CLUS_0988,0988 STR D2 Gaba_6,CCN20230722_CLUS,CS20230722_SUPT_0279,CCN20230722_SUPT,4,987,cluster,#76992E,1,234
CS20230722_CLUS_0989,0989 STR D2 Gaba_7,CCN20230722_CLUS,CS20230722_SUPT_0280,CCN20230722_SUPT,4,988,cluster,#006799,1,81
CS20230722_CLUS_0990,0990 STR D1 Sema5a Gaba_1,CCN20230722_CLUS,CS20230722_SUPT_0281,CCN20230722_SUPT,4,989,cluster,#997C45,1,340
CS20230722_CLUS_0991,0991 STR D1 Sema5a Gaba_1,CCN20230722_CLUS,CS20230722_SUPT_0281,CCN20230722_SUPT,4,990,cluster,#C7CC3D,1,485
CS20230722_CLUS_0992,0992 STR D1 Sema5a Gaba_2,CCN20230722_CLUS,CS20230722_SUPT_0282,CCN20230722_SUPT,4,991,cluster,#FFC426,1,2045
CS20230722_CLUS_0993,0993 STR D1 Sema5a Gaba_2,CCN20230722_CLUS,CS20230722_SUPT_0282,CCN20230722_SUPT,4,992,cluster,#994561,1,124
CS20230722_CLUS_0994,0994 STR D1 Sema5a Gaba_2,CCN20230722_CLUS,CS20230722_SUPT_0282,CCN20230722_SUPT,4,993,cluster,#CC873D,1,65
CS20230722_CLUS_0995,0995 STR D1 Sema5a Gaba_2,CCN20230722_CLUS,CS20230722_SUPT_0282,CCN20230722_SUPT,4,994,cluster,#4DFF68,1,48
CS20230722_CLUS_0996,0996 STR D1 Sema5a Gaba_2,CCN20230722_CLUS,CS20230722_SUPT_0282,CCN20230722_SUPT,4,995,cluster,#1F6666,1,191
CS20230722_CLUS_0997,0997 STR D1 Sema5a Gaba_3,CCN20230722_CLUS,CS20230722_SUPT_0283,CCN20230722_SUPT,4,996,cluster,#0F662B,1,1341
CS20230722_CLUS_0998,0998 STR D1 Sema5a Gaba_3,CCN20230722_CLUS,CS20230722_SUPT_0283,CCN20230722_SUPT,4,997,cluster,#9CCC7A,1,424
CS20230722_CLUS_0999,0999 STR D1 Sema5a Gaba_4,CCN20230722_CLUS,CS20230722_SUPT_0284,CCN20230722_SUPT,4,998,cluster,#3D40CC,1,112
CS20230722_CLUS_1000,1000 STR D1 Sema5a Gaba_4,CCN20230722_CLUS,CS20230722_SUPT_0284,CCN20230722_SUPT,4,999,cluster,#662E42,1,2301
CS20230722_CLUS_1001,1001 STR-PAL Chst9 Gaba_1,CCN20230722_CLUS,CS20230722_SUPT_0285,CCN20230722_SUPT,4,1000,cluster,#FF4DF5,1,423
CS20230722_CLUS_1002,1002 STR-PAL Chst9 Gaba_1,CCN20230722_CLUS,CS20230722_SUPT_0285,CCN20230722_SUPT,4,1001,cluster,#179923,1,209
CS20230722_CLUS_1003,1003 STR-PAL Chst9 Gaba_1,CCN20230722_CLUS,CS20230722_SUPT_0285,CCN20230722_SUPT,4,1002,cluster,#66432E,1,3493
CS20230722_CLUS_1004,1004 STR-PAL Chst9 Gaba_2,CCN20230722_CLUS,CS20230722_SUPT_0286,CCN20230722_SUPT,4,1003,cluster,#1F3966,1,83
CS20230722_CLUS_1005,1005 STR-PAL Chst9 Gaba_2,CCN20230722_CLUS,CS20230722_SUPT_0286,CCN20230722_SUPT,4,1004,cluster,#469917,1,4074
CS20230722_CLUS_1006,1006 STR-PAL Chst9 Gaba_2,CCN20230722_CLUS,CS20230722_SUPT_0286,CCN20230722_SUPT,4,1005,cluster,#994B2E,1,156
CS20230722_CLUS_1007,1007 STR-PAL Chst9 Gaba_2,CCN20230722_CLUS,CS20230722_SUPT_0286,CCN20230722_SUPT,4,1006,cluster,#992E5F,1,308
CS20230722_CLUS_1008,1008 STR-PAL Chst9 Gaba_3,CCN20230722_CLUS,CS20230722_SUPT_0287,CCN20230722_SUPT,4,1007,cluster,#3D665E,1,100
CS20230722_CLUS_1009,1009 STR-PAL Chst9 Gaba_3,CCN20230722_CLUS,CS20230722_SUPT_0287,CCN20230722_SUPT,4,1008,cluster,#175999,1,3132
CS20230722_CLUS_1010,1010 STR-PAL Chst9 Gaba_3,CCN20230722_CLUS,CS20230722_SUPT_0287,CCN20230722_SUPT,4,1009,cluster,#003CFF,1,590
CS20230722_CLUS_1011,1011 STR-PAL Chst9 Gaba_4,CCN20230722_CLUS,CS20230722_SUPT_0288,CCN20230722_SUPT,4,1010,cluster,#70995C,1,4242
CS20230722_CLUS_1012,1012 STR-PAL Chst9 Gaba_4,CCN20230722_CLUS,CS20230722_SUPT_0288,CCN20230722_SUPT,4,1011,cluster,#58662E,1,346
CS20230722_CLUS_1013,1013 STR-PAL Chst9 Gaba_5,CCN20230722_CLUS,CS20230722_SUPT_0289,CCN20230722_SUPT,4,1012,cluster,#839900,1,309
CS20230722_CLUS_1014,1014 STR-PAL Chst9 Gaba_5,CCN20230722_CLUS,CS20230722_SUPT_0289,CCN20230722_SUPT,4,1013,cluster,#AF73FF,1,258
CS20230722_CLUS_1015,1015 STR-PAL Chst9 Gaba_5,CCN20230722_CLUS,CS20230722_SUPT_0289,CCN20230722_SUPT,4,1014,cluster,#26FF77,1,966
CS20230722_CLUS_1016,1016 IA Mgp Gaba_1,CCN20230722_CLUS,CS20230722_SUPT_0290,CCN20230722_SUPT,4,1015,cluster,#661F2C,1,136
CS20230722_CLUS_1017,1017 IA Mgp Gaba_1,CCN20230722_CLUS,CS20230722_SUPT_0290,CCN20230722_SUPT,4,1016,cluster,#372E66,1,254
CS20230722_CLUS_1018,1018 IA Mgp Gaba_1,CCN20230722_CLUS,CS20230722_SUPT_0290,CCN20230722_SUPT,4,1017,cluster,#179989,1,218
CS20230722_CLUS_1019,1019 IA Mgp Gaba_2,CCN20230722_CLUS,CS20230722_SUPT_0291,CCN20230722_SUPT,4,1018,cluster,#7395FF,1,235
CS20230722_CLUS_1020,1020 IA Mgp Gaba_2,CCN20230722_CLUS,CS20230722_SUPT_0291,CCN20230722_SUPT,4,1019,cluster,#665700,1,227
CS20230722_CLUS_1021,1021 IA Mgp Gaba_3,CCN20230722_CLUS,CS20230722_SUPT_0292,CCN20230722_SUPT,4,1020,cluster,#0F6647,1,133
CS20230722_CLUS_1022,1022 IA Mgp Gaba_3,CCN20230722_CLUS,CS20230722_SUPT_0292,CCN20230722_SUPT,4,1021,cluster,#66453D,1,109
CS20230722_CLUS_1023,1023 IA Mgp Gaba_3,CCN20230722_CLUS,CS20230722_SUPT_0292,CCN20230722_SUPT,4,1022,cluster,#1F5266,1,201
CS20230722_CLUS_1024,1024 IA Mgp Gaba_4,CCN20230722_CLUS,CS20230722_SUPT_0293,CCN20230722_SUPT,4,1023,cluster,#7ACCA2,1,44
CS20230722_CLUS_1025,1025 IA Mgp Gaba_5,CCN20230722_CLUS,CS20230722_SUPT_0294,CCN20230722_SUPT,4,1024,cluster,#992E53,1,171
CS20230722_CLUS_1026,1026 IA Mgp Gaba_5,CCN20230722_CLUS,CS20230722_SUPT_0294,CCN20230722_SUPT,4,1025,cluster,#3DCCC1,1,181
CS20230722_CLUS_1027,1027 IA Mgp Gaba_5,CCN20230722_CLUS,CS20230722_SUPT_0294,CCN20230722_SUPT,4,1026,cluster,#BECC7A,1,27
CS20230722_CLUS_1028,1028 NDB-SI-ant Prdm12 Gaba_1,CCN20230722_CLUS,CS20230722_SUPT_0295,CCN20230722_SUPT,4,1027,cluster,#8D2E99,1,46
CS20230722_CLUS_1029,1029 NDB-SI-ant Prdm12 Gaba_1,CCN20230722_CLUS,CS20230722_SUPT_0295,CCN20230722_SUPT,4,1028,cluster,#5B3DCC,1,36
CS20230722_CLUS_1030,1030 NDB-SI-ant Prdm12 Gaba_1,CCN20230722_CLUS,CS20230722_SUPT_0295,CCN20230722_SUPT,4,1029,cluster,#57660F,1,66
CS20230722_CLUS_1031,1031 NDB-SI-ant Prdm12 Gaba_1,CCN20230722_CLUS,CS20230722_SUPT_0295,CCN20230722_SUPT,4,1030,cluster,#3DC7CC,1,841
CS20230722_CLUS_1032,1032 NDB-SI-ant Prdm12 Gaba_1,CCN20230722_CLUS,CS20230722_SUPT_0295,CCN20230722_SUPT,4,1031,cluster,#2E6643,1,41
CS20230722_CLUS_1033,1033 NDB-SI-ant Prdm12 Gaba_1,CCN20230722_CLUS,CS20230722_SUPT_0295,CCN20230722_SUPT,4,1032,cluster,#603D66,1,230
CS20230722_CLUS_1034,1034 NDB-SI-ant Prdm12 Gaba_1,CCN20230722_CLUS,CS20230722_SUPT_0295,CCN20230722_SUPT,4,1033,cluster,#FFC299,1,31
CS20230722_CLUS_1035,1035 NDB-SI-ant Prdm12 Gaba_1,CCN20230722_CLUS,CS20230722_SUPT_0295,CCN20230722_SUPT,4,1034,cluster,#CC0032,1,29
CS20230722_CLUS_1036,1036 NDB-SI-ant Prdm12 Gaba_1,CCN20230722_CLUS,CS20230722_SUPT_0295,CCN20230722_SUPT,4,1035,cluster,#2B1FCC,1,14
CS20230722_CLUS_1037,1037 NDB-SI-ant Prdm12 Gaba_1,CCN20230722_CLUS,CS20230722_SUPT_0295,CCN20230722_SUPT,4,1036,cluster,#AF99FF,1,272
CS20230722_CLUS_1038,1038 NDB-SI-ant Prdm12 Gaba_2,CCN20230722_CLUS,CS20230722_SUPT_0296,CCN20230722_SUPT,4,1037,cluster,#00997C,1,89
CS20230722_CLUS_1039,1039 NDB-SI-ant Prdm12 Gaba_3,CCN20230722_CLUS,CS20230722_SUPT_0297,CCN20230722_SUPT,4,1038,cluster,#944599,1,79
CS20230722_CLUS_1040,1040 NDB-SI-ant Prdm12 Gaba_3,CCN20230722_CLUS,CS20230722_SUPT_0297,CCN20230722_SUPT,4,1039,cluster,#634599,1,103
CS20230722_CLUS_1041,1041 NDB-SI-ant Prdm12 Gaba_4,CCN20230722_CLUS,CS20230722_SUPT_0298,CCN20230722_SUPT,4,1040,cluster,#3D4F66,1,43
CS20230722_CLUS_1042,1042 LSX Sall3 Pax6 Gaba_1,CCN20230722_CLUS,CS20230722_SUPT_0299,CCN20230722_SUPT,4,1041,cluster,#0021CC,1,273
CS20230722_CLUS_1043,1043 LSX Sall3 Pax6 Gaba_1,CCN20230722_CLUS,CS20230722_SUPT_0299,CCN20230722_SUPT,4,1042,cluster,#2E6266,1,80
CS20230722_CLUS_1044,1044 LSX Sall3 Pax6 Gaba_2,CCN20230722_CLUS,CS20230722_SUPT_0300,CCN20230722_SUPT,4,1043,cluster,#7D9917,1,127
CS20230722_CLUS_1045,1045 LSX Sall3 Pax6 Gaba_2,CCN20230722_CLUS,CS20230722_SUPT_0300,CCN20230722_SUPT,4,1044,cluster,#1F6634,1,321
CS20230722_CLUS_1046,1046 LSX Sall3 Pax6 Gaba_2,CCN20230722_CLUS,CS20230722_SUPT_0300,CCN20230722_SUPT,4,1045,cluster,#0F6641,1,40
CS20230722_CLUS_1047,1047 LSX Sall3 Pax6 Gaba_2,CCN20230722_CLUS,CS20230722_SUPT_0300,CCN20230722_SUPT,4,1046,cluster,#3DCC91,1,47
CS20230722_CLUS_1048,1048 LSX Sall3 Pax6 Gaba_2,CCN20230722_CLUS,CS20230722_SUPT_0300,CCN20230722_SUPT,4,1047,cluster,#006653,1,142
CS20230722_CLUS_1049,1049 LSX Sall3 Pax6 Gaba_2,CCN20230722_CLUS,CS20230722_SUPT_0300,CCN20230722_SUPT,4,1048,cluster,#83FF73,1,84
CS20230722_CLUS_1050,1050 LSX Otx2 Gaba_1,CCN20230722_CLUS,CS20230722_SUPT_0301,CCN20230722_SUPT,4,1049,cluster,#4B3DCC,1,222
CS20230722_CLUS_1051,1051 LSX Otx2 Gaba_1,CCN20230722_CLUS,CS20230722_SUPT_0301,CCN20230722_SUPT,4,1050,cluster,#009499,1,627
CS20230722_CLUS_1052,1052 LSX Otx2 Gaba_2,CCN20230722_CLUS,CS20230722_SUPT_0302,CCN20230722_SUPT,4,1051,cluster,#CC803D,1,214
CS20230722_CLUS_1053,1053 LSX Otx2 Gaba_2,CCN20230722_CLUS,CS20230722_SUPT_0302,CCN20230722_SUPT,4,1052,cluster,#4DFF70,1,74
CS20230722_CLUS_1054,1054 LSX Otx2 Gaba_2,CCN20230722_CLUS,CS20230722_SUPT_0302,CCN20230722_SUPT,4,1053,cluster,#0FFF00,1,866
CS20230722_CLUS_1055,1055 LSX Otx2 Gaba_3,CCN20230722_CLUS,CS20230722_SUPT_0303,CCN20230722_SUPT,4,1054,cluster,#C700FF,1,37
CS20230722_CLUS_1056,1056 LSX Otx2 Gaba_3,CCN20230722_CLUS,CS20230722_SUPT_0303,CCN20230722_SUPT,4,1055,cluster,#CC3D9C,1,181
CS20230722_CLUS_1057,1057 LSX Otx2 Gaba_3,CCN20230722_CLUS,CS20230722_SUPT_0303,CCN20230722_SUPT,4,1056,cluster,#857ACC,1,191
CS20230722_CLUS_1058,1058 LSX Otx2 Gaba_3,CCN20230722_CLUS,CS20230722_SUPT_0303,CCN20230722_SUPT,4,1057,cluster,#CC5CA6,1,263
CS20230722_CLUS_1059,1059 LSX Otx2 Gaba_3,CCN20230722_CLUS,CS20230722_SUPT_0303,CCN20230722_SUPT,4,1058,cluster,#006631,1,153
CS20230722_CLUS_1060,1060 LSX Otx2 Gaba_3,CCN20230722_CLUS,CS20230722_SUPT_0303,CCN20230722_SUPT,4,1059,cluster,#8CFF73,1,113
CS20230722_CLUS_1061,1061 LSX Otx2 Gaba_3,CCN20230722_CLUS,CS20230722_SUPT_0303,CCN20230722_SUPT,4,1060,cluster,#7A992E,1,275
CS20230722_CLUS_1062,1062 LSX Otx2 Gaba_3,CCN20230722_CLUS,CS20230722_SUPT_0303,CCN20230722_SUPT,4,1061,cluster,#99FFD5,1,256
CS20230722_CLUS_1063,1063 LSX Otx2 Gaba_3,CCN20230722_CLUS,CS20230722_SUPT_0303,CCN20230722_SUPT,4,1062,cluster,#99625C,1,81
CS20230722_CLUS_1064,1064 LSX Otx2 Gaba_4,CCN20230722_CLUS,CS20230722_SUPT_0304,CCN20230722_SUPT,4,1063,cluster,#666500,1,69
CS20230722_CLUS_1065,1065 LSX Otx2 Gaba_4,CCN20230722_CLUS,CS20230722_SUPT_0304,CCN20230722_SUPT,4,1064,cluster,#CC633D,1,83
CS20230722_CLUS_1066,1066 LSX Otx2 Gaba_4,CCN20230722_CLUS,CS20230722_SUPT_0304,CCN20230722_SUPT,4,1065,cluster,#C1CC3D,1,194
CS20230722_CLUS_1067,1067 LSX Otx2 Gaba_4,CCN20230722_CLUS,CS20230722_SUPT_0304,CCN20230722_SUPT,4,1066,cluster,#935C99,1,15
CS20230722_CLUS_1068,1068 LSX Otx2 Gaba_4,CCN20230722_CLUS,CS20230722_SUPT_0304,CCN20230722_SUPT,4,1067,cluster,#1FCC64,1,67
CS20230722_CLUS_1069,1069 LSX Otx2 Gaba_5,CCN20230722_CLUS,CS20230722_SUPT_0305,CCN20230722_SUPT,4,1068,cluster,#998C17,1,129
CS20230722_CLUS_1070,1070 LSX Otx2 Gaba_5,CCN20230722_CLUS,CS20230722_SUPT_0305,CCN20230722_SUPT,4,1069,cluster,#61660F,1,79
CS20230722_CLUS_1071,1071 LSX Otx2 Gaba_5,CCN20230722_CLUS,CS20230722_SUPT_0305,CCN20230722_SUPT,4,1070,cluster,#396600,1,65
CS20230722_CLUS_1072,1072 LSX Otx2 Gaba_5,CCN20230722_CLUS,CS20230722_SUPT_0305,CCN20230722_SUPT,4,1071,cluster,#5D2E66,1,59
CS20230722_CLUS_1073,1073 LSX Otx2 Gaba_5,CCN20230722_CLUS,CS20230722_SUPT_0305,CCN20230722_SUPT,4,1072,cluster,#77CC3D,1,66
CS20230722_CLUS_1074,1074 LSX Nkx2-1 Gaba_1,CCN20230722_CLUS,CS20230722_SUPT_0306,CCN20230722_SUPT,4,1073,cluster,#997A17,1,146
CS20230722_CLUS_1075,1075 LSX Nkx2-1 Gaba_1,CCN20230722_CLUS,CS20230722_SUPT_0306,CCN20230722_SUPT,4,1074,cluster,#175799,1,198
CS20230722_CLUS_1076,1076 LSX Nkx2-1 Gaba_2,CCN20230722_CLUS,CS20230722_SUPT_0307,CCN20230722_SUPT,4,1075,cluster,#994550,1,51
CS20230722_CLUS_1077,1077 LSX Nkx2-1 Gaba_2,CCN20230722_CLUS,CS20230722_SUPT_0307,CCN20230722_SUPT,4,1076,cluster,#CC6A3D,1,239
CS20230722_CLUS_1078,1078 LSX Nkx2-1 Gaba_2,CCN20230722_CLUS,CS20230722_SUPT_0307,CCN20230722_SUPT,4,1077,cluster,#5C76CC,1,106
CS20230722_CLUS_1079,1079 LSX Nkx2-1 Gaba_2,CCN20230722_CLUS,CS20230722_SUPT_0307,CCN20230722_SUPT,4,1078,cluster,#66513D,1,115
CS20230722_CLUS_1080,1080 LSX Nkx2-1 Gaba_2,CCN20230722_CLUS,CS20230722_SUPT_0307,CCN20230722_SUPT,4,1079,cluster,#457A99,1,222
CS20230722_CLUS_1081,1081 LSX Nkx2-1 Gaba_2,CCN20230722_CLUS,CS20230722_SUPT_0307,CCN20230722_SUPT,4,1080,cluster,#3D60CC,1,54
CS20230722_CLUS_1082,1082 LSX Nkx2-1 Gaba_2,CCN20230722_CLUS,CS20230722_SUPT_0307,CCN20230722_SUPT,4,1081,cluster,#7BCC7A,1,67
CS20230722_CLUS_1083,1083 LSX Nkx2-1 Gaba_2,CCN20230722_CLUS,CS20230722_SUPT_0307,CCN20230722_SUPT,4,1082,cluster,#174599,1,54
CS20230722_CLUS_1084,1084 LSX Nkx2-1 Gaba_2,CCN20230722_CLUS,CS20230722_SUPT_0307,CCN20230722_SUPT,4,1083,cluster,#991793,1,87
CS20230722_CLUS_1085,1085 LSX Nkx2-1 Gaba_2,CCN20230722_CLUS,CS20230722_SUPT_0307,CCN20230722_SUPT,4,1084,cluster,#640099,1,193
CS20230722_CLUS_1086,1086 LSX Nkx2-1 Gaba_2,CCN20230722_CLUS,CS20230722_SUPT_0307,CCN20230722_SUPT,4,1085,cluster,#179981,1,64
CS20230722_CLUS_1087,1087 LSX Nkx2-1 Gaba_2,CCN20230722_CLUS,CS20230722_SUPT_0307,CCN20230722_SUPT,4,1086,cluster,#660F1C,1,539
CS20230722_CLUS_1088,1088 LSX Nkx2-1 Gaba_3,CCN20230722_CLUS,CS20230722_SUPT_0308,CCN20230722_SUPT,4,1087,cluster,#699917,1,294
CS20230722_CLUS_1089,1089 LSX Nkx2-1 Gaba_3,CCN20230722_CLUS,CS20230722_SUPT_0308,CCN20230722_SUPT,4,1088,cluster,#72995C,1,401
CS20230722_CLUS_1090,1090 LSX Nkx2-1 Gaba_3,CCN20230722_CLUS,CS20230722_SUPT_0308,CCN20230722_SUPT,4,1089,cluster,#79FF73,1,61
CS20230722_CLUS_1091,1091 LSX Nkx2-1 Gaba_3,CCN20230722_CLUS,CS20230722_SUPT_0308,CCN20230722_SUPT,4,1090,cluster,#660F33,1,237
CS20230722_CLUS_1092,1092 LSX Nkx2-1 Gaba_3,CCN20230722_CLUS,CS20230722_SUPT_0308,CCN20230722_SUPT,4,1091,cluster,#3D5866,1,115
CS20230722_CLUS_1093,1093 LSX Nkx2-1 Gaba_4,CCN20230722_CLUS,CS20230722_SUPT_0309,CCN20230722_SUPT,4,1092,cluster,#1FCC9B,1,232
CS20230722_CLUS_1094,1094 LSX Nkx2-1 Gaba_4,CCN20230722_CLUS,CS20230722_SUPT_0309,CCN20230722_SUPT,4,1093,cluster,#CC7AAE,1,41
CS20230722_CLUS_1095,1095 LSX Nkx2-1 Gaba_4,CCN20230722_CLUS,CS20230722_SUPT_0309,CCN20230722_SUPT,4,1094,cluster,#C14DFF,1,264
CS20230722_CLUS_1096,1096 LSX Nkx2-1 Gaba_4,CCN20230722_CLUS,CS20230722_SUPT_0309,CCN20230722_SUPT,4,1095,cluster,#CC1F49,1,575
CS20230722_CLUS_1097,1097 LSX Nkx2-1 Gaba_5,CCN20230722_CLUS,CS20230722_SUPT_0310,CCN20230722_SUPT,4,1096,cluster,#FF4000,1,233
CS20230722_CLUS_1098,1098 LSX Nkx2-1 Gaba_5,CCN20230722_CLUS,CS20230722_SUPT_0310,CCN20230722_SUPT,4,1097,cluster,#2E4299,1,299
CS20230722_CLUS_1099,1099 LSX Nkx2-1 Gaba_5,CCN20230722_CLUS,CS20230722_SUPT_0310,CCN20230722_SUPT,4,1098,cluster,#1F3E66,1,179
CS20230722_CLUS_1100,1100 LSX Nkx2-1 Gaba_5,CCN20230722_CLUS,CS20230722_SUPT_0310,CCN20230722_SUPT,4,1099,cluster,#FFE100,1,170
CS20230722_CLUS_1101,1101 LSX Nkx2-1 Gaba_6,CCN20230722_CLUS,CS20230722_SUPT_0311,CCN20230722_SUPT,4,1100,cluster,#3DCC00,1,93
CS20230722_CLUS_1102,1102 LSX Nkx2-1 Gaba_6,CCN20230722_CLUS,CS20230722_SUPT_0311,CCN20230722_SUPT,4,1101,cluster,#A1CC3D,1,325
CS20230722_CLUS_1103,1103 LSX Nkx2-1 Gaba_6,CCN20230722_CLUS,CS20230722_SUPT_0311,CCN20230722_SUPT,4,1102,cluster,#992E3D,1,56
CS20230722_CLUS_1104,1104 LSX Nkx2-1 Gaba_7,CCN20230722_CLUS,CS20230722_SUPT_0312,CCN20230722_SUPT,4,1103,cluster,#33662E,1,31
CS20230722_CLUS_1105,1105 LSX Nkx2-1 Gaba_7,CCN20230722_CLUS,CS20230722_SUPT_0312,CCN20230722_SUPT,4,1104,cluster,#664D2E,1,106
CS20230722_CLUS_1106,1106 LSX Nkx2-1 Gaba_7,CCN20230722_CLUS,CS20230722_SUPT_0312,CCN20230722_SUPT,4,1105,cluster,#5CCC6C,1,257
CS20230722_CLUS_1107,1107 LSX Nkx2-1 Gaba_7,CCN20230722_CLUS,CS20230722_SUPT_0312,CCN20230722_SUPT,4,1106,cluster,#5CCCC9,1,41
CS20230722_CLUS_1108,1108 LSX Nkx2-1 Gaba_8,CCN20230722_CLUS,CS20230722_SUPT_0313,CCN20230722_SUPT,4,1107,cluster,#CC731F,1,53
CS20230722_CLUS_1109,1109 LSX Nkx2-1 Gaba_8,CCN20230722_CLUS,CS20230722_SUPT_0313,CCN20230722_SUPT,4,1108,cluster,#2A9900,1,53
CS20230722_CLUS_1110,1110 LSX Nkx2-1 Gaba_8,CCN20230722_CLUS,CS20230722_SUPT_0313,CCN20230722_SUPT,4,1109,cluster,#99785C,1,56
CS20230722_CLUS_1111,1111 LSX Nkx2-1 Gaba_9,CCN20230722_CLUS,CS20230722_SUPT_0314,CCN20230722_SUPT,4,1110,cluster,#66583D,1,507
CS20230722_CLUS_1112,1112 LSX Nkx2-1 Gaba_10,CCN20230722_CLUS,CS20230722_SUPT_0315,CCN20230722_SUPT,4,1111,cluster,#66622E,1,461
CS20230722_CLUS_1113,1113 LSX Nkx2-1 Gaba_11,CCN20230722_CLUS,CS20230722_SUPT_0316,CCN20230722_SUPT,4,1112,cluster,#FF4D78,1,82
CS20230722_CLUS_1114,1114 LSX Nkx2-1 Gaba_11,CCN20230722_CLUS,CS20230722_SUPT_0316,CCN20230722_SUPT,4,1113,cluster,#CC641F,1,520
CS20230722_CLUS_1115,1115 LSX Prdm12 Slit2 Gaba_1,CCN20230722_CLUS,CS20230722_SUPT_0317,CCN20230722_SUPT,4,1114,cluster,#73FF7F,1,733
CS20230722_CLUS_1116,1116 LSX Prdm12 Slit2 Gaba_1,CCN20230722_CLUS,CS20230722_SUPT_0317,CCN20230722_SUPT,4,1115,cluster,#664300,1,944
CS20230722_CLUS_1117,1117 LSX Prdm12 Slit2 Gaba_1,CCN20230722_CLUS,CS20230722_SUPT_0317,CCN20230722_SUPT,4,1116,cluster,#CC009C,1,317
CS20230722_CLUS_1118,1118 LSX Prdm12 Slit2 Gaba_1,CCN20230722_CLUS,CS20230722_SUPT_0317,CCN20230722_SUPT,4,1117,cluster,#0081CC,1,66
CS20230722_CLUS_1119,1119 LSX Prdm12 Slit2 Gaba_1,CCN20230722_CLUS,CS20230722_SUPT_0317,CCN20230722_SUPT,4,1118,cluster,#CC3D4C,1,170
CS20230722_CLUS_1120,1120 LSX Prdm12 Slit2 Gaba_1,CCN20230722_CLUS,CS20230722_SUPT_0317,CCN20230722_SUPT,4,1119,cluster,#CCB07A,1,61
CS20230722_CLUS_1121,1121 LSX Prdm12 Slit2 Gaba_1,CCN20230722_CLUS,CS20230722_SUPT_0317,CCN20230722_SUPT,4,1120,cluster,#654599,1,389
CS20230722_CLUS_1122,1122 LSX Prdm12 Slit2 Gaba_1,CCN20230722_CLUS,CS20230722_SUPT_0317,CCN20230722_SUPT,4,1121,cluster,#4E663D,1,53
CS20230722_CLUS_1123,1123 LSX Prdm12 Slit2 Gaba_1,CCN20230722_CLUS,CS20230722_SUPT_0317,CCN20230722_SUPT,4,1122,cluster,#62995C,1,47
CS20230722_CLUS_1124,1124 LSX Prdm12 Slit2 Gaba_2,CCN20230722_CLUS,CS20230722_SUPT_0318,CCN20230722_SUPT,4,1123,cluster,#66150F,1,460
CS20230722_CLUS_1125,1125 LSX Prdm12 Slit2 Gaba_2,CCN20230722_CLUS,CS20230722_SUPT_0318,CCN20230722_SUPT,4,1124,cluster,#3DC0CC,1,207
CS20230722_CLUS_1126,1126 LSX Prdm12 Slit2 Gaba_2,CCN20230722_CLUS,CS20230722_SUPT_0318,CCN20230722_SUPT,4,1125,cluster,#FF9F4D,1,560
CS20230722_CLUS_1127,1127 LSX Prdm12 Slit2 Gaba_2,CCN20230722_CLUS,CS20230722_SUPT_0318,CCN20230722_SUPT,4,1126,cluster,#66492E,1,166
CS20230722_CLUS_1128,1128 LSX Prdm12 Slit2 Gaba_2,CCN20230722_CLUS,CS20230722_SUPT_0318,CCN20230722_SUPT,4,1127,cluster,#0FCC00,1,188
CS20230722_CLUS_1129,1129 LSX Prdm12 Slit2 Gaba_2,CCN20230722_CLUS,CS20230722_SUPT_0318,CCN20230722_SUPT,4,1128,cluster,#63661F,1,173
CS20230722_CLUS_1130,1130 LSX Prdm12 Slit2 Gaba_2,CCN20230722_CLUS,CS20230722_SUPT_0318,CCN20230722_SUPT,4,1129,cluster,#99E6FF,1,45
CS20230722_CLUS_1131,1131 LSX Prdm12 Slit2 Gaba_3,CCN20230722_CLUS,CS20230722_SUPT_0319,CCN20230722_SUPT,4,1130,cluster,#D8FF73,1,340
CS20230722_CLUS_1132,1132 LSX Prdm12 Slit2 Gaba_3,CCN20230722_CLUS,CS20230722_SUPT_0319,CCN20230722_SUPT,4,1131,cluster,#995C82,1,225
CS20230722_CLUS_1133,1133 LSX Prdm12 Slit2 Gaba_3,CCN20230722_CLUS,CS20230722_SUPT_0319,CCN20230722_SUPT,4,1132,cluster,#4DFFF9,1,188
CS20230722_CLUS_1134,1134 LSX Prdm12 Slit2 Gaba_3,CCN20230722_CLUS,CS20230722_SUPT_0319,CCN20230722_SUPT,4,1133,cluster,#00CC56,1,208
CS20230722_CLUS_1135,1135 LSX Prdm12 Slit2 Gaba_3,CCN20230722_CLUS,CS20230722_SUPT_0319,CCN20230722_SUPT,4,1134,cluster,#FFA999,1,188
CS20230722_CLUS_1136,1136 LSX Prdm12 Slit2 Gaba_3,CCN20230722_CLUS,CS20230722_SUPT_0319,CCN20230722_SUPT,4,1135,cluster,#DEFF4D,1,88
CS20230722_CLUS_1137,1137 LSX Prdm12 Slit2 Gaba_4,CCN20230722_CLUS,CS20230722_SUPT_0320,CCN20230722_SUPT,4,1136,cluster,#765CCC,1,142
CS20230722_CLUS_1138,1138 LSX Prdm12 Slit2 Gaba_4,CCN20230722_CLUS,CS20230722_SUPT_0320,CCN20230722_SUPT,4,1137,cluster,#459946,1,160
CS20230722_CLUS_1139,1139 LSX Prdm12 Slit2 Gaba_5,CCN20230722_CLUS,CS20230722_SUPT_0321,CCN20230722_SUPT,4,1138,cluster,#DA99FF,1,230
CS20230722_CLUS_1140,1140 LSX Prdm12 Slit2 Gaba_5,CCN20230722_CLUS,CS20230722_SUPT_0321,CCN20230722_SUPT,4,1139,cluster,#5C997A,1,189
CS20230722_CLUS_1141,1141 LSX Prdm12 Slit2 Gaba_5,CCN20230722_CLUS,CS20230722_SUPT_0321,CCN20230722_SUPT,4,1140,cluster,#662C00,1,199
CS20230722_CLUS_1142,1142 LSX Prdm12 Slit2 Gaba_5,CCN20230722_CLUS,CS20230722_SUPT_0321,CCN20230722_SUPT,4,1141,cluster,#66005D,1,62
CS20230722_CLUS_1143,1143 LSX Prdm12 Slit2 Gaba_6,CCN20230722_CLUS,CS20230722_SUPT_0322,CCN20230722_SUPT,4,1142,cluster,#99B6FF,1,44
CS20230722_CLUS_1144,1144 LSX Prdm12 Slit2 Gaba_6,CCN20230722_CLUS,CS20230722_SUPT_0322,CCN20230722_SUPT,4,1143,cluster,#006651,1,29
CS20230722_CLUS_1145,1145 LSX Prdm12 Slit2 Gaba_7,CCN20230722_CLUS,CS20230722_SUPT_0323,CCN20230722_SUPT,4,1144,cluster,#E573FF,1,39
CS20230722_CLUS_1146,1146 LSX Prdm12 Slit2 Gaba_7,CCN20230722_CLUS,CS20230722_SUPT_0323,CCN20230722_SUPT,4,1145,cluster,#3E2E66,1,255
CS20230722_CLUS_1147,1147 LSX Prdm12 Slit2 Gaba_8,CCN20230722_CLUS,CS20230722_SUPT_0324,CCN20230722_SUPT,4,1146,cluster,#FF73B1,1,574
CS20230722_CLUS_1148,1148 LSX Prdm12 Slit2 Gaba_9,CCN20230722_CLUS,CS20230722_SUPT_0325,CCN20230722_SUPT,4,1147,cluster,#995C7A,1,104
CS20230722_CLUS_1149,1149 LSX Prdm12 Zeb2 Gaba_1,CCN20230722_CLUS,CS20230722_SUPT_0326,CCN20230722_SUPT,4,1148,cluster,#21661F,1,205
CS20230722_CLUS_1150,1150 LSX Prdm12 Zeb2 Gaba_1,CCN20230722_CLUS,CS20230722_SUPT_0326,CCN20230722_SUPT,4,1149,cluster,#996317,1,74
CS20230722_CLUS_1151,1151 LSX Prdm12 Zeb2 Gaba_1,CCN20230722_CLUS,CS20230722_SUPT_0326,CCN20230722_SUPT,4,1150,cluster,#ACCC5C,1,45
CS20230722_CLUS_1152,1152 LSX Prdm12 Zeb2 Gaba_1,CCN20230722_CLUS,CS20230722_SUPT_0326,CCN20230722_SUPT,4,1151,cluster,#CCA85C,1,1047
CS20230722_CLUS_1153,1153 LSX Prdm12 Zeb2 Gaba_1,CCN20230722_CLUS,CS20230722_SUPT_0326,CCN20230722_SUPT,4,1152,cluster,#350F66,1,129
CS20230722_CLUS_1154,1154 LSX Prdm12 Zeb2 Gaba_1,CCN20230722_CLUS,CS20230722_SUPT_0326,CCN20230722_SUPT,4,1153,cluster,#5C998C,1,122
CS20230722_CLUS_1155,1155 LSX Prdm12 Zeb2 Gaba_1,CCN20230722_CLUS,CS20230722_SUPT_0326,CCN20230722_SUPT,4,1154,cluster,#991733,1,361
CS20230722_CLUS_1156,1156 LSX Prdm12 Zeb2 Gaba_1,CCN20230722_CLUS,CS20230722_SUPT_0326,CCN20230722_SUPT,4,1155,cluster,#66342E,1,625
CS20230722_CLUS_1157,1157 LSX Prdm12 Zeb2 Gaba_1,CCN20230722_CLUS,CS20230722_SUPT_0326,CCN20230722_SUPT,4,1156,cluster,#ACCC00,1,99
CS20230722_CLUS_1158,1158 LSX Prdm12 Zeb2 Gaba_2,CCN20230722_CLUS,CS20230722_SUPT_0327,CCN20230722_SUPT,4,1157,cluster,#3D665C,1,141
CS20230722_CLUS_1159,1159 LSX Prdm12 Zeb2 Gaba_2,CCN20230722_CLUS,CS20230722_SUPT_0327,CCN20230722_SUPT,4,1158,cluster,#99E2FF,1,808
CS20230722_CLUS_1160,1160 LSX Prdm12 Zeb2 Gaba_2,CCN20230722_CLUS,CS20230722_SUPT_0327,CCN20230722_SUPT,4,1159,cluster,#9EFF4D,1,280
CS20230722_CLUS_1161,1161 LSX Prdm12 Zeb2 Gaba_2,CCN20230722_CLUS,CS20230722_SUPT_0327,CCN20230722_SUPT,4,1160,cluster,#FF4DF1,1,42
CS20230722_CLUS_1162,1162 LSX Prdm12 Zeb2 Gaba_3,CCN20230722_CLUS,CS20230722_SUPT_0328,CCN20230722_SUPT,4,1161,cluster,#663D4C,1,84
CS20230722_CLUS_1163,1163 LSX Prdm12 Zeb2 Gaba_3,CCN20230722_CLUS,CS20230722_SUPT_0328,CCN20230722_SUPT,4,1162,cluster,#00FFFF,1,55
CS20230722_CLUS_1164,1164 LSX Prdm12 Zeb2 Gaba_3,CCN20230722_CLUS,CS20230722_SUPT_0328,CCN20230722_SUPT,4,1163,cluster,#661F37,1,332
CS20230722_CLUS_1165,1165 LSX Prdm12 Zeb2 Gaba_3,CCN20230722_CLUS,CS20230722_SUPT_0328,CCN20230722_SUPT,4,1164,cluster,#2E3666,1,343
CS20230722_CLUS_1166,1166 LSX Prdm12 Zeb2 Gaba_4,CCN20230722_CLUS,CS20230722_SUPT_0329,CCN20230722_SUPT,4,1165,cluster,#0F4566,1,60
CS20230722_CLUS_1167,1167 LSX Prdm12 Zeb2 Gaba_4,CCN20230722_CLUS,CS20230722_SUPT_0329,CCN20230722_SUPT,4,1166,cluster,#FF7873,1,904
CS20230722_CLUS_1168,1168 LSX Prdm12 Zeb2 Gaba_5,CCN20230722_CLUS,CS20230722_SUPT_0330,CCN20230722_SUPT,4,1167,cluster,#4D9DFF,1,64
CS20230722_CLUS_1169,1169 LSX Prdm12 Zeb2 Gaba_5,CCN20230722_CLUS,CS20230722_SUPT_0330,CCN20230722_SUPT,4,1168,cluster,#26FFFB,1,250
CS20230722_CLUS_1170,1170 LSX Prdm12 Zeb2 Gaba_5,CCN20230722_CLUS,CS20230722_SUPT_0330,CCN20230722_SUPT,4,1169,cluster,#CC7AC2,1,103
CS20230722_CLUS_1171,1171 LSX Prdm12 Zeb2 Gaba_5,CCN20230722_CLUS,CS20230722_SUPT_0330,CCN20230722_SUPT,4,1170,cluster,#995145,1,145
CS20230722_CLUS_1172,1172 LSX Prdm12 Zeb2 Gaba_5,CCN20230722_CLUS,CS20230722_SUPT_0330,CCN20230722_SUPT,4,1171,cluster,#FFF473,1,211
CS20230722_CLUS_1173,1173 LSX Prdm12 Zeb2 Gaba_5,CCN20230722_CLUS,CS20230722_SUPT_0330,CCN20230722_SUPT,4,1172,cluster,#1FB7CC,1,58
CS20230722_CLUS_1174,1174 LSX Sall3 Lmo1 Gaba_1,CCN20230722_CLUS,CS20230722_SUPT_0331,CCN20230722_SUPT,4,1173,cluster,#5CBDCC,1,390
CS20230722_CLUS_1175,1175 LSX Sall3 Lmo1 Gaba_1,CCN20230722_CLUS,CS20230722_SUPT_0331,CCN20230722_SUPT,4,1174,cluster,#994563,1,74
CS20230722_CLUS_1176,1176 LSX Sall3 Lmo1 Gaba_2,CCN20230722_CLUS,CS20230722_SUPT_0332,CCN20230722_SUPT,4,1175,cluster,#26FF00,1,474
CS20230722_CLUS_1177,1177 LSX Sall3 Lmo1 Gaba_2,CCN20230722_CLUS,CS20230722_SUPT_0332,CCN20230722_SUPT,4,1176,cluster,#458F99,1,123
CS20230722_CLUS_1178,1178 LSX Sall3 Lmo1 Gaba_2,CCN20230722_CLUS,CS20230722_SUPT_0332,CCN20230722_SUPT,4,1177,cluster,#CC441F,1,164
CS20230722_CLUS_1179,1179 LSX Sall3 Lmo1 Gaba_2,CCN20230722_CLUS,CS20230722_SUPT_0332,CCN20230722_SUPT,4,1178,cluster,#3D6566,1,158
CS20230722_CLUS_1180,1180 LSX Sall3 Lmo1 Gaba_3,CCN20230722_CLUS,CS20230722_SUPT_0333,CCN20230722_SUPT,4,1179,cluster,#CC1F70,1,189
CS20230722_CLUS_1181,1181 LSX Sall3 Lmo1 Gaba_3,CCN20230722_CLUS,CS20230722_SUPT_0333,CCN20230722_SUPT,4,1180,cluster,#994B00,1,176
CS20230722_CLUS_1182,1182 LSX Sall3 Lmo1 Gaba_4,CCN20230722_CLUS,CS20230722_SUPT_0334,CCN20230722_SUPT,4,1181,cluster,#009994,1,62
CS20230722_CLUS_1183,1183 LSX Sall3 Lmo1 Gaba_5,CCN20230722_CLUS,CS20230722_SUPT_0335,CCN20230722_SUPT,4,1182,cluster,#CC5C99,1,61
CS20230722_CLUS_1184,1184 LSX Sall3 Lmo1 Gaba_5,CCN20230722_CLUS,CS20230722_SUPT_0335,CCN20230722_SUPT,4,1183,cluster,#87CC3D,1,120
CS20230722_CLUS_1185,1185 LSX Sall3 Lmo1 Gaba_6,CCN20230722_CLUS,CS20230722_SUPT_0336,CCN20230722_SUPT,4,1184,cluster,#D899FF,1,316
CS20230722_CLUS_1186,1186 LSX Sall3 Lmo1 Gaba_6,CCN20230722_CLUS,CS20230722_SUPT_0336,CCN20230722_SUPT,4,1185,cluster,#C7CC00,1,162
CS20230722_CLUS_1187,1187 LSX Sall3 Lmo1 Gaba_6,CCN20230722_CLUS,CS20230722_SUPT_0336,CCN20230722_SUPT,4,1186,cluster,#3DADCC,1,44
CS20230722_CLUS_1188,1188 MEA-BST Sox6 Gaba_1,CCN20230722_CLUS,CS20230722_SUPT_0337,CCN20230722_SUPT,4,1187,cluster,#40CC3D,1,115
CS20230722_CLUS_1189,1189 MEA-BST Sox6 Gaba_1,CCN20230722_CLUS,CS20230722_SUPT_0337,CCN20230722_SUPT,4,1188,cluster,#FF9273,1,211
CS20230722_CLUS_1190,1190 MEA-BST Sox6 Gaba_1,CCN20230722_CLUS,CS20230722_SUPT_0337,CCN20230722_SUPT,4,1189,cluster,#472E66,1,101
CS20230722_CLUS_1191,1191 MEA-BST Sox6 Gaba_1,CCN20230722_CLUS,CS20230722_SUPT_0337,CCN20230722_SUPT,4,1190,cluster,#663D4F,1,289
CS20230722_CLUS_1192,1192 MEA-BST Sox6 Gaba_2,CCN20230722_CLUS,CS20230722_SUPT_0338,CCN20230722_SUPT,4,1191,cluster,#EF00FF,1,161
CS20230722_CLUS_1193,1193 MEA-BST Sox6 Gaba_2,CCN20230722_CLUS,CS20230722_SUPT_0338,CCN20230722_SUPT,4,1192,cluster,#FF73C0,1,320
CS20230722_CLUS_1194,1194 MEA-BST Sox6 Gaba_2,CCN20230722_CLUS,CS20230722_SUPT_0338,CCN20230722_SUPT,4,1193,cluster,#CC7A7D,1,112
CS20230722_CLUS_1195,1195 MEA-BST Sox6 Gaba_2,CCN20230722_CLUS,CS20230722_SUPT_0338,CCN20230722_SUPT,4,1194,cluster,#4DFF74,1,165
CS20230722_CLUS_1196,1196 MEA-BST Sox6 Gaba_2,CCN20230722_CLUS,CS20230722_SUPT_0338,CCN20230722_SUPT,4,1195,cluster,#CCB91F,1,726
CS20230722_CLUS_1197,1197 MEA-BST Sox6 Gaba_2,CCN20230722_CLUS,CS20230722_SUPT_0338,CCN20230722_SUPT,4,1196,cluster,#66580F,1,112
CS20230722_CLUS_1198,1198 MEA-BST Sox6 Gaba_3,CCN20230722_CLUS,CS20230722_SUPT_0339,CCN20230722_SUPT,4,1197,cluster,#3E26FF,1,448
CS20230722_CLUS_1199,1199 MEA-BST Sox6 Gaba_3,CCN20230722_CLUS,CS20230722_SUPT_0339,CCN20230722_SUPT,4,1198,cluster,#CC3D8F,1,137
CS20230722_CLUS_1200,1200 MEA-BST Sox6 Gaba_3,CCN20230722_CLUS,CS20230722_SUPT_0339,CCN20230722_SUPT,4,1199,cluster,#5C67CC,1,209
CS20230722_CLUS_1201,1201 MEA-BST Sox6 Gaba_3,CCN20230722_CLUS,CS20230722_SUPT_0339,CCN20230722_SUPT,4,1200,cluster,#00BDCC,1,140
CS20230722_CLUS_1202,1202 MEA-BST Sox6 Gaba_3,CCN20230722_CLUS,CS20230722_SUPT_0339,CCN20230722_SUPT,4,1201,cluster,#CC9A00,1,37
CS20230722_CLUS_1203,1203 MEA-BST Sox6 Gaba_3,CCN20230722_CLUS,CS20230722_SUPT_0339,CCN20230722_SUPT,4,1202,cluster,#99455A,1,220
CS20230722_CLUS_1204,1204 MEA-BST Sox6 Gaba_3,CCN20230722_CLUS,CS20230722_SUPT_0339,CCN20230722_SUPT,4,1203,cluster,#66290F,1,233
CS20230722_CLUS_1205,1205 MEA-BST Sox6 Gaba_4,CCN20230722_CLUS,CS20230722_SUPT_0340,CCN20230722_SUPT,4,1204,cluster,#660021,1,151
CS20230722_CLUS_1206,1206 MEA-BST Sox6 Gaba_4,CCN20230722_CLUS,CS20230722_SUPT_0340,CCN20230722_SUPT,4,1205,cluster,#0094CC,1,101
CS20230722_CLUS_1207,1207 MEA-BST Sox6 Gaba_4,CCN20230722_CLUS,CS20230722_SUPT_0340,CCN20230722_SUPT,4,1206,cluster,#73D4FF,1,168
CS20230722_CLUS_1208,1208 MEA-BST Sox6 Gaba_4,CCN20230722_CLUS,CS20230722_SUPT_0340,CCN20230722_SUPT,4,1207,cluster,#998845,1,173
CS20230722_CLUS_1209,1209 MEA-BST Sox6 Gaba_4,CCN20230722_CLUS,CS20230722_SUPT_0340,CCN20230722_SUPT,4,1208,cluster,#BECC3D,1,217
CS20230722_CLUS_1210,1210 MEA-BST Sox6 Gaba_4,CCN20230722_CLUS,CS20230722_SUPT_0340,CCN20230722_SUPT,4,1209,cluster,#73D1FF,1,71
CS20230722_CLUS_1211,1211 MEA-BST Sox6 Gaba_4,CCN20230722_CLUS,CS20230722_SUPT_0340,CCN20230722_SUPT,4,1210,cluster,#995417,1,142
CS20230722_CLUS_1212,1212 MEA-BST Sox6 Gaba_5,CCN20230722_CLUS,CS20230722_SUPT_0341,CCN20230722_SUPT,4,1211,cluster,#FF99EF,1,191
CS20230722_CLUS_1213,1213 MEA-BST Sox6 Gaba_5,CCN20230722_CLUS,CS20230722_SUPT_0341,CCN20230722_SUPT,4,1212,cluster,#5C90CC,1,394
CS20230722_CLUS_1214,1214 MEA-BST Sox6 Gaba_5,CCN20230722_CLUS,CS20230722_SUPT_0341,CCN20230722_SUPT,4,1213,cluster,#456D99,1,115
CS20230722_CLUS_1215,1215 MEA-BST Sox6 Gaba_5,CCN20230722_CLUS,CS20230722_SUPT_0341,CCN20230722_SUPT,4,1214,cluster,#FF73DD,1,298
CS20230722_CLUS_1216,1216 MEA-BST Sox6 Gaba_5,CCN20230722_CLUS,CS20230722_SUPT_0341,CCN20230722_SUPT,4,1215,cluster,#814599,1,121
CS20230722_CLUS_1217,1217 MEA-BST Sox6 Gaba_5,CCN20230722_CLUS,CS20230722_SUPT_0341,CCN20230722_SUPT,4,1216,cluster,#583D66,1,247
CS20230722_CLUS_1218,1218 MEA-BST Sox6 Gaba_5,CCN20230722_CLUS,CS20230722_SUPT_0341,CCN20230722_SUPT,4,1217,cluster,#805CCC,1,237
CS20230722_CLUS_1219,1219 MEA-BST Sox6 Gaba_6,CCN20230722_CLUS,CS20230722_SUPT_0342,CCN20230722_SUPT,4,1218,cluster,#61FF4D,1,81
CS20230722_CLUS_1220,1220 MEA-BST Sox6 Gaba_6,CCN20230722_CLUS,CS20230722_SUPT_0342,CCN20230722_SUPT,4,1219,cluster,#66653D,1,324
CS20230722_CLUS_1221,1221 MEA-BST Sox6 Gaba_6,CCN20230722_CLUS,CS20230722_SUPT_0342,CCN20230722_SUPT,4,1220,cluster,#7ACCA7,1,269
CS20230722_CLUS_1222,1222 MEA-BST Sox6 Gaba_6,CCN20230722_CLUS,CS20230722_SUPT_0342,CCN20230722_SUPT,4,1221,cluster,#2E996D,1,208
CS20230722_CLUS_1223,1223 MEA-BST Sox6 Gaba_6,CCN20230722_CLUS,CS20230722_SUPT_0342,CCN20230722_SUPT,4,1222,cluster,#54992E,1,149
CS20230722_CLUS_1224,1224 MEA-BST Sox6 Gaba_6,CCN20230722_CLUS,CS20230722_SUPT_0342,CCN20230722_SUPT,4,1223,cluster,#001D66,1,151
CS20230722_CLUS_1225,1225 MEA-BST Sox6 Gaba_6,CCN20230722_CLUS,CS20230722_SUPT_0342,CCN20230722_SUPT,4,1224,cluster,#664A0F,1,650
CS20230722_CLUS_1226,1226 MEA-BST Sox6 Gaba_7,CCN20230722_CLUS,CS20230722_SUPT_0343,CCN20230722_SUPT,4,1225,cluster,#CC0200,1,62
CS20230722_CLUS_1227,1227 MEA-BST Sox6 Gaba_7,CCN20230722_CLUS,CS20230722_SUPT_0343,CCN20230722_SUPT,4,1226,cluster,#4D5DFF,1,1863
CS20230722_CLUS_1228,1228 MEA-BST Sox6 Gaba_7,CCN20230722_CLUS,CS20230722_SUPT_0343,CCN20230722_SUPT,4,1227,cluster,#664000,1,146
CS20230722_CLUS_1229,1229 MEA-BST Sox6 Gaba_8,CCN20230722_CLUS,CS20230722_SUPT_0344,CCN20230722_SUPT,4,1228,cluster,#3F662E,1,85
CS20230722_CLUS_1230,1230 MEA-BST Sox6 Gaba_8,CCN20230722_CLUS,CS20230722_SUPT_0344,CCN20230722_SUPT,4,1229,cluster,#4DFF50,1,68
CS20230722_CLUS_1231,1231 MEA-BST Sox6 Gaba_8,CCN20230722_CLUS,CS20230722_SUPT_0344,CCN20230722_SUPT,4,1230,cluster,#6A26FF,1,179
CS20230722_CLUS_1232,1232 MEA-BST Sox6 Gaba_9,CCN20230722_CLUS,CS20230722_SUPT_0345,CCN20230722_SUPT,4,1231,cluster,#5C60CC,1,67
CS20230722_CLUS_1233,1233 MEA-BST Sox6 Gaba_9,CCN20230722_CLUS,CS20230722_SUPT_0345,CCN20230722_SUPT,4,1232,cluster,#994567,1,221
CS20230722_CLUS_1234,1234 MEA-BST Sox6 Gaba_9,CCN20230722_CLUS,CS20230722_SUPT_0345,CCN20230722_SUPT,4,1233,cluster,#B14DFF,1,200
CS20230722_CLUS_1235,1235 MEA-BST Sox6 Gaba_10,CCN20230722_CLUS,CS20230722_SUPT_0346,CCN20230722_SUPT,4,1234,cluster,#001B99,1,33
CS20230722_CLUS_1236,1236 MEA-BST Sox6 Gaba_10,CCN20230722_CLUS,CS20230722_SUPT_0346,CCN20230722_SUPT,4,1235,cluster,#1FCC97,1,207
CS20230722_CLUS_1237,1237 MEA-BST Sox6 Gaba_10,CCN20230722_CLUS,CS20230722_SUPT_0346,CCN20230722_SUPT,4,1236,cluster,#5CB3CC,1,172
CS20230722_CLUS_1238,1238 MEA-BST Lhx6 Sp9 Gaba_1,CCN20230722_CLUS,CS20230722_SUPT_0347,CCN20230722_SUPT,4,1237,cluster,#841799,1,277
CS20230722_CLUS_1239,1239 MEA-BST Lhx6 Sp9 Gaba_1,CCN20230722_CLUS,CS20230722_SUPT_0347,CCN20230722_SUPT,4,1238,cluster,#1F2166,1,485
CS20230722_CLUS_1240,1240 MEA-BST Lhx6 Sp9 Gaba_1,CCN20230722_CLUS,CS20230722_SUPT_0347,CCN20230722_SUPT,4,1239,cluster,#81995C,1,251
CS20230722_CLUS_1241,1241 MEA-BST Lhx6 Sp9 Gaba_1,CCN20230722_CLUS,CS20230722_SUPT_0347,CCN20230722_SUPT,4,1240,cluster,#FF6E00,1,73
CS20230722_CLUS_1242,1242 MEA-BST Lhx6 Sp9 Gaba_1,CCN20230722_CLUS,CS20230722_SUPT_0347,CCN20230722_SUPT,4,1241,cluster,#CCB97A,1,1202
CS20230722_CLUS_1243,1243 MEA-BST Lhx6 Sp9 Gaba_1,CCN20230722_CLUS,CS20230722_SUPT_0347,CCN20230722_SUPT,4,1242,cluster,#87995C,1,321
CS20230722_CLUS_1244,1244 MEA-BST Lhx6 Sp9 Gaba_2,CCN20230722_CLUS,CS20230722_SUPT_0348,CCN20230722_SUPT,4,1243,cluster,#E14DFF,1,109
CS20230722_CLUS_1245,1245 MEA-BST Lhx6 Sp9 Gaba_2,CCN20230722_CLUS,CS20230722_SUPT_0348,CCN20230722_SUPT,4,1244,cluster,#00CC68,1,68
CS20230722_CLUS_1246,1246 MEA-BST Lhx6 Sp9 Gaba_2,CCN20230722_CLUS,CS20230722_SUPT_0348,CCN20230722_SUPT,4,1245,cluster,#4DE9FF,1,158
CS20230722_CLUS_1247,1247 MEA-BST Lhx6 Sp9 Gaba_2,CCN20230722_CLUS,CS20230722_SUPT_0348,CCN20230722_SUPT,4,1246,cluster,#99795C,1,340
CS20230722_CLUS_1248,1248 MEA-BST Lhx6 Sp9 Gaba_3,CCN20230722_CLUS,CS20230722_SUPT_0349,CCN20230722_SUPT,4,1247,cluster,#173C99,1,66
CS20230722_CLUS_1249,1249 MEA-BST Lhx6 Sp9 Gaba_3,CCN20230722_CLUS,CS20230722_SUPT_0349,CCN20230722_SUPT,4,1248,cluster,#7ACC9C,1,135
CS20230722_CLUS_1250,1250 MEA-BST Lhx6 Sp9 Gaba_3,CCN20230722_CLUS,CS20230722_SUPT_0349,CCN20230722_SUPT,4,1249,cluster,#CC1F5C,1,55
CS20230722_CLUS_1251,1251 MEA-BST Lhx6 Sp9 Gaba_3,CCN20230722_CLUS,CS20230722_SUPT_0349,CCN20230722_SUPT,4,1250,cluster,#FF4DA0,1,432
CS20230722_CLUS_1252,1252 MEA-BST Lhx6 Sp9 Gaba_3,CCN20230722_CLUS,CS20230722_SUPT_0349,CCN20230722_SUPT,4,1251,cluster,#75995C,1,142
CS20230722_CLUS_1253,1253 MEA-BST Lhx6 Sp9 Gaba_4,CCN20230722_CLUS,CS20230722_SUPT_0350,CCN20230722_SUPT,4,1252,cluster,#FF8026,1,506
CS20230722_CLUS_1254,1254 MEA-BST Lhx6 Sp9 Gaba_4,CCN20230722_CLUS,CS20230722_SUPT_0350,CCN20230722_SUPT,4,1253,cluster,#6B5C99,1,181
CS20230722_CLUS_1255,1255 MEA-BST Lhx6 Sp9 Gaba_4,CCN20230722_CLUS,CS20230722_SUPT_0350,CCN20230722_SUPT,4,1254,cluster,#1FCC59,1,541
CS20230722_CLUS_1256,1256 MEA-BST Lhx6 Sp9 Gaba_4,CCN20230722_CLUS,CS20230722_SUPT_0350,CCN20230722_SUPT,4,1255,cluster,#66440F,1,127
CS20230722_CLUS_1257,1257 MEA-BST Lhx6 Sp9 Gaba_5,CCN20230722_CLUS,CS20230722_SUPT_0351,CCN20230722_SUPT,4,1256,cluster,#00FFAF,1,353
CS20230722_CLUS_1258,1258 MEA-BST Lhx6 Sp9 Gaba_5,CCN20230722_CLUS,CS20230722_SUPT_0351,CCN20230722_SUPT,4,1257,cluster,#009941,1,141
CS20230722_CLUS_1259,1259 MEA-BST Lhx6 Sp9 Gaba_5,CCN20230722_CLUS,CS20230722_SUPT_0351,CCN20230722_SUPT,4,1258,cluster,#86992E,1,285
CS20230722_CLUS_1260,1260 MEA-BST Lhx6 Sp9 Gaba_5,CCN20230722_CLUS,CS20230722_SUPT_0351,CCN20230722_SUPT,4,1259,cluster,#580066,1,304
CS20230722_CLUS_1261,1261 MEA-BST Lhx6 Sp9 Gaba_6,CCN20230722_CLUS,CS20230722_SUPT_0352,CCN20230722_SUPT,4,1260,cluster,#5C6899,1,426
CS20230722_CLUS_1262,1262 MEA-BST Lhx6 Sp9 Gaba_6,CCN20230722_CLUS,CS20230722_SUPT_0352,CCN20230722_SUPT,4,1261,cluster,#1FC2CC,1,543
CS20230722_CLUS_1263,1263 MEA-BST Lhx6 Sp9 Gaba_7,CCN20230722_CLUS,CS20230722_SUPT_0353,CCN20230722_SUPT,4,1262,cluster,#73FF83,1,117
CS20230722_CLUS_1264,1264 MEA-BST Lhx6 Sp9 Gaba_7,CCN20230722_CLUS,CS20230722_SUPT_0353,CCN20230722_SUPT,4,1263,cluster,#459951,1,180
CS20230722_CLUS_1265,1265 MEA-BST Lhx6 Sp9 Gaba_7,CCN20230722_CLUS,CS20230722_SUPT_0353,CCN20230722_SUPT,4,1264,cluster,#1F26CC,1,182
CS20230722_CLUS_1266,1266 MEA-BST Lhx6 Sp9 Gaba_7,CCN20230722_CLUS,CS20230722_SUPT_0353,CCN20230722_SUPT,4,1265,cluster,#00661E,1,107
CS20230722_CLUS_1267,1267 MEA-BST Lhx6 Sp9 Gaba_7,CCN20230722_CLUS,CS20230722_SUPT_0353,CCN20230722_SUPT,4,1266,cluster,#75CC1F,1,173
CS20230722_CLUS_1268,1268 MEA-BST Lhx6 Sp9 Gaba_7,CCN20230722_CLUS,CS20230722_SUPT_0353,CCN20230722_SUPT,4,1267,cluster,#CC0B00,1,228
CS20230722_CLUS_1269,1269 MEA-BST Lhx6 Nr2e1 Gaba_1,CCN20230722_CLUS,CS20230722_SUPT_0354,CCN20230722_SUPT,4,1268,cluster,#39992E,1,112
CS20230722_CLUS_1270,1270 MEA-BST Lhx6 Nr2e1 Gaba_1,CCN20230722_CLUS,CS20230722_SUPT_0354,CCN20230722_SUPT,4,1269,cluster,#3DCC87,1,204
CS20230722_CLUS_1271,1271 MEA-BST Lhx6 Nr2e1 Gaba_1,CCN20230722_CLUS,CS20230722_SUPT_0354,CCN20230722_SUPT,4,1270,cluster,#004466,1,374
CS20230722_CLUS_1272,1272 MEA-BST Lhx6 Nr2e1 Gaba_1,CCN20230722_CLUS,CS20230722_SUPT_0354,CCN20230722_SUPT,4,1271,cluster,#B6FF99,1,154
CS20230722_CLUS_1273,1273 MEA-BST Lhx6 Nr2e1 Gaba_2,CCN20230722_CLUS,CS20230722_SUPT_0355,CCN20230722_SUPT,4,1272,cluster,#BA7ACC,1,89
CS20230722_CLUS_1274,1274 MEA-BST Lhx6 Nr2e1 Gaba_2,CCN20230722_CLUS,CS20230722_SUPT_0355,CCN20230722_SUPT,4,1273,cluster,#180066,1,172
CS20230722_CLUS_1275,1275 MEA-BST Lhx6 Nr2e1 Gaba_2,CCN20230722_CLUS,CS20230722_SUPT_0355,CCN20230722_SUPT,4,1274,cluster,#3D6651,1,126
CS20230722_CLUS_1276,1276 MEA-BST Lhx6 Nr2e1 Gaba_2,CCN20230722_CLUS,CS20230722_SUPT_0355,CCN20230722_SUPT,4,1275,cluster,#FF26A0,1,112
CS20230722_CLUS_1277,1277 MEA-BST Lhx6 Nr2e1 Gaba_2,CCN20230722_CLUS,CS20230722_SUPT_0355,CCN20230722_SUPT,4,1276,cluster,#66563D,1,127
CS20230722_CLUS_1278,1278 MEA-BST Lhx6 Nr2e1 Gaba_2,CCN20230722_CLUS,CS20230722_SUPT_0355,CCN20230722_SUPT,4,1277,cluster,#66663D,1,166
CS20230722_CLUS_1279,1279 MEA-BST Lhx6 Nr2e1 Gaba_2,CCN20230722_CLUS,CS20230722_SUPT_0355,CCN20230722_SUPT,4,1278,cluster,#FF99FD,1,1314
CS20230722_CLUS_1280,1280 MEA-BST Lhx6 Nr2e1 Gaba_3,CCN20230722_CLUS,CS20230722_SUPT_0356,CCN20230722_SUPT,4,1279,cluster,#CC1F25,1,246
CS20230722_CLUS_1281,1281 MEA-BST Lhx6 Nfib Gaba_1,CCN20230722_CLUS,CS20230722_SUPT_0357,CCN20230722_SUPT,4,1280,cluster,#994D45,1,319
CS20230722_CLUS_1282,1282 MEA-BST Lhx6 Nfib Gaba_1,CCN20230722_CLUS,CS20230722_SUPT_0357,CCN20230722_SUPT,4,1281,cluster,#CC1FBA,1,451
CS20230722_CLUS_1283,1283 MEA-BST Lhx6 Nfib Gaba_1,CCN20230722_CLUS,CS20230722_SUPT_0357,CCN20230722_SUPT,4,1282,cluster,#7B995C,1,59
CS20230722_CLUS_1284,1284 MEA-BST Lhx6 Nfib Gaba_1,CCN20230722_CLUS,CS20230722_SUPT_0357,CCN20230722_SUPT,4,1283,cluster,#73FF89,1,56
CS20230722_CLUS_1285,1285 MEA-BST Lhx6 Nfib Gaba_1,CCN20230722_CLUS,CS20230722_SUPT_0357,CCN20230722_SUPT,4,1284,cluster,#CC0045,1,143
CS20230722_CLUS_1286,1286 MEA-BST Lhx6 Nfib Gaba_1,CCN20230722_CLUS,CS20230722_SUPT_0357,CCN20230722_SUPT,4,1285,cluster,#99FFCC,1,54
CS20230722_CLUS_1287,1287 MEA-BST Lhx6 Nfib Gaba_1,CCN20230722_CLUS,CS20230722_SUPT_0357,CCN20230722_SUPT,4,1286,cluster,#991700,1,53
CS20230722_CLUS_1288,1288 MEA-BST Lhx6 Nfib Gaba_1,CCN20230722_CLUS,CS20230722_SUPT_0357,CCN20230722_SUPT,4,1287,cluster,#66413D,1,50
CS20230722_CLUS_1289,1289 MEA-BST Lhx6 Nfib Gaba_2,CCN20230722_CLUS,CS20230722_SUPT_0358,CCN20230722_SUPT,4,1288,cluster,#FF26C7,1,165
CS20230722_CLUS_1290,1290 MEA-BST Lhx6 Nfib Gaba_2,CCN20230722_CLUS,CS20230722_SUPT_0358,CCN20230722_SUPT,4,1289,cluster,#007899,1,217
CS20230722_CLUS_1291,1291 MEA-BST Lhx6 Nfib Gaba_2,CCN20230722_CLUS,CS20230722_SUPT_0358,CCN20230722_SUPT,4,1290,cluster,#17991D,1,310
CS20230722_CLUS_1292,1292 MEA-BST Lhx6 Nfib Gaba_2,CCN20230722_CLUS,CS20230722_SUPT_0358,CCN20230722_SUPT,4,1291,cluster,#998245,1,399
CS20230722_CLUS_1293,1293 MEA-BST Lhx6 Nfib Gaba_2,CCN20230722_CLUS,CS20230722_SUPT_0358,CCN20230722_SUPT,4,1292,cluster,#5CCC5F,1,364
CS20230722_CLUS_1294,1294 MEA-BST Lhx6 Nfib Gaba_2,CCN20230722_CLUS,CS20230722_SUPT_0358,CCN20230722_SUPT,4,1293,cluster,#3B1799,1,35
CS20230722_CLUS_1295,1295 MEA-BST Lhx6 Nfib Gaba_2,CCN20230722_CLUS,CS20230722_SUPT_0358,CCN20230722_SUPT,4,1294,cluster,#66461F,1,244
CS20230722_CLUS_1296,1296 MEA-BST Lhx6 Nfib Gaba_3,CCN20230722_CLUS,CS20230722_SUPT_0359,CCN20230722_SUPT,4,1295,cluster,#FF5B4D,1,110
CS20230722_CLUS_1297,1297 MEA-BST Lhx6 Nfib Gaba_3,CCN20230722_CLUS,CS20230722_SUPT_0359,CCN20230722_SUPT,4,1296,cluster,#009956,1,885
CS20230722_CLUS_1298,1298 MEA-BST Lhx6 Nfib Gaba_3,CCN20230722_CLUS,CS20230722_SUPT_0359,CCN20230722_SUPT,4,1297,cluster,#CC5C8A,1,118
CS20230722_CLUS_1299,1299 MEA-BST Lhx6 Nfib Gaba_3,CCN20230722_CLUS,CS20230722_SUPT_0359,CCN20230722_SUPT,4,1298,cluster,#001899,1,72
CS20230722_CLUS_1300,1300 MEA-BST Lhx6 Nfib Gaba_3,CCN20230722_CLUS,CS20230722_SUPT_0359,CCN20230722_SUPT,4,1299,cluster,#8E992E,1,40
CS20230722_CLUS_1301,1301 MEA-BST Lhx6 Nfib Gaba_4,CCN20230722_CLUS,CS20230722_SUPT_0360,CCN20230722_SUPT,4,1300,cluster,#992E7E,1,149
CS20230722_CLUS_1302,1302 MEA-BST Lhx6 Nfib Gaba_4,CCN20230722_CLUS,CS20230722_SUPT_0360,CCN20230722_SUPT,4,1301,cluster,#997117,1,149
CS20230722_CLUS_1303,1303 MEA-BST Lhx6 Nfib Gaba_4,CCN20230722_CLUS,CS20230722_SUPT_0360,CCN20230722_SUPT,4,1302,cluster,#5D662E,1,41
CS20230722_CLUS_1304,1304 MEA-BST Lhx6 Nfib Gaba_5,CCN20230722_CLUS,CS20230722_SUPT_0361,CCN20230722_SUPT,4,1303,cluster,#CC705C,1,57
CS20230722_CLUS_1305,1305 MEA-BST Lhx6 Nfib Gaba_5,CCN20230722_CLUS,CS20230722_SUPT_0361,CCN20230722_SUPT,4,1304,cluster,#C626FF,1,92
CS20230722_CLUS_1306,1306 MEA-BST Lhx6 Nfib Gaba_5,CCN20230722_CLUS,CS20230722_SUPT_0361,CCN20230722_SUPT,4,1305,cluster,#FF4D98,1,105
CS20230722_CLUS_1307,1307 MEA-BST Lhx6 Nfib Gaba_5,CCN20230722_CLUS,CS20230722_SUPT_0361,CCN20230722_SUPT,4,1306,cluster,#2E2F66,1,181
CS20230722_CLUS_1308,1308 MEA-BST Lhx6 Nfib Gaba_5,CCN20230722_CLUS,CS20230722_SUPT_0361,CCN20230722_SUPT,4,1307,cluster,#5C9995,1,93
CS20230722_CLUS_1309,1309 MEA-BST Lhx6 Nfib Gaba_5,CCN20230722_CLUS,CS20230722_SUPT_0361,CCN20230722_SUPT,4,1308,cluster,#8D5C99,1,465
CS20230722_CLUS_1310,1310 MEA-BST Lhx6 Nfib Gaba_5,CCN20230722_CLUS,CS20230722_SUPT_0361,CCN20230722_SUPT,4,1309,cluster,#997717,1,232
CS20230722_CLUS_1311,1311 MEA-BST Lhx6 Nfib Gaba_6,CCN20230722_CLUS,CS20230722_SUPT_0362,CCN20230722_SUPT,4,1310,cluster,#990071,1,272
CS20230722_CLUS_1312,1312 MEA-BST Lhx6 Nfib Gaba_6,CCN20230722_CLUS,CS20230722_SUPT_0362,CCN20230722_SUPT,4,1311,cluster,#66433D,1,113
CS20230722_CLUS_1313,1313 MEA-BST Lhx6 Nfib Gaba_6,CCN20230722_CLUS,CS20230722_SUPT_0362,CCN20230722_SUPT,4,1312,cluster,#5B992E,1,220
CS20230722_CLUS_1314,1314 MEA-BST Lhx6 Nfib Gaba_6,CCN20230722_CLUS,CS20230722_SUPT_0362,CCN20230722_SUPT,4,1313,cluster,#CC7AC1,1,260
CS20230722_CLUS_1315,1315 CEA-BST Gal Avp Gaba_1,CCN20230722_CLUS,CS20230722_SUPT_0363,CCN20230722_SUPT,4,1314,cluster,#CC7AA3,1,176
CS20230722_CLUS_1316,1316 CEA-BST Gal Avp Gaba_1,CCN20230722_CLUS,CS20230722_SUPT_0363,CCN20230722_SUPT,4,1315,cluster,#99457E,1,213
CS20230722_CLUS_1317,1317 SI-MA-ACB Ebf1 Bnc2 Gaba_1,CCN20230722_CLUS,CS20230722_SUPT_0364,CCN20230722_SUPT,4,1316,cluster,#2E6166,1,448
CS20230722_CLUS_1318,1318 SI-MA-ACB Ebf1 Bnc2 Gaba_1,CCN20230722_CLUS,CS20230722_SUPT_0364,CCN20230722_SUPT,4,1317,cluster,#8A0099,1,297
CS20230722_CLUS_1319,1319 SI-MA-ACB Ebf1 Bnc2 Gaba_1,CCN20230722_CLUS,CS20230722_SUPT_0364,CCN20230722_SUPT,4,1318,cluster,#26FF3D,1,60
CS20230722_CLUS_1320,1320 SI-MA-ACB Ebf1 Bnc2 Gaba_2,CCN20230722_CLUS,CS20230722_SUPT_0365,CCN20230722_SUPT,4,1319,cluster,#664A3D,1,72
CS20230722_CLUS_1321,1321 SI-MA-ACB Ebf1 Bnc2 Gaba_2,CCN20230722_CLUS,CS20230722_SUPT_0365,CCN20230722_SUPT,4,1320,cluster,#004F99,1,137
CS20230722_CLUS_1322,1322 SI-MA-ACB Ebf1 Bnc2 Gaba_2,CCN20230722_CLUS,CS20230722_SUPT_0365,CCN20230722_SUPT,4,1321,cluster,#8A1799,1,148
CS20230722_CLUS_1323,1323 SI-MA-ACB Ebf1 Bnc2 Gaba_2,CCN20230722_CLUS,CS20230722_SUPT_0365,CCN20230722_SUPT,4,1322,cluster,#660016,1,58
CS20230722_CLUS_1324,1324 SI-MA-ACB Ebf1 Bnc2 Gaba_3,CCN20230722_CLUS,CS20230722_SUPT_0366,CCN20230722_SUPT,4,1323,cluster,#5C7ECC,1,59
CS20230722_CLUS_1325,1325 SI-MA-ACB Ebf1 Bnc2 Gaba_3,CCN20230722_CLUS,CS20230722_SUPT_0366,CCN20230722_SUPT,4,1324,cluster,#7B4599,1,198
CS20230722_CLUS_1326,1326 SI-MA-ACB Ebf1 Bnc2 Gaba_3,CCN20230722_CLUS,CS20230722_SUPT_0366,CCN20230722_SUPT,4,1325,cluster,#877ACC,1,116
CS20230722_CLUS_1327,1327 CEA-BST Six3 Cyp26b1 Gaba_1,CCN20230722_CLUS,CS20230722_SUPT_0367,CCN20230722_SUPT,4,1326,cluster,#FFED73,1,96
CS20230722_CLUS_1328,1328 CEA-BST Six3 Cyp26b1 Gaba_1,CCN20230722_CLUS,CS20230722_SUPT_0367,CCN20230722_SUPT,4,1327,cluster,#002699,1,433
CS20230722_CLUS_1329,1329 CEA-BST Six3 Cyp26b1 Gaba_1,CCN20230722_CLUS,CS20230722_SUPT_0367,CCN20230722_SUPT,4,1328,cluster,#66352E,1,343
CS20230722_CLUS_1330,1330 CEA-BST Six3 Cyp26b1 Gaba_1,CCN20230722_CLUS,CS20230722_SUPT_0367,CCN20230722_SUPT,4,1329,cluster,#814DFF,1,38
CS20230722_CLUS_1331,1331 CEA-BST Six3 Cyp26b1 Gaba_2,CCN20230722_CLUS,CS20230722_SUPT_0368,CCN20230722_SUPT,4,1330,cluster,#99FFEA,1,45
CS20230722_CLUS_1332,1332 CEA-BST Six3 Cyp26b1 Gaba_2,CCN20230722_CLUS,CS20230722_SUPT_0368,CCN20230722_SUPT,4,1331,cluster,#3B6600,1,1271
CS20230722_CLUS_1333,1333 CEA-BST Six3 Cyp26b1 Gaba_2,CCN20230722_CLUS,CS20230722_SUPT_0368,CCN20230722_SUPT,4,1332,cluster,#484599,1,359
CS20230722_CLUS_1334,1334 CEA-BST Six3 Cyp26b1 Gaba_2,CCN20230722_CLUS,CS20230722_SUPT_0368,CCN20230722_SUPT,4,1333,cluster,#2693FF,1,150
CS20230722_CLUS_1335,1335 CEA-BST Six3 Cyp26b1 Gaba_2,CCN20230722_CLUS,CS20230722_SUPT_0368,CCN20230722_SUPT,4,1334,cluster,#3D5A66,1,43
CS20230722_CLUS_1336,1336 CEA-BST Six3 Cyp26b1 Gaba_3,CCN20230722_CLUS,CS20230722_SUPT_0369,CCN20230722_SUPT,4,1335,cluster,#66400F,1,46
CS20230722_CLUS_1337,1337 CEA-BST Six3 Cyp26b1 Gaba_3,CCN20230722_CLUS,CS20230722_SUPT_0369,CCN20230722_SUPT,4,1336,cluster,#FF0080,1,247
CS20230722_CLUS_1338,1338 CEA-BST Six3 Cyp26b1 Gaba_3,CCN20230722_CLUS,CS20230722_SUPT_0369,CCN20230722_SUPT,4,1337,cluster,#45994F,1,258
CS20230722_CLUS_1339,1339 CEA-BST Six3 Cyp26b1 Gaba_3,CCN20230722_CLUS,CS20230722_SUPT_0369,CCN20230722_SUPT,4,1338,cluster,#FF4F4D,1,40
CS20230722_CLUS_1340,1340 CEA-BST Six3 Cyp26b1 Gaba_4,CCN20230722_CLUS,CS20230722_SUPT_0370,CCN20230722_SUPT,4,1339,cluster,#00CC6D,1,827
CS20230722_CLUS_1341,1341 CEA-BST Six3 Cyp26b1 Gaba_4,CCN20230722_CLUS,CS20230722_SUPT_0370,CCN20230722_SUPT,4,1340,cluster,#FF73EA,1,159
CS20230722_CLUS_1342,1342 CEA-BST Six3 Cyp26b1 Gaba_4,CCN20230722_CLUS,CS20230722_SUPT_0370,CCN20230722_SUPT,4,1341,cluster,#A073FF,1,88
CS20230722_CLUS_1343,1343 CEA-BST Six3 Cyp26b1 Gaba_4,CCN20230722_CLUS,CS20230722_SUPT_0370,CCN20230722_SUPT,4,1342,cluster,#002F66,1,44
CS20230722_CLUS_1344,1344 CEA-BST Six3 Cyp26b1 Gaba_5,CCN20230722_CLUS,CS20230722_SUPT_0371,CCN20230722_SUPT,4,1343,cluster,#663D46,1,730
CS20230722_CLUS_1345,1345 CEA-BST Six3 Cyp26b1 Gaba_5,CCN20230722_CLUS,CS20230722_SUPT_0371,CCN20230722_SUPT,4,1344,cluster,#17991A,1,274
CS20230722_CLUS_1346,1346 CEA-BST Six3 Cyp26b1 Gaba_6,CCN20230722_CLUS,CS20230722_SUPT_0372,CCN20230722_SUPT,4,1345,cluster,#941FCC,1,349
CS20230722_CLUS_1347,1347 CEA-BST Six3 Cyp26b1 Gaba_6,CCN20230722_CLUS,CS20230722_SUPT_0372,CCN20230722_SUPT,4,1346,cluster,#200F66,1,32
CS20230722_CLUS_1348,1348 CEA-AAA-BST Six3 Sp9 Gaba_1,CCN20230722_CLUS,CS20230722_SUPT_0373,CCN20230722_SUPT,4,1347,cluster,#FF738B,1,321
CS20230722_CLUS_1349,1349 CEA-AAA-BST Six3 Sp9 Gaba_1,CCN20230722_CLUS,CS20230722_SUPT_0373,CCN20230722_SUPT,4,1348,cluster,#2E994E,1,1397
CS20230722_CLUS_1350,1350 CEA-AAA-BST Six3 Sp9 Gaba_1,CCN20230722_CLUS,CS20230722_SUPT_0373,CCN20230722_SUPT,4,1349,cluster,#E900FF,1,267
CS20230722_CLUS_1351,1351 CEA-AAA-BST Six3 Sp9 Gaba_1,CCN20230722_CLUS,CS20230722_SUPT_0373,CCN20230722_SUPT,4,1350,cluster,#1F61CC,1,111
CS20230722_CLUS_1352,1352 CEA-AAA-BST Six3 Sp9 Gaba_1,CCN20230722_CLUS,CS20230722_SUPT_0373,CCN20230722_SUPT,4,1351,cluster,#EEFF4D,1,208
CS20230722_CLUS_1353,1353 CEA-AAA-BST Six3 Sp9 Gaba_1,CCN20230722_CLUS,CS20230722_SUPT_0373,CCN20230722_SUPT,4,1352,cluster,#66452E,1,127
CS20230722_CLUS_1354,1354 CEA-AAA-BST Six3 Sp9 Gaba_2,CCN20230722_CLUS,CS20230722_SUPT_0374,CCN20230722_SUPT,4,1353,cluster,#1F664B,1,154
CS20230722_CLUS_1355,1355 CEA-AAA-BST Six3 Sp9 Gaba_2,CCN20230722_CLUS,CS20230722_SUPT_0374,CCN20230722_SUPT,4,1354,cluster,#0F6620,1,954
CS20230722_CLUS_1356,1356 CEA-AAA-BST Six3 Sp9 Gaba_2,CCN20230722_CLUS,CS20230722_SUPT_0374,CCN20230722_SUPT,4,1355,cluster,#FF7B4D,1,382
CS20230722_CLUS_1357,1357 CEA-AAA-BST Six3 Sp9 Gaba_2,CCN20230722_CLUS,CS20230722_SUPT_0374,CCN20230722_SUPT,4,1356,cluster,#5CACCC,1,210
CS20230722_CLUS_1358,1358 CEA-AAA-BST Six3 Sp9 Gaba_2,CCN20230722_CLUS,CS20230722_SUPT_0374,CCN20230722_SUPT,4,1357,cluster,#662E4F,1,230
CS20230722_CLUS_1359,1359 CEA-AAA-BST Six3 Sp9 Gaba_2,CCN20230722_CLUS,CS20230722_SUPT_0374,CCN20230722_SUPT,4,1358,cluster,#2C0F66,1,39
CS20230722_CLUS_1360,1360 CEA-AAA-BST Six3 Sp9 Gaba_3,CCN20230722_CLUS,CS20230722_SUPT_0375,CCN20230722_SUPT,4,1359,cluster,#1F74CC,1,202
CS20230722_CLUS_1361,1361 CEA-AAA-BST Six3 Sp9 Gaba_3,CCN20230722_CLUS,CS20230722_SUPT_0375,CCN20230722_SUPT,4,1360,cluster,#FFC999,1,159
CS20230722_CLUS_1362,1362 CEA-AAA-BST Six3 Sp9 Gaba_3,CCN20230722_CLUS,CS20230722_SUPT_0375,CCN20230722_SUPT,4,1361,cluster,#7C7ACC,1,75
CS20230722_CLUS_1363,1363 CEA-AAA-BST Six3 Sp9 Gaba_4,CCN20230722_CLUS,CS20230722_SUPT_0376,CCN20230722_SUPT,4,1362,cluster,#5C997F,1,384
CS20230722_CLUS_1364,1364 CEA-AAA-BST Six3 Sp9 Gaba_4,CCN20230722_CLUS,CS20230722_SUPT_0376,CCN20230722_SUPT,4,1363,cluster,#FF4D9C,1,94
CS20230722_CLUS_1365,1365 CEA-AAA-BST Six3 Sp9 Gaba_4,CCN20230722_CLUS,CS20230722_SUPT_0376,CCN20230722_SUPT,4,1364,cluster,#004FCC,1,65
CS20230722_CLUS_1366,1366 CEA-AAA-BST Six3 Sp9 Gaba_4,CCN20230722_CLUS,CS20230722_SUPT_0376,CCN20230722_SUPT,4,1365,cluster,#0F664E,1,67
CS20230722_CLUS_1367,1367 CEA-AAA-BST Six3 Sp9 Gaba_4,CCN20230722_CLUS,CS20230722_SUPT_0376,CCN20230722_SUPT,4,1366,cluster,#4DFF7C,1,249
CS20230722_CLUS_1368,1368 CEA-AAA-BST Six3 Sp9 Gaba_5,CCN20230722_CLUS,CS20230722_SUPT_0377,CCN20230722_SUPT,4,1367,cluster,#CC871F,1,140
CS20230722_CLUS_1369,1369 CEA-AAA-BST Six3 Sp9 Gaba_6,CCN20230722_CLUS,CS20230722_SUPT_0378,CCN20230722_SUPT,4,1368,cluster,#998200,1,120
CS20230722_CLUS_1370,1370 CEA-AAA-BST Six3 Sp9 Gaba_7,CCN20230722_CLUS,CS20230722_SUPT_0379,CCN20230722_SUPT,4,1369,cluster,#665A3D,1,195
CS20230722_CLUS_1371,1371 CEA-AAA-BST Six3 Sp9 Gaba_8,CCN20230722_CLUS,CS20230722_SUPT_0380,CCN20230722_SUPT,4,1370,cluster,#4DFFA8,1,118
CS20230722_CLUS_1372,1372 CEA-AAA-BST Six3 Sp9 Gaba_8,CCN20230722_CLUS,CS20230722_SUPT_0380,CCN20230722_SUPT,4,1371,cluster,#655CCC,1,377
CS20230722_CLUS_1373,1373 ACB-BST-FS D1 Gaba_1,CCN20230722_CLUS,CS20230722_SUPT_0381,CCN20230722_SUPT,4,1372,cluster,#FF9573,1,42
CS20230722_CLUS_1374,1374 ACB-BST-FS D1 Gaba_1,CCN20230722_CLUS,CS20230722_SUPT_0381,CCN20230722_SUPT,4,1373,cluster,#A900CC,1,238
CS20230722_CLUS_1375,1375 ACB-BST-FS D1 Gaba_1,CCN20230722_CLUS,CS20230722_SUPT_0381,CCN20230722_SUPT,4,1374,cluster,#0002FF,1,139
CS20230722_CLUS_1376,1376 ACB-BST-FS D1 Gaba_2,CCN20230722_CLUS,CS20230722_SUPT_0382,CCN20230722_SUPT,4,1375,cluster,#C07ACC,1,132
CS20230722_CLUS_1377,1377 ACB-BST-FS D1 Gaba_2,CCN20230722_CLUS,CS20230722_SUPT_0382,CCN20230722_SUPT,4,1376,cluster,#5C661F,1,97
CS20230722_CLUS_1378,1378 ACB-BST-FS D1 Gaba_2,CCN20230722_CLUS,CS20230722_SUPT_0382,CCN20230722_SUPT,4,1377,cluster,#483D66,1,809
CS20230722_CLUS_1379,1379 ACB-BST-FS D1 Gaba_2,CCN20230722_CLUS,CS20230722_SUPT_0382,CCN20230722_SUPT,4,1378,cluster,#BECC00,1,111
CS20230722_CLUS_1380,1380 ACB-BST-FS D1 Gaba_3,CCN20230722_CLUS,CS20230722_SUPT_0383,CCN20230722_SUPT,4,1379,cluster,#4800FF,1,34
CS20230722_CLUS_1381,1381 ACB-BST-FS D1 Gaba_3,CCN20230722_CLUS,CS20230722_SUPT_0383,CCN20230722_SUPT,4,1380,cluster,#2E4F66,1,163
CS20230722_CLUS_1382,1382 ACB-BST-FS D1 Gaba_3,CCN20230722_CLUS,CS20230722_SUPT_0383,CCN20230722_SUPT,4,1381,cluster,#003099,1,479
CS20230722_CLUS_1383,1383 ACB-BST-FS D1 Gaba_3,CCN20230722_CLUS,CS20230722_SUPT_0383,CCN20230722_SUPT,4,1382,cluster,#CC0057,1,46
CS20230722_CLUS_1384,1384 CEA-BST Ebf1 Pdyn Gaba_1,CCN20230722_CLUS,CS20230722_SUPT_0384,CCN20230722_SUPT,4,1383,cluster,#171F99,1,4936
CS20230722_CLUS_1385,1385 CEA-BST Ebf1 Pdyn Gaba_1,CCN20230722_CLUS,CS20230722_SUPT_0384,CCN20230722_SUPT,4,1384,cluster,#F899FF,1,81
CS20230722_CLUS_1386,1386 CEA-BST Ebf1 Pdyn Gaba_1,CCN20230722_CLUS,CS20230722_SUPT_0384,CCN20230722_SUPT,4,1385,cluster,#FF0035,1,36
CS20230722_CLUS_1387,1387 CEA-BST Ebf1 Pdyn Gaba_2,CCN20230722_CLUS,CS20230722_SUPT_0385,CCN20230722_SUPT,4,1386,cluster,#4D662E,1,789
CS20230722_CLUS_1388,1388 CEA-BST Ebf1 Pdyn Gaba_2,CCN20230722_CLUS,CS20230722_SUPT_0385,CCN20230722_SUPT,4,1387,cluster,#4F663D,1,107
CS20230722_CLUS_1389,1389 CEA-BST Ebf1 Pdyn Gaba_2,CCN20230722_CLUS,CS20230722_SUPT_0385,CCN20230722_SUPT,4,1388,cluster,#1F5E66,1,58
CS20230722_CLUS_1390,1390 CEA-BST Ebf1 Pdyn Gaba_3,CCN20230722_CLUS,CS20230722_SUPT_0386,CCN20230722_SUPT,4,1389,cluster,#8CCC7A,1,142
CS20230722_CLUS_1391,1391 CEA-BST Ebf1 Pdyn Gaba_3,CCN20230722_CLUS,CS20230722_SUPT_0386,CCN20230722_SUPT,4,1390,cluster,#BACC7A,1,436
CS20230722_CLUS_1392,1392 CEA-BST Ebf1 Pdyn Gaba_3,CCN20230722_CLUS,CS20230722_SUPT_0386,CCN20230722_SUPT,4,1391,cluster,#660062,1,67
CS20230722_CLUS_1393,1393 CEA-BST Ebf1 Pdyn Gaba_3,CCN20230722_CLUS,CS20230722_SUPT_0386,CCN20230722_SUPT,4,1392,cluster,#994545,1,689
CS20230722_CLUS_1394,1394 CEA-BST Ebf1 Pdyn Gaba_3,CCN20230722_CLUS,CS20230722_SUPT_0386,CCN20230722_SUPT,4,1393,cluster,#73FF76,1,100
CS20230722_CLUS_1395,1395 CEA-BST Ebf1 Pdyn Gaba_4,CCN20230722_CLUS,CS20230722_SUPT_0387,CCN20230722_SUPT,4,1394,cluster,#00CC1F,1,49
CS20230722_CLUS_1396,1396 CEA-BST Ebf1 Pdyn Gaba_4,CCN20230722_CLUS,CS20230722_SUPT_0387,CCN20230722_SUPT,4,1395,cluster,#31662E,1,91
CS20230722_CLUS_1397,1397 CEA-BST Ebf1 Pdyn Gaba_4,CCN20230722_CLUS,CS20230722_SUPT_0387,CCN20230722_SUPT,4,1396,cluster,#179943,1,154
CS20230722_CLUS_1398,1398 CEA-BST Ebf1 Pdyn Gaba_5,CCN20230722_CLUS,CS20230722_SUPT_0388,CCN20230722_SUPT,4,1397,cluster,#FF99F8,1,12
CS20230722_CLUS_1399,1399 CEA-BST Ebf1 Pdyn Gaba_5,CCN20230722_CLUS,CS20230722_SUPT_0388,CCN20230722_SUPT,4,1398,cluster,#A4CC5C,1,100
CS20230722_CLUS_1400,1400 CEA-BST Ebf1 Pdyn Gaba_5,CCN20230722_CLUS,CS20230722_SUPT_0388,CCN20230722_SUPT,4,1399,cluster,#174899,1,123
CS20230722_CLUS_1401,1401 CEA-BST Ebf1 Pdyn Gaba_5,CCN20230722_CLUS,CS20230722_SUPT_0388,CCN20230722_SUPT,4,1400,cluster,#FF26BE,1,165
CS20230722_CLUS_1402,1402 CEA-BST Ebf1 Pdyn Gaba_6,CCN20230722_CLUS,CS20230722_SUPT_0389,CCN20230722_SUPT,4,1401,cluster,#7AC5CC,1,165
CS20230722_CLUS_1403,1403 CEA-BST Ebf1 Pdyn Gaba_6,CCN20230722_CLUS,CS20230722_SUPT_0389,CCN20230722_SUPT,4,1402,cluster,#752E99,1,368
CS20230722_CLUS_1404,1404 CEA-BST Ebf1 Pdyn Gaba_7,CCN20230722_CLUS,CS20230722_SUPT_0390,CCN20230722_SUPT,4,1403,cluster,#489945,1,97
CS20230722_CLUS_1405,1405 CEA-BST Ebf1 Pdyn Gaba_8,CCN20230722_CLUS,CS20230722_SUPT_0391,CCN20230722_SUPT,4,1404,cluster,#0F6649,1,65
CS20230722_CLUS_1406,1406 CEA-BST Ebf1 Pdyn Gaba_8,CCN20230722_CLUS,CS20230722_SUPT_0391,CCN20230722_SUPT,4,1405,cluster,#552E66,1,54
CS20230722_CLUS_1407,1407 CEA-BST Rai14 Pdyn Crh Gaba_1,CCN20230722_CLUS,CS20230722_SUPT_0392,CCN20230722_SUPT,4,1406,cluster,#9F99FF,1,61
CS20230722_CLUS_1408,1408 CEA-BST Rai14 Pdyn Crh Gaba_1,CCN20230722_CLUS,CS20230722_SUPT_0392,CCN20230722_SUPT,4,1407,cluster,#99872E,1,206
CS20230722_CLUS_1409,1409 CEA-BST Rai14 Pdyn Crh Gaba_2,CCN20230722_CLUS,CS20230722_SUPT_0393,CCN20230722_SUPT,4,1408,cluster,#17998C,1,191
CS20230722_CLUS_1410,1410 CEA-BST Rai14 Pdyn Crh Gaba_2,CCN20230722_CLUS,CS20230722_SUPT_0393,CCN20230722_SUPT,4,1409,cluster,#5C81CC,1,87
CS20230722_CLUS_1411,1411 BST-SI-AAA Six3 Slc22a3 Gaba_1,CCN20230722_CLUS,CS20230722_SUPT_0394,CCN20230722_SUPT,4,1410,cluster,#D6FF4D,1,83
CS20230722_CLUS_1412,1412 BST-SI-AAA Six3 Slc22a3 Gaba_1,CCN20230722_CLUS,CS20230722_SUPT_0394,CCN20230722_SUPT,4,1411,cluster,#774599,1,401
CS20230722_CLUS_1413,1413 BST-SI-AAA Six3 Slc22a3 Gaba_1,CCN20230722_CLUS,CS20230722_SUPT_0394,CCN20230722_SUPT,4,1412,cluster,#660F37,1,122
CS20230722_CLUS_1414,1414 BST-SI-AAA Six3 Slc22a3 Gaba_2,CCN20230722_CLUS,CS20230722_SUPT_0395,CCN20230722_SUPT,4,1413,cluster,#3D83CC,1,96
CS20230722_CLUS_1415,1415 BST-SI-AAA Six3 Slc22a3 Gaba_2,CCN20230722_CLUS,CS20230722_SUPT_0395,CCN20230722_SUPT,4,1414,cluster,#2E4099,1,104
CS20230722_CLUS_1416,1416 BST-SI-AAA Six3 Slc22a3 Gaba_2,CCN20230722_CLUS,CS20230722_SUPT_0395,CCN20230722_SUPT,4,1415,cluster,#2E6660,1,147
CS20230722_CLUS_1417,1417 BST-SI-AAA Six3 Slc22a3 Gaba_2,CCN20230722_CLUS,CS20230722_SUPT_0395,CCN20230722_SUPT,4,1416,cluster,#4B662E,1,124
CS20230722_CLUS_1418,1418 SI-MPO-LPO Lhx8 Gaba_1,CCN20230722_CLUS,CS20230722_SUPT_0396,CCN20230722_SUPT,4,1417,cluster,#5C8BCC,1,105
CS20230722_CLUS_1419,1419 SI-MPO-LPO Lhx8 Gaba_1,CCN20230722_CLUS,CS20230722_SUPT_0396,CCN20230722_SUPT,4,1418,cluster,#00FFC6,1,22
CS20230722_CLUS_1420,1420 SI-MPO-LPO Lhx8 Gaba_1,CCN20230722_CLUS,CS20230722_SUPT_0396,CCN20230722_SUPT,4,1419,cluster,#FFE44D,1,85
CS20230722_CLUS_1421,1421 SI-MPO-LPO Lhx8 Gaba_1,CCN20230722_CLUS,CS20230722_SUPT_0396,CCN20230722_SUPT,4,1420,cluster,#7F9945,1,79
CS20230722_CLUS_1422,1422 SI-MPO-LPO Lhx8 Gaba_1,CCN20230722_CLUS,CS20230722_SUPT_0396,CCN20230722_SUPT,4,1421,cluster,#00991F,1,109
CS20230722_CLUS_1423,1423 SI-MPO-LPO Lhx8 Gaba_1,CCN20230722_CLUS,CS20230722_SUPT_0396,CCN20230722_SUPT,4,1422,cluster,#AB5CCC,1,83
CS20230722_CLUS_1424,1424 SI-MPO-LPO Lhx8 Gaba_1,CCN20230722_CLUS,CS20230722_SUPT_0396,CCN20230722_SUPT,4,1423,cluster,#1A9917,1,190
CS20230722_CLUS_1425,1425 SI-MPO-LPO Lhx8 Gaba_1,CCN20230722_CLUS,CS20230722_SUPT_0396,CCN20230722_SUPT,4,1424,cluster,#0A0066,1,96
CS20230722_CLUS_1426,1426 SI-MPO-LPO Lhx8 Gaba_1,CCN20230722_CLUS,CS20230722_SUPT_0396,CCN20230722_SUPT,4,1425,cluster,#47663D,1,102
CS20230722_CLUS_1427,1427 SI-MPO-LPO Lhx8 Gaba_1,CCN20230722_CLUS,CS20230722_SUPT_0396,CCN20230722_SUPT,4,1426,cluster,#1F6630,1,132
CS20230722_CLUS_1428,1428 SI-MPO-LPO Lhx8 Gaba_1,CCN20230722_CLUS,CS20230722_SUPT_0396,CCN20230722_SUPT,4,1427,cluster,#5ACC1F,1,45
CS20230722_CLUS_1429,1429 SI-MPO-LPO Lhx8 Gaba_2,CCN20230722_CLUS,CS20230722_SUPT_0397,CCN20230722_SUPT,4,1428,cluster,#996A5C,1,151
CS20230722_CLUS_1430,1430 SI-MPO-LPO Lhx8 Gaba_2,CCN20230722_CLUS,CS20230722_SUPT_0397,CCN20230722_SUPT,4,1429,cluster,#3D59CC,1,69
CS20230722_CLUS_1431,1431 SI-MPO-LPO Lhx8 Gaba_2,CCN20230722_CLUS,CS20230722_SUPT_0397,CCN20230722_SUPT,4,1430,cluster,#3D5D66,1,128
CS20230722_CLUS_1432,1432 SI-MPO-LPO Lhx8 Gaba_2,CCN20230722_CLUS,CS20230722_SUPT_0397,CCN20230722_SUPT,4,1431,cluster,#66520F,1,175
CS20230722_CLUS_1433,1433 SI-MPO-LPO Lhx8 Gaba_2,CCN20230722_CLUS,CS20230722_SUPT_0397,CCN20230722_SUPT,4,1432,cluster,#640F66,1,183
CS20230722_CLUS_1434,1434 SI-MPO-LPO Lhx8 Gaba_2,CCN20230722_CLUS,CS20230722_SUPT_0397,CCN20230722_SUPT,4,1433,cluster,#26FF38,1,95
CS20230722_CLUS_1435,1435 SI-MPO-LPO Lhx8 Gaba_2,CCN20230722_CLUS,CS20230722_SUPT_0397,CCN20230722_SUPT,4,1434,cluster,#4A1F66,1,43
CS20230722_CLUS_1436,1436 SI-MPO-LPO Lhx8 Gaba_2,CCN20230722_CLUS,CS20230722_SUPT_0397,CCN20230722_SUPT,4,1435,cluster,#665B3D,1,54
CS20230722_CLUS_1437,1437 SI-MPO-LPO Lhx8 Gaba_2,CCN20230722_CLUS,CS20230722_SUPT_0397,CCN20230722_SUPT,4,1436,cluster,#660700,1,71
CS20230722_CLUS_1438,1438 SI-MPO-LPO Lhx8 Gaba_2,CCN20230722_CLUS,CS20230722_SUPT_0397,CCN20230722_SUPT,4,1437,cluster,#C3CC00,1,140
CS20230722_CLUS_1439,1439 SI-MPO-LPO Lhx8 Gaba_3,CCN20230722_CLUS,CS20230722_SUPT_0398,CCN20230722_SUPT,4,1438,cluster,#512E66,1,132
CS20230722_CLUS_1440,1440 SI-MPO-LPO Lhx8 Gaba_3,CCN20230722_CLUS,CS20230722_SUPT_0398,CCN20230722_SUPT,4,1439,cluster,#CCA21F,1,227
CS20230722_CLUS_1441,1441 SI-MPO-LPO Lhx8 Gaba_3,CCN20230722_CLUS,CS20230722_SUPT_0398,CCN20230722_SUPT,4,1440,cluster,#2E6631,1,30
CS20230722_CLUS_1442,1442 SI-MPO-LPO Lhx8 Gaba_3,CCN20230722_CLUS,CS20230722_SUPT_0398,CCN20230722_SUPT,4,1441,cluster,#FF7394,1,75
CS20230722_CLUS_1443,1443 SI-MPO-LPO Lhx8 Gaba_3,CCN20230722_CLUS,CS20230722_SUPT_0398,CCN20230722_SUPT,4,1442,cluster,#662E62,1,48
CS20230722_CLUS_1444,1444 SI-MPO-LPO Lhx8 Gaba_3,CCN20230722_CLUS,CS20230722_SUPT_0398,CCN20230722_SUPT,4,1443,cluster,#664E0F,1,58
CS20230722_CLUS_1445,1445 SI-MPO-LPO Lhx8 Gaba_3,CCN20230722_CLUS,CS20230722_SUPT_0398,CCN20230722_SUPT,4,1444,cluster,#660F60,1,116
CS20230722_CLUS_1446,1446 SI-MPO-LPO Lhx8 Gaba_4,CCN20230722_CLUS,CS20230722_SUPT_0399,CCN20230722_SUPT,4,1445,cluster,#CC5CB5,1,70
CS20230722_CLUS_1447,1447 SI-MPO-LPO Lhx8 Gaba_4,CCN20230722_CLUS,CS20230722_SUPT_0399,CCN20230722_SUPT,4,1446,cluster,#5C3D66,1,89
CS20230722_CLUS_1448,1448 SI-MPO-LPO Lhx8 Gaba_4,CCN20230722_CLUS,CS20230722_SUPT_0399,CCN20230722_SUPT,4,1447,cluster,#992E81,1,170
CS20230722_CLUS_1449,1449 SI-MPO-LPO Lhx8 Gaba_4,CCN20230722_CLUS,CS20230722_SUPT_0399,CCN20230722_SUPT,4,1448,cluster,#BEFF4D,1,140
CS20230722_CLUS_1450,1450 SI-MPO-LPO Lhx8 Gaba_4,CCN20230722_CLUS,CS20230722_SUPT_0399,CCN20230722_SUPT,4,1449,cluster,#556600,1,38
CS20230722_CLUS_1451,1451 SI-MPO-LPO Lhx8 Gaba_5,CCN20230722_CLUS,CS20230722_SUPT_0400,CCN20230722_SUPT,4,1450,cluster,#1600CC,1,21
CS20230722_CLUS_1452,1452 SI-MPO-LPO Lhx8 Gaba_5,CCN20230722_CLUS,CS20230722_SUPT_0400,CCN20230722_SUPT,4,1451,cluster,#9CCC1F,1,65
CS20230722_CLUS_1453,1453 SI-MPO-LPO Lhx8 Gaba_5,CCN20230722_CLUS,CS20230722_SUPT_0400,CCN20230722_SUPT,4,1452,cluster,#1F4DCC,1,43
CS20230722_CLUS_1454,1454 SI-MPO-LPO Lhx8 Gaba_5,CCN20230722_CLUS,CS20230722_SUPT_0400,CCN20230722_SUPT,4,1453,cluster,#996917,1,31
CS20230722_CLUS_1455,1455 SI-MPO-LPO Lhx8 Gaba_5,CCN20230722_CLUS,CS20230722_SUPT_0400,CCN20230722_SUPT,4,1454,cluster,#990074,1,35
CS20230722_CLUS_1456,1456 SI-MPO-LPO Lhx8 Gaba_6,CCN20230722_CLUS,CS20230722_SUPT_0401,CCN20230722_SUPT,4,1455,cluster,#FA99FF,1,48
CS20230722_CLUS_1457,1457 MPO-ADP Lhx8 Gaba_1,CCN20230722_CLUS,CS20230722_SUPT_0402,CCN20230722_SUPT,4,1456,cluster,#45996F,1,276
CS20230722_CLUS_1458,1458 MPO-ADP Lhx8 Gaba_1,CCN20230722_CLUS,CS20230722_SUPT_0402,CCN20230722_SUPT,4,1457,cluster,#922E99,1,110
CS20230722_CLUS_1459,1459 MPO-ADP Lhx8 Gaba_1,CCN20230722_CLUS,CS20230722_SUPT_0402,CCN20230722_SUPT,4,1458,cluster,#662000,1,36
CS20230722_CLUS_1460,1460 MPO-ADP Lhx8 Gaba_2,CCN20230722_CLUS,CS20230722_SUPT_0403,CCN20230722_SUPT,4,1459,cluster,#992E8D,1,91
CS20230722_CLUS_1461,1461 MPO-ADP Lhx8 Gaba_2,CCN20230722_CLUS,CS20230722_SUPT_0403,CCN20230722_SUPT,4,1460,cluster,#459971,1,70
CS20230722_CLUS_1462,1462 MPO-ADP Lhx8 Gaba_2,CCN20230722_CLUS,CS20230722_SUPT_0403,CCN20230722_SUPT,4,1461,cluster,#00CC03,1,119
CS20230722_CLUS_1463,1463 MPO-ADP Lhx8 Gaba_2,CCN20230722_CLUS,CS20230722_SUPT_0403,CCN20230722_SUPT,4,1462,cluster,#3DCCC4,1,61
CS20230722_CLUS_1464,1464 MPO-ADP Lhx8 Gaba_2,CCN20230722_CLUS,CS20230722_SUPT_0403,CCN20230722_SUPT,4,1463,cluster,#FF4D90,1,115
CS20230722_CLUS_1465,1465 MPO-ADP Lhx8 Gaba_2,CCN20230722_CLUS,CS20230722_SUPT_0403,CCN20230722_SUPT,4,1464,cluster,#73FFCE,1,171
CS20230722_CLUS_1466,1466 MPO-ADP Lhx8 Gaba_3,CCN20230722_CLUS,CS20230722_SUPT_0404,CCN20230722_SUPT,4,1465,cluster,#1F2D66,1,157
CS20230722_CLUS_1467,1467 MPO-ADP Lhx8 Gaba_3,CCN20230722_CLUS,CS20230722_SUPT_0404,CCN20230722_SUPT,4,1466,cluster,#201F66,1,32
CS20230722_CLUS_1468,1468 MPO-ADP Lhx8 Gaba_3,CCN20230722_CLUS,CS20230722_SUPT_0404,CCN20230722_SUPT,4,1467,cluster,#2E9499,1,95
CS20230722_CLUS_1469,1469 MPO-ADP Lhx8 Gaba_3,CCN20230722_CLUS,CS20230722_SUPT_0404,CCN20230722_SUPT,4,1468,cluster,#652E66,1,30
CS20230722_CLUS_1470,1470 MPO-ADP Lhx8 Gaba_3,CCN20230722_CLUS,CS20230722_SUPT_0404,CCN20230722_SUPT,4,1469,cluster,#00FFEE,1,126
CS20230722_CLUS_1471,1471 MPO-ADP Lhx8 Gaba_3,CCN20230722_CLUS,CS20230722_SUPT_0404,CCN20230722_SUPT,4,1470,cluster,#6F0099,1,28
CS20230722_CLUS_1472,1472 MPO-ADP Lhx8 Gaba_4,CCN20230722_CLUS,CS20230722_SUPT_0405,CCN20230722_SUPT,4,1471,cluster,#7ACC83,1,62
CS20230722_CLUS_1473,1473 MPO-ADP Lhx8 Gaba_4,CCN20230722_CLUS,CS20230722_SUPT_0405,CCN20230722_SUPT,4,1472,cluster,#50661F,1,308
CS20230722_CLUS_1474,1474 MPO-ADP Lhx8 Gaba_4,CCN20230722_CLUS,CS20230722_SUPT_0405,CCN20230722_SUPT,4,1473,cluster,#2E9972,1,36
CS20230722_CLUS_1475,1475 MPO-ADP Lhx8 Gaba_4,CCN20230722_CLUS,CS20230722_SUPT_0405,CCN20230722_SUPT,4,1474,cluster,#3D5A66,1,100
CS20230722_CLUS_1476,1476 MPO-ADP Lhx8 Gaba_4,CCN20230722_CLUS,CS20230722_SUPT_0405,CCN20230722_SUPT,4,1475,cluster,#660F45,1,67
CS20230722_CLUS_1477,1477 MPO-ADP Lhx8 Gaba_4,CCN20230722_CLUS,CS20230722_SUPT_0405,CCN20230722_SUPT,4,1476,cluster,#009997,1,69
CS20230722_CLUS_1478,1478 MPO-ADP Lhx8 Gaba_4,CCN20230722_CLUS,CS20230722_SUPT_0405,CCN20230722_SUPT,4,1477,cluster,#660900,1,53
CS20230722_CLUS_1479,1479 MPO-ADP Lhx8 Gaba_4,CCN20230722_CLUS,CS20230722_SUPT_0405,CCN20230722_SUPT,4,1478,cluster,#000D99,1,102
CS20230722_CLUS_1480,1480 MPO-ADP Lhx8 Gaba_5,CCN20230722_CLUS,CS20230722_SUPT_0406,CCN20230722_SUPT,4,1479,cluster,#22CC00,1,20
CS20230722_CLUS_1481,1481 MPO-ADP Lhx8 Gaba_5,CCN20230722_CLUS,CS20230722_SUPT_0406,CCN20230722_SUPT,4,1480,cluster,#2E5A66,1,21
CS20230722_CLUS_1482,1482 MPO-ADP Lhx8 Gaba_5,CCN20230722_CLUS,CS20230722_SUPT_0406,CCN20230722_SUPT,4,1481,cluster,#5CCCB0,1,143
CS20230722_CLUS_1483,1483 MPN-MPO-LPO Lhx6 Zfhx3 Gaba_1,CCN20230722_CLUS,CS20230722_SUPT_0407,CCN20230722_SUPT,4,1482,cluster,#CC0020,1,298
CS20230722_CLUS_1484,1484 MPN-MPO-LPO Lhx6 Zfhx3 Gaba_1,CCN20230722_CLUS,CS20230722_SUPT_0407,CCN20230722_SUPT,4,1483,cluster,#2E993B,1,87
CS20230722_CLUS_1485,1485 MPN-MPO-LPO Lhx6 Zfhx3 Gaba_1,CCN20230722_CLUS,CS20230722_SUPT_0407,CCN20230722_SUPT,4,1484,cluster,#599945,1,440
CS20230722_CLUS_1486,1486 MPN-MPO-LPO Lhx6 Zfhx3 Gaba_1,CCN20230722_CLUS,CS20230722_SUPT_0407,CCN20230722_SUPT,4,1485,cluster,#663E0F,1,68
CS20230722_CLUS_1487,1487 MPN-MPO-LPO Lhx6 Zfhx3 Gaba_1,CCN20230722_CLUS,CS20230722_SUPT_0407,CCN20230722_SUPT,4,1486,cluster,#849945,1,68
CS20230722_CLUS_1488,1488 MPN-MPO-LPO Lhx6 Zfhx3 Gaba_1,CCN20230722_CLUS,CS20230722_SUPT_0407,CCN20230722_SUPT,4,1487,cluster,#3D3D66,1,106
CS20230722_CLUS_1489,1489 MPN-MPO-LPO Lhx6 Zfhx3 Gaba_2,CCN20230722_CLUS,CS20230722_SUPT_0408,CCN20230722_SUPT,4,1488,cluster,#34992E,1,204
CS20230722_CLUS_1490,1490 MPN-MPO-LPO Lhx6 Zfhx3 Gaba_2,CCN20230722_CLUS,CS20230722_SUPT_0408,CCN20230722_SUPT,4,1489,cluster,#2E6641,1,87
CS20230722_CLUS_1491,1491 MPN-MPO-LPO Lhx6 Zfhx3 Gaba_2,CCN20230722_CLUS,CS20230722_SUPT_0408,CCN20230722_SUPT,4,1490,cluster,#994576,1,52
CS20230722_CLUS_1492,1492 MPN-MPO-LPO Lhx6 Zfhx3 Gaba_2,CCN20230722_CLUS,CS20230722_SUPT_0408,CCN20230722_SUPT,4,1491,cluster,#3D8DCC,1,97
CS20230722_CLUS_1493,1493 BST Tac2 Gaba_1,CCN20230722_CLUS,CS20230722_SUPT_0409,CCN20230722_SUPT,4,1492,cluster,#661F45,1,135
CS20230722_CLUS_1494,1494 BST Tac2 Gaba_1,CCN20230722_CLUS,CS20230722_SUPT_0409,CCN20230722_SUPT,4,1493,cluster,#00FF53,1,106
CS20230722_CLUS_1495,1495 BST Tac2 Gaba_1,CCN20230722_CLUS,CS20230722_SUPT_0409,CCN20230722_SUPT,4,1494,cluster,#3D665A,1,348
CS20230722_CLUS_1496,1496 BST Tac2 Gaba_1,CCN20230722_CLUS,CS20230722_SUPT_0409,CCN20230722_SUPT,4,1495,cluster,#FFFC4D,1,93
CS20230722_CLUS_1497,1497 BST Tac2 Gaba_1,CCN20230722_CLUS,CS20230722_SUPT_0409,CCN20230722_SUPT,4,1496,cluster,#6FCC5C,1,100
CS20230722_CLUS_1498,1498 BST Tac2 Gaba_1,CCN20230722_CLUS,CS20230722_SUPT_0409,CCN20230722_SUPT,4,1497,cluster,#D699FF,1,86
CS20230722_CLUS_1499,1499 BST Tac2 Gaba_2,CCN20230722_CLUS,CS20230722_SUPT_0410,CCN20230722_SUPT,4,1498,cluster,#005666,1,62
CS20230722_CLUS_1500,1500 BST Tac2 Gaba_2,CCN20230722_CLUS,CS20230722_SUPT_0410,CCN20230722_SUPT,4,1499,cluster,#C37ACC,1,266
CS20230722_CLUS_1501,1501 BST Tac2 Gaba_2,CCN20230722_CLUS,CS20230722_SUPT_0410,CCN20230722_SUPT,4,1500,cluster,#4A992E,1,78
CS20230722_CLUS_1502,1502 BST Tac2 Gaba_2,CCN20230722_CLUS,CS20230722_SUPT_0410,CCN20230722_SUPT,4,1501,cluster,#FF2900,1,77
CS20230722_CLUS_1503,1503 PVR Six3 Sox3 Gaba_1,CCN20230722_CLUS,CS20230722_SUPT_0411,CCN20230722_SUPT,4,1502,cluster,#FF99E8,1,97
CS20230722_CLUS_1504,1504 PVR Six3 Sox3 Gaba_1,CCN20230722_CLUS,CS20230722_SUPT_0411,CCN20230722_SUPT,4,1503,cluster,#FFB626,1,177
CS20230722_CLUS_1505,1505 PVR Six3 Sox3 Gaba_1,CCN20230722_CLUS,CS20230722_SUPT_0411,CCN20230722_SUPT,4,1504,cluster,#BC00CC,1,153
CS20230722_CLUS_1506,1506 PVR Six3 Sox3 Gaba_1,CCN20230722_CLUS,CS20230722_SUPT_0411,CCN20230722_SUPT,4,1505,cluster,#A87ACC,1,50
CS20230722_CLUS_1507,1507 PVR Six3 Sox3 Gaba_1,CCN20230722_CLUS,CS20230722_SUPT_0411,CCN20230722_SUPT,4,1506,cluster,#26DCFF,1,263
CS20230722_CLUS_1508,1508 PVR Six3 Sox3 Gaba_2,CCN20230722_CLUS,CS20230722_SUPT_0412,CCN20230722_SUPT,4,1507,cluster,#26CC00,1,351
CS20230722_CLUS_1509,1509 PVR Six3 Sox3 Gaba_2,CCN20230722_CLUS,CS20230722_SUPT_0412,CCN20230722_SUPT,4,1508,cluster,#C3CC1F,1,250
CS20230722_CLUS_1510,1510 PVR Six3 Sox3 Gaba_2,CCN20230722_CLUS,CS20230722_SUPT_0412,CCN20230722_SUPT,4,1509,cluster,#5CCCC7,1,182
CS20230722_CLUS_1511,1511 PVR Six3 Sox3 Gaba_3,CCN20230722_CLUS,CS20230722_SUPT_0413,CCN20230722_SUPT,4,1510,cluster,#CC1FC9,1,105
CS20230722_CLUS_1512,1512 PVR Six3 Sox3 Gaba_3,CCN20230722_CLUS,CS20230722_SUPT_0413,CCN20230722_SUPT,4,1511,cluster,#993600,1,66
CS20230722_CLUS_1513,1513 PVR Six3 Sox3 Gaba_3,CCN20230722_CLUS,CS20230722_SUPT_0413,CCN20230722_SUPT,4,1512,cluster,#CC6E5C,1,202
CS20230722_CLUS_1514,1514 PVR Six3 Sox3 Gaba_3,CCN20230722_CLUS,CS20230722_SUPT_0413,CCN20230722_SUPT,4,1513,cluster,#88995C,1,70
CS20230722_CLUS_1515,1515 PVR Six3 Sox3 Gaba_4,CCN20230722_CLUS,CS20230722_SUPT_0414,CCN20230722_SUPT,4,1514,cluster,#0075FF,1,22
CS20230722_CLUS_1516,1516 PVR Six3 Sox3 Gaba_4,CCN20230722_CLUS,CS20230722_SUPT_0414,CCN20230722_SUPT,4,1515,cluster,#1F9BCC,1,143
CS20230722_CLUS_1517,1517 PVR Six3 Sox3 Gaba_4,CCN20230722_CLUS,CS20230722_SUPT_0414,CCN20230722_SUPT,4,1516,cluster,#461FCC,1,39
CS20230722_CLUS_1518,1518 PVR Six3 Sox3 Gaba_4,CCN20230722_CLUS,CS20230722_SUPT_0414,CCN20230722_SUPT,4,1517,cluster,#5B0F66,1,102
CS20230722_CLUS_1519,1519 PVR Six3 Sox3 Gaba_4,CCN20230722_CLUS,CS20230722_SUPT_0414,CCN20230722_SUPT,4,1518,cluster,#3DCC74,1,82
CS20230722_CLUS_1520,1520 PVR Six3 Sox3 Gaba_5,CCN20230722_CLUS,CS20230722_SUPT_0415,CCN20230722_SUPT,4,1519,cluster,#99FF9C,1,129
CS20230722_CLUS_1521,1521 PVR Six3 Sox3 Gaba_5,CCN20230722_CLUS,CS20230722_SUPT_0415,CCN20230722_SUPT,4,1520,cluster,#45998C,1,113
CS20230722_CLUS_1522,1522 PVR Six3 Sox3 Gaba_5,CCN20230722_CLUS,CS20230722_SUPT_0415,CCN20230722_SUPT,4,1521,cluster,#7A9CCC,1,119
CS20230722_CLUS_1523,1523 PVR Six3 Sox3 Gaba_6,CCN20230722_CLUS,CS20230722_SUPT_0416,CCN20230722_SUPT,4,1522,cluster,#14660F,1,89
CS20230722_CLUS_1524,1524 PVR Six3 Sox3 Gaba_7,CCN20230722_CLUS,CS20230722_SUPT_0417,CCN20230722_SUPT,4,1523,cluster,#2E9975,1,41
CS20230722_CLUS_1525,1525 PVR Six3 Sox3 Gaba_7,CCN20230722_CLUS,CS20230722_SUPT_0417,CCN20230722_SUPT,4,1524,cluster,#5ECC1F,1,97
CS20230722_CLUS_1526,1526 PVR Six3 Sox3 Gaba_7,CCN20230722_CLUS,CS20230722_SUPT_0417,CCN20230722_SUPT,4,1525,cluster,#663D5D,1,106
CS20230722_CLUS_1527,1527 PVR Six3 Sox3 Gaba_8,CCN20230722_CLUS,CS20230722_SUPT_0418,CCN20230722_SUPT,4,1526,cluster,#FF99DD,1,59
CS20230722_CLUS_1528,1528 PVR Six3 Sox3 Gaba_8,CCN20230722_CLUS,CS20230722_SUPT_0418,CCN20230722_SUPT,4,1527,cluster,#0F664B,1,167
CS20230722_CLUS_1529,1529 PVR Six3 Sox3 Gaba_8,CCN20230722_CLUS,CS20230722_SUPT_0418,CCN20230722_SUPT,4,1528,cluster,#2E4C66,1,78
CS20230722_CLUS_1530,1530 PVR Six3 Sox3 Gaba_8,CCN20230722_CLUS,CS20230722_SUPT_0418,CCN20230722_SUPT,4,1529,cluster,#996017,1,35
CS20230722_CLUS_1531,1531 PVR Six3 Sox3 Gaba_9,CCN20230722_CLUS,CS20230722_SUPT_0419,CCN20230722_SUPT,4,1530,cluster,#581799,1,97
CS20230722_CLUS_1532,1532 PVR Six3 Sox3 Gaba_9,CCN20230722_CLUS,CS20230722_SUPT_0419,CCN20230722_SUPT,4,1531,cluster,#834599,1,48
CS20230722_CLUS_1533,1533 PVR Six3 Sox3 Gaba_9,CCN20230722_CLUS,CS20230722_SUPT_0419,CCN20230722_SUPT,4,1532,cluster,#74CC3D,1,64
CS20230722_CLUS_1534,1534 PVR Six3 Sox3 Gaba_9,CCN20230722_CLUS,CS20230722_SUPT_0419,CCN20230722_SUPT,4,1533,cluster,#DAFF4D,1,101
CS20230722_CLUS_1535,1535 PVR Six3 Sox3 Gaba_9,CCN20230722_CLUS,CS20230722_SUPT_0419,CCN20230722_SUPT,4,1534,cluster,#FFFC99,1,73
CS20230722_CLUS_1536,1536 PVR Six3 Sox3 Gaba_9,CCN20230722_CLUS,CS20230722_SUPT_0419,CCN20230722_SUPT,4,1535,cluster,#FF9600,1,145
CS20230722_CLUS_1537,1537 PVR Six3 Sox3 Gaba_9,CCN20230722_CLUS,CS20230722_SUPT_0419,CCN20230722_SUPT,4,1536,cluster,#5F3D66,1,92
CS20230722_CLUS_1538,1538 BST-MPN Six3 Nrgn Gaba_1,CCN20230722_CLUS,CS20230722_SUPT_0420,CCN20230722_SUPT,4,1537,cluster,#5E3DCC,1,229
CS20230722_CLUS_1539,1539 BST-MPN Six3 Nrgn Gaba_1,CCN20230722_CLUS,CS20230722_SUPT_0420,CCN20230722_SUPT,4,1538,cluster,#56992E,1,297
CS20230722_CLUS_1540,1540 BST-MPN Six3 Nrgn Gaba_2,CCN20230722_CLUS,CS20230722_SUPT_0421,CCN20230722_SUPT,4,1539,cluster,#7A81CC,1,293
CS20230722_CLUS_1541,1541 BST-MPN Six3 Nrgn Gaba_3,CCN20230722_CLUS,CS20230722_SUPT_0422,CCN20230722_SUPT,4,1540,cluster,#A000CC,1,312
CS20230722_CLUS_1542,1542 BST-MPN Six3 Nrgn Gaba_3,CCN20230722_CLUS,CS20230722_SUPT_0422,CCN20230722_SUPT,4,1541,cluster,#B71FCC,1,109
CS20230722_CLUS_1543,1543 BST-MPN Six3 Nrgn Gaba_3,CCN20230722_CLUS,CS20230722_SUPT_0422,CCN20230722_SUPT,4,1542,cluster,#7E1799,1,682
CS20230722_CLUS_1544,1544 BST-MPN Six3 Nrgn Gaba_3,CCN20230722_CLUS,CS20230722_SUPT_0422,CCN20230722_SUPT,4,1543,cluster,#8A9945,1,510
CS20230722_CLUS_1545,1545 BST-MPN Six3 Nrgn Gaba_3,CCN20230722_CLUS,CS20230722_SUPT_0422,CCN20230722_SUPT,4,1544,cluster,#005D99,1,156
CS20230722_CLUS_1546,1546 BST-MPN Six3 Nrgn Gaba_3,CCN20230722_CLUS,CS20230722_SUPT_0422,CCN20230722_SUPT,4,1545,cluster,#26FFD9,1,67
CS20230722_CLUS_1547,1547 BST-MPN Six3 Nrgn Gaba_4,CCN20230722_CLUS,CS20230722_SUPT_0423,CCN20230722_SUPT,4,1546,cluster,#CC5C62,1,79
CS20230722_CLUS_1548,1548 BST-MPN Six3 Nrgn Gaba_4,CCN20230722_CLUS,CS20230722_SUPT_0423,CCN20230722_SUPT,4,1547,cluster,#5C7A99,1,703
CS20230722_CLUS_1549,1549 BST-MPN Six3 Nrgn Gaba_4,CCN20230722_CLUS,CS20230722_SUPT_0423,CCN20230722_SUPT,4,1548,cluster,#FF99F1,1,218
CS20230722_CLUS_1550,1550 BST-MPN Six3 Nrgn Gaba_4,CCN20230722_CLUS,CS20230722_SUPT_0423,CCN20230722_SUPT,4,1549,cluster,#633D66,1,215
CS20230722_CLUS_1551,1551 BST-MPN Six3 Nrgn Gaba_5,CCN20230722_CLUS,CS20230722_SUPT_0424,CCN20230722_SUPT,4,1550,cluster,#A2CC5C,1,129
CS20230722_CLUS_1552,1552 BST-MPN Six3 Nrgn Gaba_5,CCN20230722_CLUS,CS20230722_SUPT_0424,CCN20230722_SUPT,4,1551,cluster,#662700,1,227
CS20230722_CLUS_1553,1553 BST-MPN Six3 Nrgn Gaba_5,CCN20230722_CLUS,CS20230722_SUPT_0424,CCN20230722_SUPT,4,1552,cluster,#2627FF,1,56
CS20230722_CLUS_1554,1554 BST-MPN Six3 Nrgn Gaba_5,CCN20230722_CLUS,CS20230722_SUPT_0424,CCN20230722_SUPT,4,1553,cluster,#B9CC5C,1,237
CS20230722_CLUS_1555,1555 BST-MPN Six3 Nrgn Gaba_5,CCN20230722_CLUS,CS20230722_SUPT_0424,CCN20230722_SUPT,4,1554,cluster,#CC671F,1,174
CS20230722_CLUS_1556,1556 BST-MPN Six3 Nrgn Gaba_5,CCN20230722_CLUS,CS20230722_SUPT_0424,CCN20230722_SUPT,4,1555,cluster,#73F4FF,1,281
CS20230722_CLUS_1557,1557 BST-MPN Six3 Nrgn Gaba_5,CCN20230722_CLUS,CS20230722_SUPT_0424,CCN20230722_SUPT,4,1556,cluster,#CCBD3D,1,62
CS20230722_CLUS_1558,1558 BST-MPN Six3 Nrgn Gaba_6,CCN20230722_CLUS,CS20230722_SUPT_0425,CCN20230722_SUPT,4,1557,cluster,#66552E,1,114
CS20230722_CLUS_1559,1559 BST-MPN Six3 Nrgn Gaba_6,CCN20230722_CLUS,CS20230722_SUPT_0425,CCN20230722_SUPT,4,1558,cluster,#178599,1,33
CS20230722_CLUS_1560,1560 BST-MPN Six3 Nrgn Gaba_6,CCN20230722_CLUS,CS20230722_SUPT_0425,CCN20230722_SUPT,4,1559,cluster,#00E2FF,1,145
CS20230722_CLUS_1561,1561 BST-MPN Six3 Nrgn Gaba_6,CCN20230722_CLUS,CS20230722_SUPT_0425,CCN20230722_SUPT,4,1560,cluster,#C0FF99,1,282
CS20230722_CLUS_1562,1562 BST-MPN Six3 Nrgn Gaba_6,CCN20230722_CLUS,CS20230722_SUPT_0425,CCN20230722_SUPT,4,1561,cluster,#7826FF,1,207
CS20230722_CLUS_1563,1563 BST-MPN Six3 Nrgn Gaba_6,CCN20230722_CLUS,CS20230722_SUPT_0425,CCN20230722_SUPT,4,1562,cluster,#999217,1,157
CS20230722_CLUS_1564,1564 BST-MPN Six3 Nrgn Gaba_6,CCN20230722_CLUS,CS20230722_SUPT_0425,CCN20230722_SUPT,4,1563,cluster,#00FF86,1,124
CS20230722_CLUS_1565,1565 BST-MPN Six3 Nrgn Gaba_7,CCN20230722_CLUS,CS20230722_SUPT_0426,CCN20230722_SUPT,4,1564,cluster,#990055,1,65
CS20230722_CLUS_1566,1566 BST-MPN Six3 Nrgn Gaba_7,CCN20230722_CLUS,CS20230722_SUPT_0426,CCN20230722_SUPT,4,1565,cluster,#3926FF,1,146
CS20230722_CLUS_1567,1567 BST-MPN Six3 Nrgn Gaba_7,CCN20230722_CLUS,CS20230722_SUPT_0426,CCN20230722_SUPT,4,1566,cluster,#1FCC5D,1,76
CS20230722_CLUS_1568,1568 BST-MPN Six3 Nrgn Gaba_7,CCN20230722_CLUS,CS20230722_SUPT_0426,CCN20230722_SUPT,4,1567,cluster,#26FFC5,1,152
CS20230722_CLUS_1569,1569 ARH-PVi Six6 Dopa-Gaba_1,CCN20230722_CLUS,CS20230722_SUPT_0427,CCN20230722_SUPT,4,1568,cluster,#0900CC,1,176
CS20230722_CLUS_1570,1570 ARH-PVi Six6 Dopa-Gaba_1,CCN20230722_CLUS,CS20230722_SUPT_0427,CCN20230722_SUPT,4,1569,cluster,#0058CC,1,204
CS20230722_CLUS_1571,1571 ARH-PVi Six6 Dopa-Gaba_1,CCN20230722_CLUS,CS20230722_SUPT_0427,CCN20230722_SUPT,4,1570,cluster,#2E5F99,1,279
CS20230722_CLUS_1572,1572 ARH-PVi Six6 Dopa-Gaba_2,CCN20230722_CLUS,CS20230722_SUPT_0428,CCN20230722_SUPT,4,1571,cluster,#99695C,1,85
CS20230722_CLUS_1573,1573 TMv-PMv Tbx3 Hist-Gaba_1,CCN20230722_CLUS,CS20230722_SUPT_0429,CCN20230722_SUPT,4,1572,cluster,#66620F,1,37
CS20230722_CLUS_1574,1574 TMv-PMv Tbx3 Hist-Gaba_1,CCN20230722_CLUS,CS20230722_SUPT_0429,CCN20230722_SUPT,4,1573,cluster,#C5CC7A,1,91
CS20230722_CLUS_1575,1575 TMv-PMv Tbx3 Hist-Gaba_1,CCN20230722_CLUS,CS20230722_SUPT_0429,CCN20230722_SUPT,4,1574,cluster,#FFBF4D,1,113
CS20230722_CLUS_1576,1576 TMv-PMv Tbx3 Hist-Gaba_1,CCN20230722_CLUS,CS20230722_SUPT_0429,CCN20230722_SUPT,4,1575,cluster,#661F4C,1,221
CS20230722_CLUS_1577,1577 TMv-PMv Tbx3 Hist-Gaba_1,CCN20230722_CLUS,CS20230722_SUPT_0429,CCN20230722_SUPT,4,1576,cluster,#2658FF,1,72
CS20230722_CLUS_1578,1578 TMv-PMv Tbx3 Hist-Gaba_2,CCN20230722_CLUS,CS20230722_SUPT_0430,CCN20230722_SUPT,4,1577,cluster,#CC943D,1,205
CS20230722_CLUS_1579,1579 TMv-PMv Tbx3 Hist-Gaba_2,CCN20230722_CLUS,CS20230722_SUPT_0430,CCN20230722_SUPT,4,1578,cluster,#61661F,1,116
CS20230722_CLUS_1580,1580 RT-ZI Gnb3 Gaba_1,CCN20230722_CLUS,CS20230722_SUPT_0431,CCN20230722_SUPT,4,1579,cluster,#CC807A,1,297
CS20230722_CLUS_1581,1581 RT-ZI Gnb3 Gaba_1,CCN20230722_CLUS,CS20230722_SUPT_0431,CCN20230722_SUPT,4,1580,cluster,#FFBB73,1,219
CS20230722_CLUS_1582,1582 RT-ZI Gnb3 Gaba_1,CCN20230722_CLUS,CS20230722_SUPT_0431,CCN20230722_SUPT,4,1581,cluster,#66483D,1,535
CS20230722_CLUS_1583,1583 RT-ZI Gnb3 Gaba_1,CCN20230722_CLUS,CS20230722_SUPT_0431,CCN20230722_SUPT,4,1582,cluster,#81CC3D,1,194
CS20230722_CLUS_1584,1584 RT-ZI Gnb3 Gaba_1,CCN20230722_CLUS,CS20230722_SUPT_0431,CCN20230722_SUPT,4,1583,cluster,#8FFF26,1,150
CS20230722_CLUS_1585,1585 RT-ZI Gnb3 Gaba_1,CCN20230722_CLUS,CS20230722_SUPT_0431,CCN20230722_SUPT,4,1584,cluster,#FF7388,1,202
CS20230722_CLUS_1586,1586 RT-ZI Gnb3 Gaba_2,CCN20230722_CLUS,CS20230722_SUPT_0432,CCN20230722_SUPT,4,1585,cluster,#663E1F,1,453
CS20230722_CLUS_1587,1587 RT-ZI Gnb3 Gaba_2,CCN20230722_CLUS,CS20230722_SUPT_0432,CCN20230722_SUPT,4,1586,cluster,#0F2A66,1,258
CS20230722_CLUS_1588,1588 RT-ZI Gnb3 Gaba_2,CCN20230722_CLUS,CS20230722_SUPT_0432,CCN20230722_SUPT,4,1587,cluster,#CC5C83,1,966
CS20230722_CLUS_1589,1589 RT-ZI Gnb3 Gaba_2,CCN20230722_CLUS,CS20230722_SUPT_0432,CCN20230722_SUPT,4,1588,cluster,#3D6663,1,144
CS20230722_CLUS_1590,1590 RT-ZI Gnb3 Gaba_2,CCN20230722_CLUS,CS20230722_SUPT_0432,CCN20230722_SUPT,4,1589,cluster,#635C99,1,215
CS20230722_CLUS_1591,1591 RT-ZI Gnb3 Gaba_3,CCN20230722_CLUS,CS20230722_SUPT_0433,CCN20230722_SUPT,4,1590,cluster,#FF73C4,1,234
CS20230722_CLUS_1592,1592 RT-ZI Gnb3 Gaba_3,CCN20230722_CLUS,CS20230722_SUPT_0433,CCN20230722_SUPT,4,1591,cluster,#66411F,1,538
CS20230722_CLUS_1593,1593 RT-ZI Gnb3 Gaba_3,CCN20230722_CLUS,CS20230722_SUPT_0433,CCN20230722_SUPT,4,1592,cluster,#CC3D9F,1,1330
CS20230722_CLUS_1594,1594 RT-ZI Gnb3 Gaba_3,CCN20230722_CLUS,CS20230722_SUPT_0433,CCN20230722_SUPT,4,1593,cluster,#009990,1,93
CS20230722_CLUS_1595,1595 RT-ZI Gnb3 Gaba_4,CCN20230722_CLUS,CS20230722_SUPT_0434,CCN20230722_SUPT,4,1594,cluster,#4D3D66,1,119
CS20230722_CLUS_1596,1596 RT-ZI Gnb3 Gaba_4,CCN20230722_CLUS,CS20230722_SUPT_0434,CCN20230722_SUPT,4,1595,cluster,#E4FF99,1,43
CS20230722_CLUS_1597,1597 RT-ZI Gnb3 Gaba_4,CCN20230722_CLUS,CS20230722_SUPT_0434,CCN20230722_SUPT,4,1596,cluster,#3D1F66,1,65
CS20230722_CLUS_1598,1598 RT-ZI Gnb3 Gaba_4,CCN20230722_CLUS,CS20230722_SUPT_0434,CCN20230722_SUPT,4,1597,cluster,#660F58,1,227
CS20230722_CLUS_1599,1599 RT-ZI Gnb3 Gaba_4,CCN20230722_CLUS,CS20230722_SUPT_0434,CCN20230722_SUPT,4,1598,cluster,#66001F,1,115
CS20230722_CLUS_1600,1600 RT-ZI Gnb3 Gaba_5,CCN20230722_CLUS,CS20230722_SUPT_0435,CCN20230722_SUPT,4,1599,cluster,#010066,1,693
CS20230722_CLUS_1601,1601 RT-ZI Gnb3 Gaba_5,CCN20230722_CLUS,CS20230722_SUPT_0435,CCN20230722_SUPT,4,1600,cluster,#5C7E99,1,1007
CS20230722_CLUS_1602,1602 RT-ZI Gnb3 Gaba_5,CCN20230722_CLUS,CS20230722_SUPT_0435,CCN20230722_SUPT,4,1601,cluster,#2E6642,1,727
CS20230722_CLUS_1603,1603 RT-ZI Gnb3 Gaba_5,CCN20230722_CLUS,CS20230722_SUPT_0435,CCN20230722_SUPT,4,1602,cluster,#26FF99,1,572
CS20230722_CLUS_1604,1604 RT-ZI Gnb3 Gaba_5,CCN20230722_CLUS,CS20230722_SUPT_0435,CCN20230722_SUPT,4,1603,cluster,#FFDC4D,1,162
CS20230722_CLUS_1605,1605 SCH Six6 Cdc14a Gaba_1,CCN20230722_CLUS,CS20230722_SUPT_0436,CCN20230722_SUPT,4,1604,cluster,#FF4DE0,1,371
CS20230722_CLUS_1606,1606 SCH Six6 Cdc14a Gaba_1,CCN20230722_CLUS,CS20230722_SUPT_0436,CCN20230722_SUPT,4,1605,cluster,#5F0066,1,339
CS20230722_CLUS_1607,1607 SCH Six6 Cdc14a Gaba_1,CCN20230722_CLUS,CS20230722_SUPT_0436,CCN20230722_SUPT,4,1606,cluster,#CC5CCC,1,503
CS20230722_CLUS_1608,1608 SCH Six6 Cdc14a Gaba_1,CCN20230722_CLUS,CS20230722_SUPT_0436,CCN20230722_SUPT,4,1607,cluster,#5CCC69,1,175
CS20230722_CLUS_1609,1609 SCH Six6 Cdc14a Gaba_1,CCN20230722_CLUS,CS20230722_SUPT_0436,CCN20230722_SUPT,4,1608,cluster,#1F665D,1,140
CS20230722_CLUS_1610,1610 SCH Six6 Cdc14a Gaba_1,CCN20230722_CLUS,CS20230722_SUPT_0436,CCN20230722_SUPT,4,1609,cluster,#66463D,1,244
CS20230722_CLUS_1611,1611 SCH Six6 Cdc14a Gaba_2,CCN20230722_CLUS,CS20230722_SUPT_0437,CCN20230722_SUPT,4,1610,cluster,#41663D,1,240
CS20230722_CLUS_1612,1612 SCH Six6 Cdc14a Gaba_2,CCN20230722_CLUS,CS20230722_SUPT_0437,CCN20230722_SUPT,4,1611,cluster,#CC945C,1,381
CS20230722_CLUS_1613,1613 SCH Six6 Cdc14a Gaba_2,CCN20230722_CLUS,CS20230722_SUPT_0437,CCN20230722_SUPT,4,1612,cluster,#4DFF98,1,246
CS20230722_CLUS_1614,1614 SCH Six6 Cdc14a Gaba_2,CCN20230722_CLUS,CS20230722_SUPT_0437,CCN20230722_SUPT,4,1613,cluster,#592E66,1,821
CS20230722_CLUS_1615,1615 SCH Six6 Cdc14a Gaba_3,CCN20230722_CLUS,CS20230722_SUPT_0438,CCN20230722_SUPT,4,1614,cluster,#FFC173,1,153
CS20230722_CLUS_1616,1616 SCH Six6 Cdc14a Gaba_3,CCN20230722_CLUS,CS20230722_SUPT_0438,CCN20230722_SUPT,4,1615,cluster,#854DFF,1,265
CS20230722_CLUS_1617,1617 SCH Six6 Cdc14a Gaba_3,CCN20230722_CLUS,CS20230722_SUPT_0438,CCN20230722_SUPT,4,1616,cluster,#871799,1,365
CS20230722_CLUS_1618,1618 SCH Six6 Cdc14a Gaba_3,CCN20230722_CLUS,CS20230722_SUPT_0438,CCN20230722_SUPT,4,1617,cluster,#B373FF,1,62
CS20230722_CLUS_1619,1619 DMH Prdm13 Gaba_1,CCN20230722_CLUS,CS20230722_SUPT_0439,CCN20230722_SUPT,4,1618,cluster,#4C9900,1,231
CS20230722_CLUS_1620,1620 DMH Prdm13 Gaba_1,CCN20230722_CLUS,CS20230722_SUPT_0439,CCN20230722_SUPT,4,1619,cluster,#FFC473,1,304
CS20230722_CLUS_1621,1621 DMH Prdm13 Gaba_1,CCN20230722_CLUS,CS20230722_SUPT_0439,CCN20230722_SUPT,4,1620,cluster,#CC3DB9,1,255
CS20230722_CLUS_1622,1622 DMH Prdm13 Gaba_1,CCN20230722_CLUS,CS20230722_SUPT_0439,CCN20230722_SUPT,4,1621,cluster,#1FB3CC,1,524
CS20230722_CLUS_1623,1623 DMH Prdm13 Gaba_2,CCN20230722_CLUS,CS20230722_SUPT_0440,CCN20230722_SUPT,4,1622,cluster,#FAFF00,1,869
CS20230722_CLUS_1624,1624 DMH Prdm13 Gaba_2,CCN20230722_CLUS,CS20230722_SUPT_0440,CCN20230722_SUPT,4,1623,cluster,#99FFA0,1,228
CS20230722_CLUS_1625,1625 PVHd Gsc Gaba_1,CCN20230722_CLUS,CS20230722_SUPT_0441,CCN20230722_SUPT,4,1624,cluster,#2E6663,1,234
CS20230722_CLUS_1626,1626 PVHd-SBPV Six3 Prox1 Gaba_1,CCN20230722_CLUS,CS20230722_SUPT_0442,CCN20230722_SUPT,4,1625,cluster,#865C99,1,117
CS20230722_CLUS_1627,1627 PVHd-SBPV Six3 Prox1 Gaba_1,CCN20230722_CLUS,CS20230722_SUPT_0442,CCN20230722_SUPT,4,1626,cluster,#738BFF,1,172
CS20230722_CLUS_1628,1628 PVHd-SBPV Six3 Prox1 Gaba_1,CCN20230722_CLUS,CS20230722_SUPT_0442,CCN20230722_SUPT,4,1627,cluster,#1A0F66,1,150
CS20230722_CLUS_1629,1629 PVHd-SBPV Six3 Prox1 Gaba_1,CCN20230722_CLUS,CS20230722_SUPT_0442,CCN20230722_SUPT,4,1628,cluster,#2E6651,1,272
CS20230722_CLUS_1630,1630 PVHd-SBPV Six3 Prox1 Gaba_1,CCN20230722_CLUS,CS20230722_SUPT_0442,CCN20230722_SUPT,4,1629,cluster,#3D6640,1,224
CS20230722_CLUS_1631,1631 PVHd-SBPV Six3 Prox1 Gaba_1,CCN20230722_CLUS,CS20230722_SUPT_0442,CCN20230722_SUPT,4,1630,cluster,#95CC00,1,232
CS20230722_CLUS_1632,1632 PVHd-SBPV Six3 Prox1 Gaba_1,CCN20230722_CLUS,CS20230722_SUPT_0442,CCN20230722_SUPT,4,1631,cluster,#FFD600,1,114
CS20230722_CLUS_1633,1633 PVHd-SBPV Six3 Prox1 Gaba_2,CCN20230722_CLUS,CS20230722_SUPT_0443,CCN20230722_SUPT,4,1632,cluster,#823DCC,1,166
CS20230722_CLUS_1634,1634 PVHd-SBPV Six3 Prox1 Gaba_2,CCN20230722_CLUS,CS20230722_SUPT_0443,CCN20230722_SUPT,4,1633,cluster,#4DCC3D,1,381
CS20230722_CLUS_1635,1635 PVHd-SBPV Six3 Prox1 Gaba_2,CCN20230722_CLUS,CS20230722_SUPT_0443,CCN20230722_SUPT,4,1634,cluster,#994547,1,264
CS20230722_CLUS_1636,1636 PVHd-SBPV Six3 Prox1 Gaba_2,CCN20230722_CLUS,CS20230722_SUPT_0443,CCN20230722_SUPT,4,1635,cluster,#CC501F,1,146
CS20230722_CLUS_1637,1637 PVHd-SBPV Six3 Prox1 Gaba_2,CCN20230722_CLUS,CS20230722_SUPT_0443,CCN20230722_SUPT,4,1636,cluster,#993D2E,1,766
CS20230722_CLUS_1638,1638 PVHd-SBPV Six3 Prox1 Gaba_3,CCN20230722_CLUS,CS20230722_SUPT_0444,CCN20230722_SUPT,4,1637,cluster,#380066,1,570
CS20230722_CLUS_1639,1639 PVHd-SBPV Six3 Prox1 Gaba_3,CCN20230722_CLUS,CS20230722_SUPT_0444,CCN20230722_SUPT,4,1638,cluster,#0F3166,1,222
CS20230722_CLUS_1640,1640 PVHd-SBPV Six3 Prox1 Gaba_3,CCN20230722_CLUS,CS20230722_SUPT_0444,CCN20230722_SUPT,4,1639,cluster,#2E4A66,1,177
CS20230722_CLUS_1641,1641 PVHd-SBPV Six3 Prox1 Gaba_3,CCN20230722_CLUS,CS20230722_SUPT_0444,CCN20230722_SUPT,4,1640,cluster,#665E3D,1,224
CS20230722_CLUS_1642,1642 PVHd-SBPV Six3 Prox1 Gaba_4,CCN20230722_CLUS,CS20230722_SUPT_0445,CCN20230722_SUPT,4,1641,cluster,#CC3D5F,1,303
CS20230722_CLUS_1643,1643 PVHd-SBPV Six3 Prox1 Gaba_4,CCN20230722_CLUS,CS20230722_SUPT_0445,CCN20230722_SUPT,4,1642,cluster,#623D66,1,176
CS20230722_CLUS_1644,1644 PVHd-SBPV Six3 Prox1 Gaba_4,CCN20230722_CLUS,CS20230722_SUPT_0445,CCN20230722_SUPT,4,1643,cluster,#CC3000,1,57
CS20230722_CLUS_1645,1645 PVHd-SBPV Six3 Prox1 Gaba_4,CCN20230722_CLUS,CS20230722_SUPT_0445,CCN20230722_SUPT,4,1644,cluster,#006066,1,197
CS20230722_CLUS_1646,1646 PVHd-SBPV Six3 Prox1 Gaba_4,CCN20230722_CLUS,CS20230722_SUPT_0445,CCN20230722_SUPT,4,1645,cluster,#76FF00,1,135
CS20230722_CLUS_1647,1647 AHN-SBPV-PVHd Pdrm12 Gaba_1,CCN20230722_CLUS,CS20230722_SUPT_0446,CCN20230722_SUPT,4,1646,cluster,#CCA05C,1,311
CS20230722_CLUS_1648,1648 AHN-SBPV-PVHd Pdrm12 Gaba_1,CCN20230722_CLUS,CS20230722_SUPT_0446,CCN20230722_SUPT,4,1647,cluster,#189900,1,404
CS20230722_CLUS_1649,1649 AHN-SBPV-PVHd Pdrm12 Gaba_1,CCN20230722_CLUS,CS20230722_SUPT_0446,CCN20230722_SUPT,4,1648,cluster,#3DCCAE,1,187
CS20230722_CLUS_1650,1650 AHN-SBPV-PVHd Pdrm12 Gaba_1,CCN20230722_CLUS,CS20230722_SUPT_0446,CCN20230722_SUPT,4,1649,cluster,#4DE1FF,1,148
CS20230722_CLUS_1651,1651 AHN-SBPV-PVHd Pdrm12 Gaba_2,CCN20230722_CLUS,CS20230722_SUPT_0447,CCN20230722_SUPT,4,1650,cluster,#179799,1,167
CS20230722_CLUS_1652,1652 AHN-SBPV-PVHd Pdrm12 Gaba_2,CCN20230722_CLUS,CS20230722_SUPT_0447,CCN20230722_SUPT,4,1651,cluster,#3D6647,1,220
CS20230722_CLUS_1653,1653 AHN-SBPV-PVHd Pdrm12 Gaba_2,CCN20230722_CLUS,CS20230722_SUPT_0447,CCN20230722_SUPT,4,1652,cluster,#CC00AA,1,109
CS20230722_CLUS_1654,1654 AHN-SBPV-PVHd Pdrm12 Gaba_2,CCN20230722_CLUS,CS20230722_SUPT_0447,CCN20230722_SUPT,4,1653,cluster,#00D7FF,1,122
CS20230722_CLUS_1655,1655 AHN-SBPV-PVHd Pdrm12 Gaba_2,CCN20230722_CLUS,CS20230722_SUPT_0447,CCN20230722_SUPT,4,1654,cluster,#CC3D62,1,230
CS20230722_CLUS_1656,1656 AHN-SBPV-PVHd Pdrm12 Gaba_2,CCN20230722_CLUS,CS20230722_SUPT_0447,CCN20230722_SUPT,4,1655,cluster,#7F5C99,1,56
CS20230722_CLUS_1657,1657 AHN-SBPV-PVHd Pdrm12 Gaba_3,CCN20230722_CLUS,CS20230722_SUPT_0448,CCN20230722_SUPT,4,1656,cluster,#90CC1F,1,345
CS20230722_CLUS_1658,1658 AHN-SBPV-PVHd Pdrm12 Gaba_3,CCN20230722_CLUS,CS20230722_SUPT_0448,CCN20230722_SUPT,4,1657,cluster,#35662E,1,624
CS20230722_CLUS_1659,1659 AHN-SBPV-PVHd Pdrm12 Gaba_3,CCN20230722_CLUS,CS20230722_SUPT_0448,CCN20230722_SUPT,4,1658,cluster,#CC7AA9,1,470
CS20230722_CLUS_1660,1660 AHN-SBPV-PVHd Pdrm12 Gaba_3,CCN20230722_CLUS,CS20230722_SUPT_0448,CCN20230722_SUPT,4,1659,cluster,#995C91,1,108
CS20230722_CLUS_1661,1661 AHN-SBPV-PVHd Pdrm12 Gaba_3,CCN20230722_CLUS,CS20230722_SUPT_0448,CCN20230722_SUPT,4,1660,cluster,#3D660F,1,97
CS20230722_CLUS_1662,1662 AHN-SBPV-PVHd Pdrm12 Gaba_3,CCN20230722_CLUS,CS20230722_SUPT_0448,CCN20230722_SUPT,4,1661,cluster,#26FFF6,1,334
CS20230722_CLUS_1663,1663 AHN-SBPV-PVHd Pdrm12 Gaba_4,CCN20230722_CLUS,CS20230722_SUPT_0449,CCN20230722_SUPT,4,1662,cluster,#7C2E99,1,118
CS20230722_CLUS_1664,1664 AHN-SBPV-PVHd Pdrm12 Gaba_4,CCN20230722_CLUS,CS20230722_SUPT_0449,CCN20230722_SUPT,4,1663,cluster,#998F45,1,209
CS20230722_CLUS_1665,1665 AHN-SBPV-PVHd Pdrm12 Gaba_4,CCN20230722_CLUS,CS20230722_SUPT_0449,CCN20230722_SUPT,4,1664,cluster,#FF4DBC,1,174
CS20230722_CLUS_1666,1666 AHN-SBPV-PVHd Pdrm12 Gaba_4,CCN20230722_CLUS,CS20230722_SUPT_0449,CCN20230722_SUPT,4,1665,cluster,#5F00FF,1,471
CS20230722_CLUS_1667,1667 AHN-SBPV-PVHd Pdrm12 Gaba_4,CCN20230722_CLUS,CS20230722_SUPT_0449,CCN20230722_SUPT,4,1666,cluster,#7398FF,1,149
CS20230722_CLUS_1668,1668 AHN-SBPV-PVHd Pdrm12 Gaba_5,CCN20230722_CLUS,CS20230722_SUPT_0450,CCN20230722_SUPT,4,1667,cluster,#760099,1,125
CS20230722_CLUS_1669,1669 AHN-SBPV-PVHd Pdrm12 Gaba_5,CCN20230722_CLUS,CS20230722_SUPT_0450,CCN20230722_SUPT,4,1668,cluster,#950099,1,122
CS20230722_CLUS_1670,1670 AHN-SBPV-PVHd Pdrm12 Gaba_5,CCN20230722_CLUS,CS20230722_SUPT_0450,CCN20230722_SUPT,4,1669,cluster,#499900,1,53
CS20230722_CLUS_1671,1671 AHN-SBPV-PVHd Pdrm12 Gaba_5,CCN20230722_CLUS,CS20230722_SUPT_0450,CCN20230722_SUPT,4,1670,cluster,#5C6600,1,109
CS20230722_CLUS_1672,1672 AHN-SBPV-PVHd Pdrm12 Gaba_6,CCN20230722_CLUS,CS20230722_SUPT_0451,CCN20230722_SUPT,4,1671,cluster,#CC7000,1,53
CS20230722_CLUS_1673,1673 AHN-SBPV-PVHd Pdrm12 Gaba_6,CCN20230722_CLUS,CS20230722_SUPT_0451,CCN20230722_SUPT,4,1672,cluster,#FF999A,1,79
CS20230722_CLUS_1674,1674 AHN-SBPV-PVHd Pdrm12 Gaba_6,CCN20230722_CLUS,CS20230722_SUPT_0451,CCN20230722_SUPT,4,1673,cluster,#99F6FF,1,214
CS20230722_CLUS_1675,1675 AHN-SBPV-PVHd Pdrm12 Gaba_6,CCN20230722_CLUS,CS20230722_SUPT_0451,CCN20230722_SUPT,4,1674,cluster,#A15CCC,1,118
CS20230722_CLUS_1676,1676 AHN-SBPV-PVHd Pdrm12 Gaba_6,CCN20230722_CLUS,CS20230722_SUPT_0451,CCN20230722_SUPT,4,1675,cluster,#CCB43D,1,209
CS20230722_CLUS_1677,1677 AHN-SBPV-PVHd Pdrm12 Gaba_6,CCN20230722_CLUS,CS20230722_SUPT_0451,CCN20230722_SUPT,4,1676,cluster,#5C8C99,1,160
CS20230722_CLUS_1678,1678 AHN-SBPV-PVHd Pdrm12 Gaba_7,CCN20230722_CLUS,CS20230722_SUPT_0452,CCN20230722_SUPT,4,1677,cluster,#661F22,1,351
CS20230722_CLUS_1679,1679 AHN-SBPV-PVHd Pdrm12 Gaba_7,CCN20230722_CLUS,CS20230722_SUPT_0452,CCN20230722_SUPT,4,1678,cluster,#2E9931,1,254
CS20230722_CLUS_1680,1680 AHN-SBPV-PVHd Pdrm12 Gaba_7,CCN20230722_CLUS,CS20230722_SUPT_0452,CCN20230722_SUPT,4,1679,cluster,#7ACC9E,1,66
CS20230722_CLUS_1681,1681 AHN-SBPV-PVHd Pdrm12 Gaba_7,CCN20230722_CLUS,CS20230722_SUPT_0452,CCN20230722_SUPT,4,1680,cluster,#992E66,1,69
CS20230722_CLUS_1682,1682 AHN-SBPV-PVHd Pdrm12 Gaba_7,CCN20230722_CLUS,CS20230722_SUPT_0452,CCN20230722_SUPT,4,1681,cluster,#FF99AF,1,49
CS20230722_CLUS_1683,1683 SBPV-PVa Six6 Satb2 Gaba_1,CCN20230722_CLUS,CS20230722_SUPT_0453,CCN20230722_SUPT,4,1682,cluster,#2A0099,1,268
CS20230722_CLUS_1684,1684 SBPV-PVa Six6 Satb2 Gaba_1,CCN20230722_CLUS,CS20230722_SUPT_0453,CCN20230722_SUPT,4,1683,cluster,#CC9A7A,1,220
CS20230722_CLUS_1685,1685 SBPV-PVa Six6 Satb2 Gaba_1,CCN20230722_CLUS,CS20230722_SUPT_0453,CCN20230722_SUPT,4,1684,cluster,#998045,1,193
CS20230722_CLUS_1686,1686 SBPV-PVa Six6 Satb2 Gaba_1,CCN20230722_CLUS,CS20230722_SUPT_0453,CCN20230722_SUPT,4,1685,cluster,#BFFF73,1,245
CS20230722_CLUS_1687,1687 SBPV-PVa Six6 Satb2 Gaba_1,CCN20230722_CLUS,CS20230722_SUPT_0453,CCN20230722_SUPT,4,1686,cluster,#CC601F,1,279
CS20230722_CLUS_1688,1688 SBPV-PVa Six6 Satb2 Gaba_2,CCN20230722_CLUS,CS20230722_SUPT_0454,CCN20230722_SUPT,4,1687,cluster,#66001A,1,176
CS20230722_CLUS_1689,1689 SBPV-PVa Six6 Satb2 Gaba_2,CCN20230722_CLUS,CS20230722_SUPT_0454,CCN20230722_SUPT,4,1688,cluster,#8ACC3D,1,109
CS20230722_CLUS_1690,1690 SBPV-PVa Six6 Satb2 Gaba_2,CCN20230722_CLUS,CS20230722_SUPT_0454,CCN20230722_SUPT,4,1689,cluster,#992E64,1,312
CS20230722_CLUS_1691,1691 SBPV-PVa Six6 Satb2 Gaba_2,CCN20230722_CLUS,CS20230722_SUPT_0454,CCN20230722_SUPT,4,1690,cluster,#5C9987,1,261
CS20230722_CLUS_1692,1692 SBPV-PVa Six6 Satb2 Gaba_2,CCN20230722_CLUS,CS20230722_SUPT_0454,CCN20230722_SUPT,4,1691,cluster,#0F2266,1,160
CS20230722_CLUS_1693,1693 SBPV-PVa Six6 Satb2 Gaba_2,CCN20230722_CLUS,CS20230722_SUPT_0454,CCN20230722_SUPT,4,1692,cluster,#006E99,1,187
CS20230722_CLUS_1694,1694 SBPV-PVa Six6 Satb2 Gaba_3,CCN20230722_CLUS,CS20230722_SUPT_0455,CCN20230722_SUPT,4,1693,cluster,#8B992E,1,337
CS20230722_CLUS_1695,1695 SBPV-PVa Six6 Satb2 Gaba_3,CCN20230722_CLUS,CS20230722_SUPT_0455,CCN20230722_SUPT,4,1694,cluster,#5C97CC,1,122
CS20230722_CLUS_1696,1696 SBPV-PVa Six6 Satb2 Gaba_3,CCN20230722_CLUS,CS20230722_SUPT_0455,CCN20230722_SUPT,4,1695,cluster,#7AB4CC,1,130
CS20230722_CLUS_1697,1697 SBPV-PVa Six6 Satb2 Gaba_3,CCN20230722_CLUS,CS20230722_SUPT_0455,CCN20230722_SUPT,4,1696,cluster,#362E99,1,948
CS20230722_CLUS_1698,1698 AHN Onecut3 Gaba_1,CCN20230722_CLUS,CS20230722_SUPT_0456,CCN20230722_SUPT,4,1697,cluster,#001866,1,110
CS20230722_CLUS_1699,1699 AHN Onecut3 Gaba_1,CCN20230722_CLUS,CS20230722_SUPT_0456,CCN20230722_SUPT,4,1698,cluster,#4B1F66,1,70
CS20230722_CLUS_1700,1700 AHN Onecut3 Gaba_1,CCN20230722_CLUS,CS20230722_SUPT_0456,CCN20230722_SUPT,4,1699,cluster,#B500FF,1,117
CS20230722_CLUS_1701,1701 AHN Onecut3 Gaba_1,CCN20230722_CLUS,CS20230722_SUPT_0456,CCN20230722_SUPT,4,1700,cluster,#991744,1,197
CS20230722_CLUS_1702,1702 AHN Onecut3 Gaba_1,CCN20230722_CLUS,CS20230722_SUPT_0456,CCN20230722_SUPT,4,1701,cluster,#FF73ED,1,230
CS20230722_CLUS_1703,1703 AHN Onecut3 Gaba_1,CCN20230722_CLUS,CS20230722_SUPT_0456,CCN20230722_SUPT,4,1702,cluster,#44661F,1,309
CS20230722_CLUS_1704,1704 AHN Onecut3 Gaba_1,CCN20230722_CLUS,CS20230722_SUPT_0456,CCN20230722_SUPT,4,1703,cluster,#90CC7A,1,169
CS20230722_CLUS_1705,1705 AHN Onecut3 Gaba_2,CCN20230722_CLUS,CS20230722_SUPT_0457,CCN20230722_SUPT,4,1704,cluster,#CC937A,1,102
CS20230722_CLUS_1706,1706 AHN Onecut3 Gaba_2,CCN20230722_CLUS,CS20230722_SUPT_0457,CCN20230722_SUPT,4,1705,cluster,#99FFE3,1,240
CS20230722_CLUS_1707,1707 AHN Onecut3 Gaba_2,CCN20230722_CLUS,CS20230722_SUPT_0457,CCN20230722_SUPT,4,1706,cluster,#7373FF,1,342
CS20230722_CLUS_1708,1708 AHN Onecut3 Gaba_2,CCN20230722_CLUS,CS20230722_SUPT_0457,CCN20230722_SUPT,4,1707,cluster,#1FA3CC,1,158
CS20230722_CLUS_1709,1709 AHN Onecut3 Gaba_2,CCN20230722_CLUS,CS20230722_SUPT_0457,CCN20230722_SUPT,4,1708,cluster,#994591,1,102
CS20230722_CLUS_1710,1710 AHN Onecut3 Gaba_3,CCN20230722_CLUS,CS20230722_SUPT_0458,CCN20230722_SUPT,4,1709,cluster,#FF2697,1,125
CS20230722_CLUS_1711,1711 AHN Onecut3 Gaba_3,CCN20230722_CLUS,CS20230722_SUPT_0458,CCN20230722_SUPT,4,1710,cluster,#00B8CC,1,77
CS20230722_CLUS_1712,1712 AHN Onecut3 Gaba_3,CCN20230722_CLUS,CS20230722_SUPT_0458,CCN20230722_SUPT,4,1711,cluster,#1F2F66,1,143
CS20230722_CLUS_1713,1713 AHN Onecut3 Gaba_3,CCN20230722_CLUS,CS20230722_SUPT_0458,CCN20230722_SUPT,4,1712,cluster,#C3CC5C,1,150
CS20230722_CLUS_1714,1714 ZI Pax6 Gaba_1,CCN20230722_CLUS,CS20230722_SUPT_0459,CCN20230722_SUPT,4,1713,cluster,#A926FF,1,83
CS20230722_CLUS_1715,1715 ZI Pax6 Gaba_1,CCN20230722_CLUS,CS20230722_SUPT_0459,CCN20230722_SUPT,4,1714,cluster,#310099,1,85
CS20230722_CLUS_1716,1716 ZI Pax6 Gaba_1,CCN20230722_CLUS,CS20230722_SUPT_0459,CCN20230722_SUPT,4,1715,cluster,#3D4E66,1,73
CS20230722_CLUS_1717,1717 ZI Pax6 Gaba_1,CCN20230722_CLUS,CS20230722_SUPT_0459,CCN20230722_SUPT,4,1716,cluster,#FF99A1,1,498
CS20230722_CLUS_1718,1718 ZI Pax6 Gaba_1,CCN20230722_CLUS,CS20230722_SUPT_0459,CCN20230722_SUPT,4,1717,cluster,#2E6499,1,284
CS20230722_CLUS_1719,1719 ZI Pax6 Gaba_1,CCN20230722_CLUS,CS20230722_SUPT_0459,CCN20230722_SUPT,4,1718,cluster,#4E9917,1,65
CS20230722_CLUS_1720,1720 ZI Pax6 Gaba_1,CCN20230722_CLUS,CS20230722_SUPT_0459,CCN20230722_SUPT,4,1719,cluster,#839917,1,126
CS20230722_CLUS_1721,1721 ZI Pax6 Gaba_1,CCN20230722_CLUS,CS20230722_SUPT_0459,CCN20230722_SUPT,4,1720,cluster,#1F0099,1,51
CS20230722_CLUS_1722,1722 ZI Pax6 Gaba_1,CCN20230722_CLUS,CS20230722_SUPT_0459,CCN20230722_SUPT,4,1721,cluster,#5C998A,1,92
CS20230722_CLUS_1723,1723 ZI Pax6 Gaba_1,CCN20230722_CLUS,CS20230722_SUPT_0459,CCN20230722_SUPT,4,1722,cluster,#519945,1,38
CS20230722_CLUS_1724,1724 ZI Pax6 Gaba_1,CCN20230722_CLUS,CS20230722_SUPT_0459,CCN20230722_SUPT,4,1723,cluster,#8E9900,1,39
CS20230722_CLUS_1725,1725 ZI Pax6 Gaba_2,CCN20230722_CLUS,CS20230722_SUPT_0460,CCN20230722_SUPT,4,1724,cluster,#A45CCC,1,134
CS20230722_CLUS_1726,1726 ZI Pax6 Gaba_2,CCN20230722_CLUS,CS20230722_SUPT_0460,CCN20230722_SUPT,4,1725,cluster,#B0FF99,1,172
CS20230722_CLUS_1727,1727 ZI Pax6 Gaba_2,CCN20230722_CLUS,CS20230722_SUPT_0460,CCN20230722_SUPT,4,1726,cluster,#CCAD5C,1,48
CS20230722_CLUS_1728,1728 ZI Pax6 Gaba_2,CCN20230722_CLUS,CS20230722_SUPT_0460,CCN20230722_SUPT,4,1727,cluster,#462E66,1,226
CS20230722_CLUS_1729,1729 ZI Pax6 Gaba_2,CCN20230722_CLUS,CS20230722_SUPT_0460,CCN20230722_SUPT,4,1728,cluster,#001466,1,184
CS20230722_CLUS_1730,1730 ZI Pax6 Gaba_3,CCN20230722_CLUS,CS20230722_SUPT_0461,CCN20230722_SUPT,4,1729,cluster,#0F6622,1,98
CS20230722_CLUS_1731,1731 ZI Pax6 Gaba_3,CCN20230722_CLUS,CS20230722_SUPT_0461,CCN20230722_SUPT,4,1730,cluster,#661F3D,1,37
CS20230722_CLUS_1732,1732 ZI Pax6 Gaba_3,CCN20230722_CLUS,CS20230722_SUPT_0461,CCN20230722_SUPT,4,1731,cluster,#176B99,1,239
CS20230722_CLUS_1733,1733 ZI Pax6 Gaba_3,CCN20230722_CLUS,CS20230722_SUPT_0461,CCN20230722_SUPT,4,1732,cluster,#0F6658,1,401
CS20230722_CLUS_1734,1734 ZI Pax6 Gaba_3,CCN20230722_CLUS,CS20230722_SUPT_0461,CCN20230722_SUPT,4,1733,cluster,#66473D,1,180
CS20230722_CLUS_1735,1735 ZI Pax6 Gaba_3,CCN20230722_CLUS,CS20230722_SUPT_0461,CCN20230722_SUPT,4,1734,cluster,#3D6645,1,236
CS20230722_CLUS_1736,1736 ZI Pax6 Gaba_3,CCN20230722_CLUS,CS20230722_SUPT_0461,CCN20230722_SUPT,4,1735,cluster,#66170F,1,270
CS20230722_CLUS_1737,1737 ZI Pax6 Gaba_3,CCN20230722_CLUS,CS20230722_SUPT_0461,CCN20230722_SUPT,4,1736,cluster,#FFCC99,1,218
CS20230722_CLUS_1738,1738 ZI Pax6 Gaba_3,CCN20230722_CLUS,CS20230722_SUPT_0461,CCN20230722_SUPT,4,1737,cluster,#5D5CCC,1,153
CS20230722_CLUS_1739,1739 ZI Pax6 Gaba_4,CCN20230722_CLUS,CS20230722_SUPT_0462,CCN20230722_SUPT,4,1738,cluster,#179932,1,177
CS20230722_CLUS_1740,1740 ZI Pax6 Gaba_4,CCN20230722_CLUS,CS20230722_SUPT_0462,CCN20230722_SUPT,4,1739,cluster,#FFB799,1,231
CS20230722_CLUS_1741,1741 ZI Pax6 Gaba_4,CCN20230722_CLUS,CS20230722_SUPT_0462,CCN20230722_SUPT,4,1740,cluster,#3F0066,1,457
CS20230722_CLUS_1742,1742 ZI Pax6 Gaba_4,CCN20230722_CLUS,CS20230722_SUPT_0462,CCN20230722_SUPT,4,1741,cluster,#FF6900,1,159
CS20230722_CLUS_1743,1743 ZI Pax6 Gaba_4,CCN20230722_CLUS,CS20230722_SUPT_0462,CCN20230722_SUPT,4,1742,cluster,#992E17,1,167
CS20230722_CLUS_1744,1744 ZI Pax6 Gaba_4,CCN20230722_CLUS,CS20230722_SUPT_0462,CCN20230722_SUPT,4,1743,cluster,#7ACC9A,1,100
CS20230722_CLUS_1745,1745 ZI Pax6 Gaba_4,CCN20230722_CLUS,CS20230722_SUPT_0462,CCN20230722_SUPT,4,1744,cluster,#99454F,1,267
CS20230722_CLUS_1746,1746 ZI Pax6 Gaba_4,CCN20230722_CLUS,CS20230722_SUPT_0462,CCN20230722_SUPT,4,1745,cluster,#4DFFE4,1,218
CS20230722_CLUS_1747,1747 ZI Pax6 Gaba_4,CCN20230722_CLUS,CS20230722_SUPT_0462,CCN20230722_SUPT,4,1746,cluster,#1FBFCC,1,100
CS20230722_CLUS_1748,1748 ZI Pax6 Gaba_4,CCN20230722_CLUS,CS20230722_SUPT_0462,CCN20230722_SUPT,4,1747,cluster,#994E00,1,58
CS20230722_CLUS_1749,1749 ZI Pax6 Gaba_5,CCN20230722_CLUS,CS20230722_SUPT_0463,CCN20230722_SUPT,4,1748,cluster,#431F66,1,90
CS20230722_CLUS_1750,1750 ZI Pax6 Gaba_5,CCN20230722_CLUS,CS20230722_SUPT_0463,CCN20230722_SUPT,4,1749,cluster,#004666,1,109
CS20230722_CLUS_1751,1751 ZI Pax6 Gaba_5,CCN20230722_CLUS,CS20230722_SUPT_0463,CCN20230722_SUPT,4,1750,cluster,#CC5C92,1,152
CS20230722_CLUS_1752,1752 ZI Pax6 Gaba_6,CCN20230722_CLUS,CS20230722_SUPT_0464,CCN20230722_SUPT,4,1751,cluster,#997417,1,238
CS20230722_CLUS_1753,1753 ZI Pax6 Gaba_6,CCN20230722_CLUS,CS20230722_SUPT_0464,CCN20230722_SUPT,4,1752,cluster,#3D69CC,1,103
CS20230722_CLUS_1754,1754 ZI Pax6 Gaba_6,CCN20230722_CLUS,CS20230722_SUPT_0464,CCN20230722_SUPT,4,1753,cluster,#CC0065,1,112
CS20230722_CLUS_1755,1755 ZI Pax6 Gaba_6,CCN20230722_CLUS,CS20230722_SUPT_0464,CCN20230722_SUPT,4,1754,cluster,#046600,1,85
CS20230722_CLUS_1756,1756 ZI Pax6 Gaba_6,CCN20230722_CLUS,CS20230722_SUPT_0464,CCN20230722_SUPT,4,1755,cluster,#322E99,1,58
CS20230722_CLUS_1757,1757 ZI Pax6 Gaba_6,CCN20230722_CLUS,CS20230722_SUPT_0464,CCN20230722_SUPT,4,1756,cluster,#7AB6CC,1,97
CS20230722_CLUS_1758,1758 ZI Pax6 Gaba_7,CCN20230722_CLUS,CS20230722_SUPT_0465,CCN20230722_SUPT,4,1757,cluster,#73FFC5,1,316
CS20230722_CLUS_1759,1759 ZI Pax6 Gaba_7,CCN20230722_CLUS,CS20230722_SUPT_0465,CCN20230722_SUPT,4,1758,cluster,#E873FF,1,315
CS20230722_CLUS_1760,1760 ZI Pax6 Gaba_7,CCN20230722_CLUS,CS20230722_SUPT_0465,CCN20230722_SUPT,4,1759,cluster,#0E9900,1,169
CS20230722_CLUS_1761,1761 ZI Pax6 Gaba_7,CCN20230722_CLUS,CS20230722_SUPT_0465,CCN20230722_SUPT,4,1760,cluster,#7700CC,1,165
CS20230722_CLUS_1762,1762 ZI Pax6 Gaba_7,CCN20230722_CLUS,CS20230722_SUPT_0465,CCN20230722_SUPT,4,1761,cluster,#994595,1,158
CS20230722_CLUS_1763,1763 ZI Pax6 Gaba_7,CCN20230722_CLUS,CS20230722_SUPT_0465,CCN20230722_SUPT,4,1762,cluster,#0F5A66,1,249
CS20230722_CLUS_1764,1764 ZI Pax6 Gaba_7,CCN20230722_CLUS,CS20230722_SUPT_0465,CCN20230722_SUPT,4,1763,cluster,#6B2E99,1,357
CS20230722_CLUS_1765,1765 ZI Pax6 Gaba_7,CCN20230722_CLUS,CS20230722_SUPT_0465,CCN20230722_SUPT,4,1764,cluster,#006FFF,1,178
CS20230722_CLUS_1766,1766 ZI Pax6 Gaba_8,CCN20230722_CLUS,CS20230722_SUPT_0466,CCN20230722_SUPT,4,1765,cluster,#660F2B,1,785
CS20230722_CLUS_1767,1767 ZI Pax6 Gaba_8,CCN20230722_CLUS,CS20230722_SUPT_0466,CCN20230722_SUPT,4,1766,cluster,#459999,1,655
CS20230722_CLUS_1768,1768 ZI Pax6 Gaba_8,CCN20230722_CLUS,CS20230722_SUPT_0466,CCN20230722_SUPT,4,1767,cluster,#927ACC,1,154
CS20230722_CLUS_1769,1769 ZI Pax6 Gaba_8,CCN20230722_CLUS,CS20230722_SUPT_0466,CCN20230722_SUPT,4,1768,cluster,#FF268D,1,283
CS20230722_CLUS_1770,1770 ZI Pax6 Gaba_8,CCN20230722_CLUS,CS20230722_SUPT_0466,CCN20230722_SUPT,4,1769,cluster,#CC5E00,1,140
CS20230722_CLUS_1771,1771 ZI Pax6 Gaba_8,CCN20230722_CLUS,CS20230722_SUPT_0466,CCN20230722_SUPT,4,1770,cluster,#7A98CC,1,66
CS20230722_CLUS_1772,1772 ZI Pax6 Gaba_8,CCN20230722_CLUS,CS20230722_SUPT_0466,CCN20230722_SUPT,4,1771,cluster,#F14DFF,1,396
CS20230722_CLUS_1773,1773 ZI Pax6 Gaba_8,CCN20230722_CLUS,CS20230722_SUPT_0466,CCN20230722_SUPT,4,1772,cluster,#FFD799,1,141
CS20230722_CLUS_1774,1774 ZI Pax6 Gaba_8,CCN20230722_CLUS,CS20230722_SUPT_0466,CCN20230722_SUPT,4,1773,cluster,#28660F,1,359
CS20230722_CLUS_1775,1775 ZI Pax6 Gaba_9,CCN20230722_CLUS,CS20230722_SUPT_0467,CCN20230722_SUPT,4,1774,cluster,#175C99,1,126
CS20230722_CLUS_1776,1776 ZI Pax6 Gaba_9,CCN20230722_CLUS,CS20230722_SUPT_0467,CCN20230722_SUPT,4,1775,cluster,#661B00,1,175
CS20230722_CLUS_1777,1777 ZI Pax6 Gaba_9,CCN20230722_CLUS,CS20230722_SUPT_0467,CCN20230722_SUPT,4,1776,cluster,#B55CCC,1,330
CS20230722_CLUS_1778,1778 ZI Pax6 Gaba_9,CCN20230722_CLUS,CS20230722_SUPT_0467,CCN20230722_SUPT,4,1777,cluster,#3DCC5E,1,184
CS20230722_CLUS_1779,1779 ZI Pax6 Gaba_10,CCN20230722_CLUS,CS20230722_SUPT_0468,CCN20230722_SUPT,4,1778,cluster,#FF73B4,1,73
CS20230722_CLUS_1780,1780 ZI Pax6 Gaba_10,CCN20230722_CLUS,CS20230722_SUPT_0468,CCN20230722_SUPT,4,1779,cluster,#CC1F6C,1,81
CS20230722_CLUS_1781,1781 ZI Pax6 Gaba_10,CCN20230722_CLUS,CS20230722_SUPT_0468,CCN20230722_SUPT,4,1780,cluster,#73FFE4,1,127
CS20230722_CLUS_1782,1782 ZI Pax6 Gaba_11,CCN20230722_CLUS,CS20230722_SUPT_0469,CCN20230722_SUPT,4,1781,cluster,#50CC3D,1,83
CS20230722_CLUS_1783,1783 ZI Pax6 Gaba_11,CCN20230722_CLUS,CS20230722_SUPT_0469,CCN20230722_SUPT,4,1782,cluster,#A599FF,1,164
CS20230722_CLUS_1784,1784 ZI Pax6 Gaba_11,CCN20230722_CLUS,CS20230722_SUPT_0469,CCN20230722_SUPT,4,1783,cluster,#4D6DFF,1,233
CS20230722_CLUS_1785,1785 ZI Pax6 Gaba_11,CCN20230722_CLUS,CS20230722_SUPT_0469,CCN20230722_SUPT,4,1784,cluster,#4ACC1F,1,71
CS20230722_CLUS_1786,1786 ZI Pax6 Gaba_11,CCN20230722_CLUS,CS20230722_SUPT_0469,CCN20230722_SUPT,4,1785,cluster,#2E3B66,1,344
CS20230722_CLUS_1787,1787 DMH-LHA Gsx1 Gaba_1,CCN20230722_CLUS,CS20230722_SUPT_0470,CCN20230722_SUPT,4,1786,cluster,#179955,1,298
CS20230722_CLUS_1788,1788 DMH-LHA Gsx1 Gaba_1,CCN20230722_CLUS,CS20230722_SUPT_0470,CCN20230722_SUPT,4,1787,cluster,#992E94,1,524
CS20230722_CLUS_1789,1789 DMH-LHA Gsx1 Gaba_1,CCN20230722_CLUS,CS20230722_SUPT_0470,CCN20230722_SUPT,4,1788,cluster,#2E5E66,1,217
CS20230722_CLUS_1790,1790 DMH-LHA Gsx1 Gaba_1,CCN20230722_CLUS,CS20230722_SUPT_0470,CCN20230722_SUPT,4,1789,cluster,#456699,1,431
CS20230722_CLUS_1791,1791 DMH-LHA Gsx1 Gaba_1,CCN20230722_CLUS,CS20230722_SUPT_0470,CCN20230722_SUPT,4,1790,cluster,#5C9099,1,227
CS20230722_CLUS_1792,1792 DMH-LHA Gsx1 Gaba_1,CCN20230722_CLUS,CS20230722_SUPT_0470,CCN20230722_SUPT,4,1791,cluster,#5D2E99,1,85
CS20230722_CLUS_1793,1793 DMH-LHA Gsx1 Gaba_1,CCN20230722_CLUS,CS20230722_SUPT_0470,CCN20230722_SUPT,4,1792,cluster,#2E992F,1,70
CS20230722_CLUS_1794,1794 DMH-LHA Gsx1 Gaba_1,CCN20230722_CLUS,CS20230722_SUPT_0470,CCN20230722_SUPT,4,1793,cluster,#CC5CB8,1,249
CS20230722_CLUS_1795,1795 DMH-LHA Gsx1 Gaba_2,CCN20230722_CLUS,CS20230722_SUPT_0471,CCN20230722_SUPT,4,1794,cluster,#179975,1,86
CS20230722_CLUS_1796,1796 DMH-LHA Gsx1 Gaba_2,CCN20230722_CLUS,CS20230722_SUPT_0471,CCN20230722_SUPT,4,1795,cluster,#26FF64,1,130
CS20230722_CLUS_1797,1797 DMH-LHA Gsx1 Gaba_2,CCN20230722_CLUS,CS20230722_SUPT_0471,CCN20230722_SUPT,4,1796,cluster,#226600,1,154
CS20230722_CLUS_1798,1798 DMH-LHA Gsx1 Gaba_2,CCN20230722_CLUS,CS20230722_SUPT_0471,CCN20230722_SUPT,4,1797,cluster,#812E99,1,118
CS20230722_CLUS_1799,1799 DMH-LHA Gsx1 Gaba_2,CCN20230722_CLUS,CS20230722_SUPT_0471,CCN20230722_SUPT,4,1798,cluster,#FFF799,1,43
CS20230722_CLUS_1800,1800 DMH-LHA Gsx1 Gaba_2,CCN20230722_CLUS,CS20230722_SUPT_0471,CCN20230722_SUPT,4,1799,cluster,#5A2E66,1,205
CS20230722_CLUS_1801,1801 DMH-LHA Gsx1 Gaba_2,CCN20230722_CLUS,CS20230722_SUPT_0471,CCN20230722_SUPT,4,1800,cluster,#663C00,1,67
CS20230722_CLUS_1802,1802 DMH-LHA Gsx1 Gaba_2,CCN20230722_CLUS,CS20230722_SUPT_0471,CCN20230722_SUPT,4,1801,cluster,#FF99E6,1,256
CS20230722_CLUS_1803,1803 DMH-LHA Gsx1 Gaba_2,CCN20230722_CLUS,CS20230722_SUPT_0471,CCN20230722_SUPT,4,1802,cluster,#179992,1,297
CS20230722_CLUS_1804,1804 DMH-LHA Gsx1 Gaba_2,CCN20230722_CLUS,CS20230722_SUPT_0471,CCN20230722_SUPT,4,1803,cluster,#7A86CC,1,157
CS20230722_CLUS_1805,1805 DMH-LHA Gsx1 Gaba_2,CCN20230722_CLUS,CS20230722_SUPT_0471,CCN20230722_SUPT,4,1804,cluster,#1FCCA3,1,297
CS20230722_CLUS_1806,1806 DMH-LHA Gsx1 Gaba_2,CCN20230722_CLUS,CS20230722_SUPT_0471,CCN20230722_SUPT,4,1805,cluster,#26B5FF,1,196
CS20230722_CLUS_1807,1807 DMH-LHA Gsx1 Gaba_2,CCN20230722_CLUS,CS20230722_SUPT_0471,CCN20230722_SUPT,4,1806,cluster,#0F663B,1,59
CS20230722_CLUS_1808,1808 DMH-LHA Gsx1 Gaba_2,CCN20230722_CLUS,CS20230722_SUPT_0471,CCN20230722_SUPT,4,1807,cluster,#D5FF73,1,189
CS20230722_CLUS_1809,1809 DMH-LHA Gsx1 Gaba_2,CCN20230722_CLUS,CS20230722_SUPT_0471,CCN20230722_SUPT,4,1808,cluster,#5D1FCC,1,142
CS20230722_CLUS_1810,1810 DMH-LHA Gsx1 Gaba_3,CCN20230722_CLUS,CS20230722_SUPT_0472,CCN20230722_SUPT,4,1809,cluster,#990082,1,707
CS20230722_CLUS_1811,1811 DMH-LHA Gsx1 Gaba_4,CCN20230722_CLUS,CS20230722_SUPT_0473,CCN20230722_SUPT,4,1810,cluster,#FF4D60,1,84
CS20230722_CLUS_1812,1812 DMH-LHA Gsx1 Gaba_4,CCN20230722_CLUS,CS20230722_SUPT_0473,CCN20230722_SUPT,4,1811,cluster,#60CC5C,1,470
CS20230722_CLUS_1813,1813 DMH-LHA Gsx1 Gaba_4,CCN20230722_CLUS,CS20230722_SUPT_0473,CCN20230722_SUPT,4,1812,cluster,#54CC3D,1,1079
CS20230722_CLUS_1814,1814 PVHd-DMH Lhx6 Gaba_1,CCN20230722_CLUS,CS20230722_SUPT_0474,CCN20230722_SUPT,4,1813,cluster,#FF6300,1,16
CS20230722_CLUS_1815,1815 PVHd-DMH Lhx6 Gaba_1,CCN20230722_CLUS,CS20230722_SUPT_0474,CCN20230722_SUPT,4,1814,cluster,#995C85,1,71
CS20230722_CLUS_1816,1816 PVHd-DMH Lhx6 Gaba_1,CCN20230722_CLUS,CS20230722_SUPT_0474,CCN20230722_SUPT,4,1815,cluster,#65992E,1,61
CS20230722_CLUS_1817,1817 PVHd-DMH Lhx6 Gaba_1,CCN20230722_CLUS,CS20230722_SUPT_0474,CCN20230722_SUPT,4,1816,cluster,#340F66,1,116
CS20230722_CLUS_1818,1818 PVHd-DMH Lhx6 Gaba_1,CCN20230722_CLUS,CS20230722_SUPT_0474,CCN20230722_SUPT,4,1817,cluster,#3DCC67,1,229
CS20230722_CLUS_1819,1819 PVHd-DMH Lhx6 Gaba_1,CCN20230722_CLUS,CS20230722_SUPT_0474,CCN20230722_SUPT,4,1818,cluster,#99FFAE,1,96
CS20230722_CLUS_1820,1820 PVHd-DMH Lhx6 Gaba_1,CCN20230722_CLUS,CS20230722_SUPT_0474,CCN20230722_SUPT,4,1819,cluster,#FF26AA,1,354
CS20230722_CLUS_1821,1821 PVHd-DMH Lhx6 Gaba_2,CCN20230722_CLUS,CS20230722_SUPT_0475,CCN20230722_SUPT,4,1820,cluster,#5D663D,1,144
CS20230722_CLUS_1822,1822 PVHd-DMH Lhx6 Gaba_2,CCN20230722_CLUS,CS20230722_SUPT_0475,CCN20230722_SUPT,4,1821,cluster,#1FCC9F,1,50
CS20230722_CLUS_1823,1823 PVHd-DMH Lhx6 Gaba_2,CCN20230722_CLUS,CS20230722_SUPT_0475,CCN20230722_SUPT,4,1822,cluster,#2A660F,1,126
CS20230722_CLUS_1824,1824 PVHd-DMH Lhx6 Gaba_2,CCN20230722_CLUS,CS20230722_SUPT_0475,CCN20230722_SUPT,4,1823,cluster,#3C660F,1,116
CS20230722_CLUS_1825,1825 PVHd-DMH Lhx6 Gaba_2,CCN20230722_CLUS,CS20230722_SUPT_0475,CCN20230722_SUPT,4,1824,cluster,#179952,1,36
CS20230722_CLUS_1826,1826 PVHd-DMH Lhx6 Gaba_2,CCN20230722_CLUS,CS20230722_SUPT_0475,CCN20230722_SUPT,4,1825,cluster,#664F3D,1,194
CS20230722_CLUS_1827,1827 PVHd-DMH Lhx6 Gaba_2,CCN20230722_CLUS,CS20230722_SUPT_0475,CCN20230722_SUPT,4,1826,cluster,#45996C,1,174
CS20230722_CLUS_1828,1828 PVHd-DMH Lhx6 Gaba_2,CCN20230722_CLUS,CS20230722_SUPT_0475,CCN20230722_SUPT,4,1827,cluster,#CC7A98,1,275
CS20230722_CLUS_1829,1829 PVHd-DMH Lhx6 Gaba_2,CCN20230722_CLUS,CS20230722_SUPT_0475,CCN20230722_SUPT,4,1828,cluster,#0F5C66,1,61
CS20230722_CLUS_1830,1830 PVHd-DMH Lhx6 Gaba_3,CCN20230722_CLUS,CS20230722_SUPT_0476,CCN20230722_SUPT,4,1829,cluster,#006A99,1,242
CS20230722_CLUS_1831,1831 PVHd-DMH Lhx6 Gaba_3,CCN20230722_CLUS,CS20230722_SUPT_0476,CCN20230722_SUPT,4,1830,cluster,#5C6ACC,1,270
CS20230722_CLUS_1832,1832 PVHd-DMH Lhx6 Gaba_3,CCN20230722_CLUS,CS20230722_SUPT_0476,CCN20230722_SUPT,4,1831,cluster,#26FF95,1,132
CS20230722_CLUS_1833,1833 PVHd-DMH Lhx6 Gaba_3,CCN20230722_CLUS,CS20230722_SUPT_0476,CCN20230722_SUPT,4,1832,cluster,#2F2E99,1,120
CS20230722_CLUS_1834,1834 PVHd-DMH Lhx6 Gaba_4,CCN20230722_CLUS,CS20230722_SUPT_0477,CCN20230722_SUPT,4,1833,cluster,#FF99D3,1,129
CS20230722_CLUS_1835,1835 PVHd-DMH Lhx6 Gaba_4,CCN20230722_CLUS,CS20230722_SUPT_0477,CCN20230722_SUPT,4,1834,cluster,#FF99BA,1,161
CS20230722_CLUS_1836,1836 PVHd-DMH Lhx6 Gaba_4,CCN20230722_CLUS,CS20230722_SUPT_0477,CCN20230722_SUPT,4,1835,cluster,#66291F,1,58
CS20230722_CLUS_1837,1837 TU-ARH Otp Six6 Gaba_1,CCN20230722_CLUS,CS20230722_SUPT_0478,CCN20230722_SUPT,4,1836,cluster,#19CC00,1,844
CS20230722_CLUS_1838,1838 TU-ARH Otp Six6 Gaba_1,CCN20230722_CLUS,CS20230722_SUPT_0478,CCN20230722_SUPT,4,1837,cluster,#73CEFF,1,410
CS20230722_CLUS_1839,1839 TU-ARH Otp Six6 Gaba_1,CCN20230722_CLUS,CS20230722_SUPT_0478,CCN20230722_SUPT,4,1838,cluster,#5C9982,1,337
CS20230722_CLUS_1840,1840 TU-ARH Otp Six6 Gaba_1,CCN20230722_CLUS,CS20230722_SUPT_0478,CCN20230722_SUPT,4,1839,cluster,#71992E,1,544
CS20230722_CLUS_1841,1841 TU-ARH Otp Six6 Gaba_1,CCN20230722_CLUS,CS20230722_SUPT_0478,CCN20230722_SUPT,4,1840,cluster,#99F9FF,1,75
CS20230722_CLUS_1842,1842 TU-ARH Otp Six6 Gaba_1,CCN20230722_CLUS,CS20230722_SUPT_0478,CCN20230722_SUPT,4,1841,cluster,#65CC1F,1,162
CS20230722_CLUS_1843,1843 TU-ARH Otp Six6 Gaba_1,CCN20230722_CLUS,CS20230722_SUPT_0478,CCN20230722_SUPT,4,1842,cluster,#1F3766,1,46
CS20230722_CLUS_1844,1844 TU-ARH Otp Six6 Gaba_2,CCN20230722_CLUS,CS20230722_SUPT_0479,CCN20230722_SUPT,4,1843,cluster,#66250F,1,714
CS20230722_CLUS_1845,1845 TU-ARH Otp Six6 Gaba_2,CCN20230722_CLUS,CS20230722_SUPT_0479,CCN20230722_SUPT,4,1844,cluster,#3D6641,1,150
CS20230722_CLUS_1846,1846 TU-ARH Otp Six6 Gaba_2,CCN20230722_CLUS,CS20230722_SUPT_0479,CCN20230722_SUPT,4,1845,cluster,#45996A,1,128
CS20230722_CLUS_1847,1847 TU-ARH Otp Six6 Gaba_2,CCN20230722_CLUS,CS20230722_SUPT_0479,CCN20230722_SUPT,4,1846,cluster,#9E3DCC,1,109
CS20230722_CLUS_1848,1848 TU-ARH Otp Six6 Gaba_2,CCN20230722_CLUS,CS20230722_SUPT_0479,CCN20230722_SUPT,4,1847,cluster,#9C99FF,1,275
CS20230722_CLUS_1849,1849 TU-ARH Otp Six6 Gaba_2,CCN20230722_CLUS,CS20230722_SUPT_0479,CCN20230722_SUPT,4,1848,cluster,#55663D,1,277
CS20230722_CLUS_1850,1850 TU-ARH Otp Six6 Gaba_2,CCN20230722_CLUS,CS20230722_SUPT_0479,CCN20230722_SUPT,4,1849,cluster,#CC00B8,1,197
CS20230722_CLUS_1851,1851 TU-ARH Otp Six6 Gaba_2,CCN20230722_CLUS,CS20230722_SUPT_0479,CCN20230722_SUPT,4,1850,cluster,#5CCCA6,1,120
CS20230722_CLUS_1852,1852 TU-ARH Otp Six6 Gaba_2,CCN20230722_CLUS,CS20230722_SUPT_0479,CCN20230722_SUPT,4,1851,cluster,#006637,1,274
CS20230722_CLUS_1853,1853 TU-ARH Otp Six6 Gaba_3,CCN20230722_CLUS,CS20230722_SUPT_0480,CCN20230722_SUPT,4,1852,cluster,#370F66,1,128
CS20230722_CLUS_1854,1854 TU-ARH Otp Six6 Gaba_3,CCN20230722_CLUS,CS20230722_SUPT_0480,CCN20230722_SUPT,4,1853,cluster,#995C8F,1,138
CS20230722_CLUS_1855,1855 TU-ARH Otp Six6 Gaba_3,CCN20230722_CLUS,CS20230722_SUPT_0480,CCN20230722_SUPT,4,1854,cluster,#1F6DCC,1,913
CS20230722_CLUS_1856,1856 TU-ARH Otp Six6 Gaba_3,CCN20230722_CLUS,CS20230722_SUPT_0480,CCN20230722_SUPT,4,1855,cluster,#00997F,1,114
CS20230722_CLUS_1857,1857 TU-ARH Otp Six6 Gaba_3,CCN20230722_CLUS,CS20230722_SUPT_0480,CCN20230722_SUPT,4,1856,cluster,#CCAE1F,1,54
CS20230722_CLUS_1858,1858 TU-ARH Otp Six6 Gaba_3,CCN20230722_CLUS,CS20230722_SUPT_0480,CCN20230722_SUPT,4,1857,cluster,#992E55,1,93
CS20230722_CLUS_1859,1859 TU-ARH Otp Six6 Gaba_3,CCN20230722_CLUS,CS20230722_SUPT_0480,CCN20230722_SUPT,4,1858,cluster,#3D6652,1,192
CS20230722_CLUS_1860,1860 TU-ARH Otp Six6 Gaba_3,CCN20230722_CLUS,CS20230722_SUPT_0480,CCN20230722_SUPT,4,1859,cluster,#8D5CCC,1,189
CS20230722_CLUS_1861,1861 TMd-DMH Foxd2 Gaba_1,CCN20230722_CLUS,CS20230722_SUPT_0481,CCN20230722_SUPT,4,1860,cluster,#7ACCA5,1,585
CS20230722_CLUS_1862,1862 TMd-DMH Foxd2 Gaba_1,CCN20230722_CLUS,CS20230722_SUPT_0481,CCN20230722_SUPT,4,1861,cluster,#795C99,1,274
CS20230722_CLUS_1863,1863 TMd-DMH Foxd2 Gaba_1,CCN20230722_CLUS,CS20230722_SUPT_0481,CCN20230722_SUPT,4,1862,cluster,#66422E,1,455
CS20230722_CLUS_1864,1864 TMd-DMH Foxd2 Gaba_1,CCN20230722_CLUS,CS20230722_SUPT_0481,CCN20230722_SUPT,4,1863,cluster,#662E44,1,228
CS20230722_CLUS_1865,1865 TMd-DMH Foxd2 Gaba_1,CCN20230722_CLUS,CS20230722_SUPT_0481,CCN20230722_SUPT,4,1864,cluster,#179949,1,69
CS20230722_CLUS_1866,1866 TMd-DMH Foxd2 Gaba_1,CCN20230722_CLUS,CS20230722_SUPT_0481,CCN20230722_SUPT,4,1865,cluster,#00C6FF,1,117
CS20230722_CLUS_1867,1867 TMd-DMH Foxd2 Gaba_1,CCN20230722_CLUS,CS20230722_SUPT_0481,CCN20230722_SUPT,4,1866,cluster,#CC3D49,1,271
CS20230722_CLUS_1868,1868 TMd-DMH Foxd2 Gaba_1,CCN20230722_CLUS,CS20230722_SUPT_0481,CCN20230722_SUPT,4,1867,cluster,#229917,1,43
CS20230722_CLUS_1869,1869 TMd-DMH Foxd2 Gaba_1,CCN20230722_CLUS,CS20230722_SUPT_0481,CCN20230722_SUPT,4,1868,cluster,#26FEFF,1,171
CS20230722_CLUS_1870,1870 PVpo-VMPO-MPN Hmx2 Gaba_1,CCN20230722_CLUS,CS20230722_SUPT_0482,CCN20230722_SUPT,4,1869,cluster,#992B17,1,99
CS20230722_CLUS_1871,1871 PVpo-VMPO-MPN Hmx2 Gaba_1,CCN20230722_CLUS,CS20230722_SUPT_0482,CCN20230722_SUPT,4,1870,cluster,#655C99,1,80
CS20230722_CLUS_1872,1872 PVpo-VMPO-MPN Hmx2 Gaba_1,CCN20230722_CLUS,CS20230722_SUPT_0482,CCN20230722_SUPT,4,1871,cluster,#D873FF,1,96
CS20230722_CLUS_1873,1873 PVpo-VMPO-MPN Hmx2 Gaba_1,CCN20230722_CLUS,CS20230722_SUPT_0482,CCN20230722_SUPT,4,1872,cluster,#662E3A,1,95
CS20230722_CLUS_1874,1874 PVpo-VMPO-MPN Hmx2 Gaba_1,CCN20230722_CLUS,CS20230722_SUPT_0482,CCN20230722_SUPT,4,1873,cluster,#FF2F00,1,66
CS20230722_CLUS_1875,1875 PVpo-VMPO-MPN Hmx2 Gaba_1,CCN20230722_CLUS,CS20230722_SUPT_0482,CCN20230722_SUPT,4,1874,cluster,#EA99FF,1,79
CS20230722_CLUS_1876,1876 PVpo-VMPO-MPN Hmx2 Gaba_1,CCN20230722_CLUS,CS20230722_SUPT_0482,CCN20230722_SUPT,4,1875,cluster,#672E99,1,63
CS20230722_CLUS_1877,1877 PVpo-VMPO-MPN Hmx2 Gaba_1,CCN20230722_CLUS,CS20230722_SUPT_0482,CCN20230722_SUPT,4,1876,cluster,#4DFFFD,1,158
CS20230722_CLUS_1878,1878 PVpo-VMPO-MPN Hmx2 Gaba_1,CCN20230722_CLUS,CS20230722_SUPT_0482,CCN20230722_SUPT,4,1877,cluster,#992E44,1,95
CS20230722_CLUS_1879,1879 PVpo-VMPO-MPN Hmx2 Gaba_1,CCN20230722_CLUS,CS20230722_SUPT_0482,CCN20230722_SUPT,4,1878,cluster,#CC7A88,1,117
CS20230722_CLUS_1880,1880 PVpo-VMPO-MPN Hmx2 Gaba_1,CCN20230722_CLUS,CS20230722_SUPT_0482,CCN20230722_SUPT,4,1879,cluster,#FF734D,1,97
CS20230722_CLUS_1881,1881 PVpo-VMPO-MPN Hmx2 Gaba_1,CCN20230722_CLUS,CS20230722_SUPT_0482,CCN20230722_SUPT,4,1880,cluster,#2E7799,1,60
CS20230722_CLUS_1882,1882 PVpo-VMPO-MPN Hmx2 Gaba_1,CCN20230722_CLUS,CS20230722_SUPT_0482,CCN20230722_SUPT,4,1881,cluster,#00A9FF,1,143
CS20230722_CLUS_1883,1883 PVpo-VMPO-MPN Hmx2 Gaba_1,CCN20230722_CLUS,CS20230722_SUPT_0482,CCN20230722_SUPT,4,1882,cluster,#99FF9E,1,72
CS20230722_CLUS_1884,1884 PVpo-VMPO-MPN Hmx2 Gaba_1,CCN20230722_CLUS,CS20230722_SUPT_0482,CCN20230722_SUPT,4,1883,cluster,#73E4FF,1,286
CS20230722_CLUS_1885,1885 PVpo-VMPO-MPN Hmx2 Gaba_1,CCN20230722_CLUS,CS20230722_SUPT_0482,CCN20230722_SUPT,4,1884,cluster,#301F66,1,36
CS20230722_CLUS_1886,1886 PVpo-VMPO-MPN Hmx2 Gaba_1,CCN20230722_CLUS,CS20230722_SUPT_0482,CCN20230722_SUPT,4,1885,cluster,#1F6621,1,46
CS20230722_CLUS_1887,1887 PVpo-VMPO-MPN Hmx2 Gaba_1,CCN20230722_CLUS,CS20230722_SUPT_0482,CCN20230722_SUPT,4,1886,cluster,#8E3DCC,1,140
CS20230722_CLUS_1888,1888 PVpo-VMPO-MPN Hmx2 Gaba_2,CCN20230722_CLUS,CS20230722_SUPT_0483,CCN20230722_SUPT,4,1887,cluster,#A0CC7A,1,71
CS20230722_CLUS_1889,1889 PVpo-VMPO-MPN Hmx2 Gaba_2,CCN20230722_CLUS,CS20230722_SUPT_0483,CCN20230722_SUPT,4,1888,cluster,#894DFF,1,230
CS20230722_CLUS_1890,1890 PVpo-VMPO-MPN Hmx2 Gaba_2,CCN20230722_CLUS,CS20230722_SUPT_0483,CCN20230722_SUPT,4,1889,cluster,#99715C,1,136
CS20230722_CLUS_1891,1891 PVpo-VMPO-MPN Hmx2 Gaba_2,CCN20230722_CLUS,CS20230722_SUPT_0483,CCN20230722_SUPT,4,1890,cluster,#569900,1,159
CS20230722_CLUS_1892,1892 PVpo-VMPO-MPN Hmx2 Gaba_2,CCN20230722_CLUS,CS20230722_SUPT_0483,CCN20230722_SUPT,4,1891,cluster,#FF99CF,1,114
CS20230722_CLUS_1893,1893 PVpo-VMPO-MPN Hmx2 Gaba_2,CCN20230722_CLUS,CS20230722_SUPT_0483,CCN20230722_SUPT,4,1892,cluster,#009971,1,274
CS20230722_CLUS_1894,1894 PVpo-VMPO-MPN Hmx2 Gaba_2,CCN20230722_CLUS,CS20230722_SUPT_0483,CCN20230722_SUPT,4,1893,cluster,#0F6637,1,302
CS20230722_CLUS_1895,1895 PVpo-VMPO-MPN Hmx2 Gaba_2,CCN20230722_CLUS,CS20230722_SUPT_0483,CCN20230722_SUPT,4,1894,cluster,#695C99,1,163
CS20230722_CLUS_1896,1896 PVpo-VMPO-MPN Hmx2 Gaba_2,CCN20230722_CLUS,CS20230722_SUPT_0483,CCN20230722_SUPT,4,1895,cluster,#990097,1,89
CS20230722_CLUS_1897,1897 PVpo-VMPO-MPN Hmx2 Gaba_2,CCN20230722_CLUS,CS20230722_SUPT_0483,CCN20230722_SUPT,4,1896,cluster,#99945C,1,49
CS20230722_CLUS_1898,1898 PVpo-VMPO-MPN Hmx2 Gaba_2,CCN20230722_CLUS,CS20230722_SUPT_0483,CCN20230722_SUPT,4,1897,cluster,#456B99,1,131
CS20230722_CLUS_1899,1899 PVpo-VMPO-MPN Hmx2 Gaba_2,CCN20230722_CLUS,CS20230722_SUPT_0483,CCN20230722_SUPT,4,1898,cluster,#1F59CC,1,90
CS20230722_CLUS_1900,1900 PVpo-VMPO-MPN Hmx2 Gaba_2,CCN20230722_CLUS,CS20230722_SUPT_0483,CCN20230722_SUPT,4,1899,cluster,#660F41,1,167
CS20230722_CLUS_1901,1901 PVpo-VMPO-MPN Hmx2 Gaba_2,CCN20230722_CLUS,CS20230722_SUPT_0483,CCN20230722_SUPT,4,1900,cluster,#929917,1,147
CS20230722_CLUS_1902,1902 PVpo-VMPO-MPN Hmx2 Gaba_2,CCN20230722_CLUS,CS20230722_SUPT_0483,CCN20230722_SUPT,4,1901,cluster,#7FCC7A,1,91
CS20230722_CLUS_1903,1903 PVpo-VMPO-MPN Hmx2 Gaba_2,CCN20230722_CLUS,CS20230722_SUPT_0483,CCN20230722_SUPT,4,1902,cluster,#C54DFF,1,118
CS20230722_CLUS_1904,1904 PVpo-VMPO-MPN Hmx2 Gaba_3,CCN20230722_CLUS,CS20230722_SUPT_0484,CCN20230722_SUPT,4,1903,cluster,#CC1FA6,1,98
CS20230722_CLUS_1905,1905 PVpo-VMPO-MPN Hmx2 Gaba_3,CCN20230722_CLUS,CS20230722_SUPT_0484,CCN20230722_SUPT,4,1904,cluster,#8E995C,1,54
CS20230722_CLUS_1906,1906 PVpo-VMPO-MPN Hmx2 Gaba_3,CCN20230722_CLUS,CS20230722_SUPT_0484,CCN20230722_SUPT,4,1905,cluster,#3D96CC,1,147
CS20230722_CLUS_1907,1907 PVpo-VMPO-MPN Hmx2 Gaba_3,CCN20230722_CLUS,CS20230722_SUPT_0484,CCN20230722_SUPT,4,1906,cluster,#669917,1,77
CS20230722_CLUS_1908,1908 PVpo-VMPO-MPN Hmx2 Gaba_3,CCN20230722_CLUS,CS20230722_SUPT_0484,CCN20230722_SUPT,4,1907,cluster,#CC7D3D,1,258
CS20230722_CLUS_1909,1909 PVpo-VMPO-MPN Hmx2 Gaba_3,CCN20230722_CLUS,CS20230722_SUPT_0484,CCN20230722_SUPT,4,1908,cluster,#CC5CC4,1,160
CS20230722_CLUS_1910,1910 PVpo-VMPO-MPN Hmx2 Gaba_4,CCN20230722_CLUS,CS20230722_SUPT_0485,CCN20230722_SUPT,4,1909,cluster,#005DCC,1,135
CS20230722_CLUS_1911,1911 PVpo-VMPO-MPN Hmx2 Gaba_4,CCN20230722_CLUS,CS20230722_SUPT_0485,CCN20230722_SUPT,4,1910,cluster,#45995E,1,125
CS20230722_CLUS_1912,1912 PVpo-VMPO-MPN Hmx2 Gaba_5,CCN20230722_CLUS,CS20230722_SUPT_0486,CCN20230722_SUPT,4,1911,cluster,#5CCCB5,1,157
CS20230722_CLUS_1913,1913 PVpo-VMPO-MPN Hmx2 Gaba_5,CCN20230722_CLUS,CS20230722_SUPT_0486,CCN20230722_SUPT,4,1912,cluster,#99454D,1,113
CS20230722_CLUS_1914,1914 PVpo-VMPO-MPN Hmx2 Gaba_5,CCN20230722_CLUS,CS20230722_SUPT_0486,CCN20230722_SUPT,4,1913,cluster,#CC1F7B,1,204
CS20230722_CLUS_1915,1915 PVpo-VMPO-MPN Hmx2 Gaba_5,CCN20230722_CLUS,CS20230722_SUPT_0486,CCN20230722_SUPT,4,1914,cluster,#C973FF,1,265
CS20230722_CLUS_1916,1916 PVpo-VMPO-MPN Hmx2 Gaba_5,CCN20230722_CLUS,CS20230722_SUPT_0486,CCN20230722_SUPT,4,1915,cluster,#645C99,1,194
CS20230722_CLUS_1917,1917 DMH Hmx2 Gaba_1,CCN20230722_CLUS,CS20230722_SUPT_0487,CCN20230722_SUPT,4,1916,cluster,#3DCCB1,1,108
CS20230722_CLUS_1918,1918 DMH Hmx2 Gaba_1,CCN20230722_CLUS,CS20230722_SUPT_0487,CCN20230722_SUPT,4,1917,cluster,#5C7199,1,196
CS20230722_CLUS_1919,1919 DMH Hmx2 Gaba_1,CCN20230722_CLUS,CS20230722_SUPT_0487,CCN20230722_SUPT,4,1918,cluster,#CC403D,1,159
CS20230722_CLUS_1920,1920 DMH Hmx2 Gaba_1,CCN20230722_CLUS,CS20230722_SUPT_0487,CCN20230722_SUPT,4,1919,cluster,#00FF81,1,28
CS20230722_CLUS_1921,1921 DMH Hmx2 Gaba_1,CCN20230722_CLUS,CS20230722_SUPT_0487,CCN20230722_SUPT,4,1920,cluster,#3DCCB4,1,130
CS20230722_CLUS_1922,1922 DMH Hmx2 Gaba_1,CCN20230722_CLUS,CS20230722_SUPT_0487,CCN20230722_SUPT,4,1921,cluster,#6D1FCC,1,200
CS20230722_CLUS_1923,1923 DMH Hmx2 Gaba_1,CCN20230722_CLUS,CS20230722_SUPT_0487,CCN20230722_SUPT,4,1922,cluster,#1FCC2E,1,114
CS20230722_CLUS_1924,1924 DMH Hmx2 Gaba_1,CCN20230722_CLUS,CS20230722_SUPT_0487,CCN20230722_SUPT,4,1923,cluster,#99004E,1,139
CS20230722_CLUS_1925,1925 DMH Hmx2 Gaba_1,CCN20230722_CLUS,CS20230722_SUPT_0487,CCN20230722_SUPT,4,1924,cluster,#179998,1,362
CS20230722_CLUS_1926,1926 DMH Hmx2 Gaba_1,CCN20230722_CLUS,CS20230722_SUPT_0487,CCN20230722_SUPT,4,1925,cluster,#8673FF,1,181
CS20230722_CLUS_1927,1927 DMH Hmx2 Gaba_1,CCN20230722_CLUS,CS20230722_SUPT_0487,CCN20230722_SUPT,4,1926,cluster,#106600,1,196
CS20230722_CLUS_1928,1928 DMH Hmx2 Gaba_2,CCN20230722_CLUS,CS20230722_SUPT_0488,CCN20230722_SUPT,4,1927,cluster,#9F7ACC,1,393
CS20230722_CLUS_1929,1929 DMH Hmx2 Gaba_2,CCN20230722_CLUS,CS20230722_SUPT_0488,CCN20230722_SUPT,4,1928,cluster,#76995C,1,94
CS20230722_CLUS_1930,1930 DMH Hmx2 Gaba_2,CCN20230722_CLUS,CS20230722_SUPT_0488,CCN20230722_SUPT,4,1929,cluster,#E426FF,1,72
CS20230722_CLUS_1931,1931 DMH Hmx2 Gaba_2,CCN20230722_CLUS,CS20230722_SUPT_0488,CCN20230722_SUPT,4,1930,cluster,#660F39,1,108
CS20230722_CLUS_1932,1932 DMH Hmx2 Gaba_2,CCN20230722_CLUS,CS20230722_SUPT_0488,CCN20230722_SUPT,4,1931,cluster,#66531F,1,87
CS20230722_CLUS_1933,1933 DMH Hmx2 Gaba_2,CCN20230722_CLUS,CS20230722_SUPT_0488,CCN20230722_SUPT,4,1932,cluster,#0053FF,1,55
CS20230722_CLUS_1934,1934 DMH Hmx2 Gaba_2,CCN20230722_CLUS,CS20230722_SUPT_0488,CCN20230722_SUPT,4,1933,cluster,#ADFF99,1,114
CS20230722_CLUS_1935,1935 DMH Hmx2 Gaba_2,CCN20230722_CLUS,CS20230722_SUPT_0488,CCN20230722_SUPT,4,1934,cluster,#2E995A,1,123
CS20230722_CLUS_1936,1936 DMH Hmx2 Gaba_2,CCN20230722_CLUS,CS20230722_SUPT_0488,CCN20230722_SUPT,4,1935,cluster,#7200CC,1,116
CS20230722_CLUS_1937,1937 DMH Hmx2 Gaba_3,CCN20230722_CLUS,CS20230722_SUPT_0489,CCN20230722_SUPT,4,1936,cluster,#48FF00,1,153
CS20230722_CLUS_1938,1938 DMH Hmx2 Gaba_3,CCN20230722_CLUS,CS20230722_SUPT_0489,CCN20230722_SUPT,4,1937,cluster,#66322E,1,180
CS20230722_CLUS_1939,1939 DMH Hmx2 Gaba_3,CCN20230722_CLUS,CS20230722_SUPT_0489,CCN20230722_SUPT,4,1938,cluster,#004266,1,101
CS20230722_CLUS_1940,1940 DMH Hmx2 Gaba_3,CCN20230722_CLUS,CS20230722_SUPT_0489,CCN20230722_SUPT,4,1939,cluster,#995C61,1,114
CS20230722_CLUS_1941,1941 DMH Hmx2 Gaba_3,CCN20230722_CLUS,CS20230722_SUPT_0489,CCN20230722_SUPT,4,1940,cluster,#66560F,1,157
CS20230722_CLUS_1942,1942 DMH Hmx2 Gaba_3,CCN20230722_CLUS,CS20230722_SUPT_0489,CCN20230722_SUPT,4,1941,cluster,#997B2E,1,158
CS20230722_CLUS_1943,1943 DMH Hmx2 Gaba_3,CCN20230722_CLUS,CS20230722_SUPT_0489,CCN20230722_SUPT,4,1942,cluster,#000166,1,143
CS20230722_CLUS_1944,1944 DMH Hmx2 Gaba_3,CCN20230722_CLUS,CS20230722_SUPT_0489,CCN20230722_SUPT,4,1943,cluster,#BBFF99,1,130
CS20230722_CLUS_1945,1945 DMH Hmx2 Gaba_3,CCN20230722_CLUS,CS20230722_SUPT_0489,CCN20230722_SUPT,4,1944,cluster,#422E66,1,241
CS20230722_CLUS_1946,1946 DMH Hmx2 Gaba_4,CCN20230722_CLUS,CS20230722_SUPT_0490,CCN20230722_SUPT,4,1945,cluster,#FF2674,1,180
CS20230722_CLUS_1947,1947 DMH Hmx2 Gaba_4,CCN20230722_CLUS,CS20230722_SUPT_0490,CCN20230722_SUPT,4,1946,cluster,#9AFF4D,1,109
CS20230722_CLUS_1948,1948 DMH Hmx2 Gaba_4,CCN20230722_CLUS,CS20230722_SUPT_0490,CCN20230722_SUPT,4,1947,cluster,#5C88CC,1,158
CS20230722_CLUS_1949,1949 DMH Hmx2 Gaba_4,CCN20230722_CLUS,CS20230722_SUPT_0490,CCN20230722_SUPT,4,1948,cluster,#642E99,1,54
CS20230722_CLUS_1950,1950 DMH Hmx2 Gaba_4,CCN20230722_CLUS,CS20230722_SUPT_0490,CCN20230722_SUPT,4,1949,cluster,#3D6266,1,74
CS20230722_CLUS_1951,1951 DMH Hmx2 Gaba_4,CCN20230722_CLUS,CS20230722_SUPT_0490,CCN20230722_SUPT,4,1950,cluster,#CC917A,1,79
CS20230722_CLUS_1952,1952 DMH Hmx2 Gaba_5,CCN20230722_CLUS,CS20230722_SUPT_0491,CCN20230722_SUPT,4,1951,cluster,#70CC00,1,95
CS20230722_CLUS_1953,1953 DMH Hmx2 Gaba_5,CCN20230722_CLUS,CS20230722_SUPT_0491,CCN20230722_SUPT,4,1952,cluster,#7ABDCC,1,137
CS20230722_CLUS_1954,1954 DMH Hmx2 Gaba_5,CCN20230722_CLUS,CS20230722_SUPT_0491,CCN20230722_SUPT,4,1953,cluster,#CC008A,1,46
CS20230722_CLUS_1955,1955 DMH Hmx2 Gaba_5,CCN20230722_CLUS,CS20230722_SUPT_0491,CCN20230722_SUPT,4,1954,cluster,#003B66,1,190
CS20230722_CLUS_1956,1956 DMH Hmx2 Gaba_5,CCN20230722_CLUS,CS20230722_SUPT_0491,CCN20230722_SUPT,4,1955,cluster,#9C00CC,1,169
CS20230722_CLUS_1957,1957 DMH Hmx2 Gaba_5,CCN20230722_CLUS,CS20230722_SUPT_0491,CCN20230722_SUPT,4,1956,cluster,#26B0FF,1,63
CS20230722_CLUS_1958,1958 DMH Hmx2 Gaba_6,CCN20230722_CLUS,CS20230722_SUPT_0492,CCN20230722_SUPT,4,1957,cluster,#D14DFF,1,114
CS20230722_CLUS_1959,1959 DMH Hmx2 Gaba_6,CCN20230722_CLUS,CS20230722_SUPT_0492,CCN20230722_SUPT,4,1958,cluster,#664D3D,1,533
CS20230722_CLUS_1960,1960 DMH Hmx2 Gaba_6,CCN20230722_CLUS,CS20230722_SUPT_0492,CCN20230722_SUPT,4,1959,cluster,#7A7BCC,1,100
CS20230722_CLUS_1961,1961 ARH-PVp Tbx3 Gaba_1,CCN20230722_CLUS,CS20230722_SUPT_0493,CCN20230722_SUPT,4,1960,cluster,#A67ACC,1,307
CS20230722_CLUS_1962,1962 ARH-PVp Tbx3 Gaba_1,CCN20230722_CLUS,CS20230722_SUPT_0493,CCN20230722_SUPT,4,1961,cluster,#140F66,1,520
CS20230722_CLUS_1963,1963 ARH-PVp Tbx3 Gaba_1,CCN20230722_CLUS,CS20230722_SUPT_0493,CCN20230722_SUPT,4,1962,cluster,#AE5CCC,1,117
CS20230722_CLUS_1964,1964 ARH-PVp Tbx3 Gaba_1,CCN20230722_CLUS,CS20230722_SUPT_0493,CCN20230722_SUPT,4,1963,cluster,#CEFF26,1,110
CS20230722_CLUS_1965,1965 ARH-PVp Tbx3 Gaba_2,CCN20230722_CLUS,CS20230722_SUPT_0494,CCN20230722_SUPT,4,1964,cluster,#66402E,1,105
CS20230722_CLUS_1966,1966 ARH-PVp Tbx3 Gaba_2,CCN20230722_CLUS,CS20230722_SUPT_0494,CCN20230722_SUPT,4,1965,cluster,#779917,1,170
CS20230722_CLUS_1967,1967 ARH-PVp Tbx3 Gaba_2,CCN20230722_CLUS,CS20230722_SUPT_0494,CCN20230722_SUPT,4,1966,cluster,#99755C,1,365
CS20230722_CLUS_1968,1968 ARH-PVp Tbx3 Gaba_3,CCN20230722_CLUS,CS20230722_SUPT_0495,CCN20230722_SUPT,4,1967,cluster,#5D9900,1,168
CS20230722_CLUS_1969,1969 ARH-PVp Tbx3 Gaba_3,CCN20230722_CLUS,CS20230722_SUPT_0495,CCN20230722_SUPT,4,1968,cluster,#7D1FCC,1,329
CS20230722_CLUS_1970,1970 ARH-PVp Tbx3 Gaba_3,CCN20230722_CLUS,CS20230722_SUPT_0495,CCN20230722_SUPT,4,1969,cluster,#95FF73,1,457
CS20230722_CLUS_1971,1971 ARH-PVp Tbx3 Gaba_3,CCN20230722_CLUS,CS20230722_SUPT_0495,CCN20230722_SUPT,4,1970,cluster,#409917,1,506
CS20230722_CLUS_1972,1972 LGv-ZI Otx2 Gaba_1,CCN20230722_CLUS,CS20230722_SUPT_0496,CCN20230722_SUPT,4,1971,cluster,#995A17,1,87
CS20230722_CLUS_1973,1973 LGv-ZI Otx2 Gaba_1,CCN20230722_CLUS,CS20230722_SUPT_0496,CCN20230722_SUPT,4,1972,cluster,#CC99FF,1,225
CS20230722_CLUS_1974,1974 LGv-ZI Otx2 Gaba_1,CCN20230722_CLUS,CS20230722_SUPT_0496,CCN20230722_SUPT,4,1973,cluster,#CC973D,1,129
CS20230722_CLUS_1975,1975 LGv-ZI Otx2 Gaba_1,CCN20230722_CLUS,CS20230722_SUPT_0496,CCN20230722_SUPT,4,1974,cluster,#FFD326,1,282
CS20230722_CLUS_1976,1976 LGv-ZI Otx2 Gaba_1,CCN20230722_CLUS,CS20230722_SUPT_0496,CCN20230722_SUPT,4,1975,cluster,#3D0066,1,120
CS20230722_CLUS_1977,1977 LGv-ZI Otx2 Gaba_2,CCN20230722_CLUS,CS20230722_SUPT_0497,CCN20230722_SUPT,4,1976,cluster,#665E1F,1,314
CS20230722_CLUS_1978,1978 LGv-ZI Otx2 Gaba_2,CCN20230722_CLUS,CS20230722_SUPT_0497,CCN20230722_SUPT,4,1977,cluster,#3DCC9B,1,275
CS20230722_CLUS_1979,1979 LGv-ZI Otx2 Gaba_3,CCN20230722_CLUS,CS20230722_SUPT_0498,CCN20230722_SUPT,4,1978,cluster,#4326FF,1,193
CS20230722_CLUS_1980,1980 LGv-ZI Otx2 Gaba_4,CCN20230722_CLUS,CS20230722_SUPT_0499,CCN20230722_SUPT,4,1979,cluster,#994554,1,421
CS20230722_CLUS_1981,1981 LGv-ZI Otx2 Gaba_4,CCN20230722_CLUS,CS20230722_SUPT_0499,CCN20230722_SUPT,4,1980,cluster,#73FFD8,1,351
CS20230722_CLUS_1982,1982 LGv-ZI Otx2 Gaba_4,CCN20230722_CLUS,CS20230722_SUPT_0499,CCN20230722_SUPT,4,1981,cluster,#7B1799,1,208
CS20230722_CLUS_1983,1983 LGv-ZI Otx2 Gaba_4,CCN20230722_CLUS,CS20230722_SUPT_0499,CCN20230722_SUPT,4,1982,cluster,#99003A,1,300
CS20230722_CLUS_1984,1984 LGv-ZI Otx2 Gaba_5,CCN20230722_CLUS,CS20230722_SUPT_0500,CCN20230722_SUPT,4,1983,cluster,#99007E,1,439
CS20230722_CLUS_1985,1985 LGv-ZI Otx2 Gaba_5,CCN20230722_CLUS,CS20230722_SUPT_0500,CCN20230722_SUPT,4,1984,cluster,#5CCCA8,1,133
CS20230722_CLUS_1986,1986 LGv-ZI Otx2 Gaba_5,CCN20230722_CLUS,CS20230722_SUPT_0500,CCN20230722_SUPT,4,1985,cluster,#4DADFF,1,353
CS20230722_CLUS_1987,1987 LGv-ZI Otx2 Gaba_5,CCN20230722_CLUS,CS20230722_SUPT_0500,CCN20230722_SUPT,4,1986,cluster,#FF8B4D,1,757
CS20230722_CLUS_1988,1988 LGv-ZI Otx2 Gaba_5,CCN20230722_CLUS,CS20230722_SUPT_0500,CCN20230722_SUPT,4,1987,cluster,#0F665E,1,543
CS20230722_CLUS_1989,1989 BST-po Iigp1 Glut_1,CCN20230722_CLUS,CS20230722_SUPT_0501,CCN20230722_SUPT,4,1988,cluster,#663D58,1,155
CS20230722_CLUS_1990,1990 TRS-BAC Sln Glut_1,CCN20230722_CLUS,CS20230722_SUPT_0502,CCN20230722_SUPT,4,1989,cluster,#99FF99,1,938
CS20230722_CLUS_1991,1991 TRS-BAC Sln Glut_1,CCN20230722_CLUS,CS20230722_SUPT_0502,CCN20230722_SUPT,4,1990,cluster,#455199,1,29
CS20230722_CLUS_1992,1992 TRS-BAC Sln Glut_1,CCN20230722_CLUS,CS20230722_SUPT_0502,CCN20230722_SUPT,4,1991,cluster,#1F6644,1,71
CS20230722_CLUS_1993,1993 TRS-BAC Sln Glut_2,CCN20230722_CLUS,CS20230722_SUPT_0503,CCN20230722_SUPT,4,1992,cluster,#99006D,1,95
CS20230722_CLUS_1994,1994 TRS-BAC Sln Glut_2,CCN20230722_CLUS,CS20230722_SUPT_0503,CCN20230722_SUPT,4,1993,cluster,#995C6E,1,61
CS20230722_CLUS_1995,1995 GPi Tbr1 Cngb3 Gaba-Glut_1,CCN20230722_CLUS,CS20230722_SUPT_0504,CCN20230722_SUPT,4,1994,cluster,#26FFA8,1,183
CS20230722_CLUS_1996,1996 GPi Tbr1 Cngb3 Gaba-Glut_1,CCN20230722_CLUS,CS20230722_SUPT_0504,CCN20230722_SUPT,4,1995,cluster,#2E662E,1,163
CS20230722_CLUS_1997,1997 GPi Tbr1 Cngb3 Gaba-Glut_1,CCN20230722_CLUS,CS20230722_SUPT_0504,CCN20230722_SUPT,4,1996,cluster,#662F2E,1,114
CS20230722_CLUS_1998,1998 MEA-COA-BMA Ccdc42 Glut_1,CCN20230722_CLUS,CS20230722_SUPT_0505,CCN20230722_SUPT,4,1997,cluster,#994565,1,496
CS20230722_CLUS_1999,1999 MEA-COA-BMA Ccdc42 Glut_1,CCN20230722_CLUS,CS20230722_SUPT_0505,CCN20230722_SUPT,4,1998,cluster,#0078CC,1,88
CS20230722_CLUS_2000,2000 MEA-COA-BMA Ccdc42 Glut_1,CCN20230722_CLUS,CS20230722_SUPT_0505,CCN20230722_SUPT,4,1999,cluster,#66643D,1,695
CS20230722_CLUS_2001,2001 MEA-COA-BMA Ccdc42 Glut_1,CCN20230722_CLUS,CS20230722_SUPT_0505,CCN20230722_SUPT,4,2000,cluster,#2E4C99,1,349
CS20230722_CLUS_2002,2002 MEA-COA-BMA Ccdc42 Glut_1,CCN20230722_CLUS,CS20230722_SUPT_0505,CCN20230722_SUPT,4,2001,cluster,#17995E,1,145
CS20230722_CLUS_2003,2003 MEA-COA-BMA Ccdc42 Glut_1,CCN20230722_CLUS,CS20230722_SUPT_0505,CCN20230722_SUPT,4,2002,cluster,#76FF4D,1,645
CS20230722_CLUS_2004,2004 MEA-COA-BMA Ccdc42 Glut_2,CCN20230722_CLUS,CS20230722_SUPT_0506,CCN20230722_SUPT,4,2003,cluster,#7388FF,1,1387
CS20230722_CLUS_2005,2005 MEA-COA-BMA Ccdc42 Glut_3,CCN20230722_CLUS,CS20230722_SUPT_0507,CCN20230722_SUPT,4,2004,cluster,#3F0F66,1,60
CS20230722_CLUS_2006,2006 MEA-COA-BMA Ccdc42 Glut_3,CCN20230722_CLUS,CS20230722_SUPT_0507,CCN20230722_SUPT,4,2005,cluster,#1F662C,1,7871
CS20230722_CLUS_2007,2007 MEA-COA-BMA Ccdc42 Glut_3,CCN20230722_CLUS,CS20230722_SUPT_0507,CCN20230722_SUPT,4,2006,cluster,#66441F,1,532
CS20230722_CLUS_2008,2008 MEA-COA-BMA Ccdc42 Glut_3,CCN20230722_CLUS,CS20230722_SUPT_0507,CCN20230722_SUPT,4,2007,cluster,#00CC91,1,1090
CS20230722_CLUS_2009,2009 MEA-COA-BMA Ccdc42 Glut_3,CCN20230722_CLUS,CS20230722_SUPT_0507,CCN20230722_SUPT,4,2008,cluster,#3E1FCC,1,46
CS20230722_CLUS_2010,2010 MEA-COA-BMA Ccdc42 Glut_4,CCN20230722_CLUS,CS20230722_SUPT_0508,CCN20230722_SUPT,4,2009,cluster,#C9FF26,1,598
CS20230722_CLUS_2011,2011 MEA-COA-BMA Ccdc42 Glut_4,CCN20230722_CLUS,CS20230722_SUPT_0508,CCN20230722_SUPT,4,2010,cluster,#660400,1,495
CS20230722_CLUS_2012,2012 MEA-COA-BMA Ccdc42 Glut_4,CCN20230722_CLUS,CS20230722_SUPT_0508,CCN20230722_SUPT,4,2011,cluster,#66420F,1,108
CS20230722_CLUS_2013,2013 MEA-COA-BMA Ccdc42 Glut_4,CCN20230722_CLUS,CS20230722_SUPT_0508,CCN20230722_SUPT,4,2012,cluster,#759945,1,246
CS20230722_CLUS_2014,2014 COAa-PAA-MEA Barhl2 Glut_1,CCN20230722_CLUS,CS20230722_SUPT_0509,CCN20230722_SUPT,4,2013,cluster,#4DFFC4,1,52
CS20230722_CLUS_2015,2015 COAa-PAA-MEA Barhl2 Glut_1,CCN20230722_CLUS,CS20230722_SUPT_0509,CCN20230722_SUPT,4,2014,cluster,#FF0091,1,315
CS20230722_CLUS_2016,2016 COAa-PAA-MEA Barhl2 Glut_1,CCN20230722_CLUS,CS20230722_SUPT_0509,CCN20230722_SUPT,4,2015,cluster,#2E9970,1,569
CS20230722_CLUS_2017,2017 COAa-PAA-MEA Barhl2 Glut_1,CCN20230722_CLUS,CS20230722_SUPT_0509,CCN20230722_SUPT,4,2016,cluster,#2E665E,1,950
CS20230722_CLUS_2018,2018 COAa-PAA-MEA Barhl2 Glut_1,CCN20230722_CLUS,CS20230722_SUPT_0509,CCN20230722_SUPT,4,2017,cluster,#995717,1,711
CS20230722_CLUS_2019,2019 COAa-PAA-MEA Barhl2 Glut_1,CCN20230722_CLUS,CS20230722_SUPT_0509,CCN20230722_SUPT,4,2018,cluster,#3D56CC,1,678
CS20230722_CLUS_2020,2020 COAa-PAA-MEA Barhl2 Glut_1,CCN20230722_CLUS,CS20230722_SUPT_0509,CCN20230722_SUPT,4,2019,cluster,#901799,1,152
CS20230722_CLUS_2021,2021 COAa-PAA-MEA Barhl2 Glut_1,CCN20230722_CLUS,CS20230722_SUPT_0509,CCN20230722_SUPT,4,2020,cluster,#3600CC,1,200
CS20230722_CLUS_2022,2022 COAa-PAA-MEA Barhl2 Glut_1,CCN20230722_CLUS,CS20230722_SUPT_0509,CCN20230722_SUPT,4,2021,cluster,#7326FF,1,144
CS20230722_CLUS_2023,2023 COAa-PAA-MEA Barhl2 Glut_1,CCN20230722_CLUS,CS20230722_SUPT_0509,CCN20230722_SUPT,4,2022,cluster,#0041FF,1,381
CS20230722_CLUS_2024,2024 COAa-PAA-MEA Barhl2 Glut_2,CCN20230722_CLUS,CS20230722_SUPT_0510,CCN20230722_SUPT,4,2023,cluster,#64663D,1,175
CS20230722_CLUS_2025,2025 COAa-PAA-MEA Barhl2 Glut_2,CCN20230722_CLUS,CS20230722_SUPT_0510,CCN20230722_SUPT,4,2024,cluster,#99735C,1,214
CS20230722_CLUS_2026,2026 COAa-PAA-MEA Barhl2 Glut_2,CCN20230722_CLUS,CS20230722_SUPT_0510,CCN20230722_SUPT,4,2025,cluster,#5C663D,1,300
CS20230722_CLUS_2027,2027 COAa-PAA-MEA Barhl2 Glut_3,CCN20230722_CLUS,CS20230722_SUPT_0511,CCN20230722_SUPT,4,2026,cluster,#0F661E,1,330
CS20230722_CLUS_2028,2028 COAa-PAA-MEA Barhl2 Glut_3,CCN20230722_CLUS,CS20230722_SUPT_0511,CCN20230722_SUPT,4,2027,cluster,#2E5D66,1,225
CS20230722_CLUS_2029,2029 COAa-PAA-MEA Barhl2 Glut_3,CCN20230722_CLUS,CS20230722_SUPT_0511,CCN20230722_SUPT,4,2028,cluster,#2E663B,1,533
CS20230722_CLUS_2030,2030 COAa-PAA-MEA Barhl2 Glut_3,CCN20230722_CLUS,CS20230722_SUPT_0511,CCN20230722_SUPT,4,2029,cluster,#7ABBCC,1,125
CS20230722_CLUS_2031,2031 COAa-PAA-MEA Barhl2 Glut_3,CCN20230722_CLUS,CS20230722_SUPT_0511,CCN20230722_SUPT,4,2030,cluster,#26C8FF,1,155
CS20230722_CLUS_2032,2032 COAa-PAA-MEA Barhl2 Glut_4,CCN20230722_CLUS,CS20230722_SUPT_0512,CCN20230722_SUPT,4,2031,cluster,#9C1FCC,1,120
CS20230722_CLUS_2033,2033 COAa-PAA-MEA Barhl2 Glut_4,CCN20230722_CLUS,CS20230722_SUPT_0512,CCN20230722_SUPT,4,2032,cluster,#2662FF,1,110
CS20230722_CLUS_2034,2034 COAa-PAA-MEA Barhl2 Glut_4,CCN20230722_CLUS,CS20230722_SUPT_0512,CCN20230722_SUPT,4,2033,cluster,#4E3DCC,1,772
CS20230722_CLUS_2035,2035 COAa-PAA-MEA Barhl2 Glut_5,CCN20230722_CLUS,CS20230722_SUPT_0513,CCN20230722_SUPT,4,2034,cluster,#997A45,1,349
CS20230722_CLUS_2036,2036 COAa-PAA-MEA Barhl2 Glut_5,CCN20230722_CLUS,CS20230722_SUPT_0513,CCN20230722_SUPT,4,2035,cluster,#3A1FCC,1,267
CS20230722_CLUS_2037,2037 COAa-PAA-MEA Barhl2 Glut_5,CCN20230722_CLUS,CS20230722_SUPT_0513,CCN20230722_SUPT,4,2036,cluster,#CC7AC6,1,133
CS20230722_CLUS_2038,2038 COAa-PAA-MEA Barhl2 Glut_6,CCN20230722_CLUS,CS20230722_SUPT_0514,CCN20230722_SUPT,4,2037,cluster,#26D2FF,1,74
CS20230722_CLUS_2039,2039 COAa-PAA-MEA Barhl2 Glut_6,CCN20230722_CLUS,CS20230722_SUPT_0514,CCN20230722_SUPT,4,2038,cluster,#458A99,1,106
CS20230722_CLUS_2040,2040 COAa-PAA-MEA Barhl2 Glut_6,CCN20230722_CLUS,CS20230722_SUPT_0514,CCN20230722_SUPT,4,2039,cluster,#CCA700,1,313
CS20230722_CLUS_2041,2041 COAa-PAA-MEA Barhl2 Glut_7,CCN20230722_CLUS,CS20230722_SUPT_0515,CCN20230722_SUPT,4,2040,cluster,#00FF58,1,343
CS20230722_CLUS_2042,2042 COAa-PAA-MEA Barhl2 Glut_7,CCN20230722_CLUS,CS20230722_SUPT_0515,CCN20230722_SUPT,4,2041,cluster,#59992E,1,364
CS20230722_CLUS_2043,2043 COAa-PAA-MEA Barhl2 Glut_7,CCN20230722_CLUS,CS20230722_SUPT_0515,CCN20230722_SUPT,4,2042,cluster,#009952,1,167
CS20230722_CLUS_2044,2044 COAa-PAA-MEA Barhl2 Glut_7,CCN20230722_CLUS,CS20230722_SUPT_0515,CCN20230722_SUPT,4,2043,cluster,#8C1FCC,1,171
CS20230722_CLUS_2045,2045 COAa-PAA-MEA Barhl2 Glut_7,CCN20230722_CLUS,CS20230722_SUPT_0515,CCN20230722_SUPT,4,2044,cluster,#775C99,1,210
CS20230722_CLUS_2046,2046 COAa-PAA-MEA Barhl2 Glut_7,CCN20230722_CLUS,CS20230722_SUPT_0515,CCN20230722_SUPT,4,2045,cluster,#006607,1,42
CS20230722_CLUS_2047,2047 COAa-PAA-MEA Barhl2 Glut_7,CCN20230722_CLUS,CS20230722_SUPT_0515,CCN20230722_SUPT,4,2046,cluster,#FF26A5,1,57
CS20230722_CLUS_2048,2048 COAa-PAA-MEA Barhl2 Glut_7,CCN20230722_CLUS,CS20230722_SUPT_0515,CCN20230722_SUPT,4,2047,cluster,#004B99,1,81
CS20230722_CLUS_2049,2049 COAa-PAA-MEA Barhl2 Glut_8,CCN20230722_CLUS,CS20230722_SUPT_0516,CCN20230722_SUPT,4,2048,cluster,#FFAB4D,1,56
CS20230722_CLUS_2050,2050 COAa-PAA-MEA Barhl2 Glut_8,CCN20230722_CLUS,CS20230722_SUPT_0516,CCN20230722_SUPT,4,2049,cluster,#80995C,1,36
CS20230722_CLUS_2051,2051 COAa-PAA-MEA Barhl2 Glut_8,CCN20230722_CLUS,CS20230722_SUPT_0516,CCN20230722_SUPT,4,2050,cluster,#58663D,1,39
CS20230722_CLUS_2052,2052 COAa-PAA-MEA Barhl2 Glut_8,CCN20230722_CLUS,CS20230722_SUPT_0516,CCN20230722_SUPT,4,2051,cluster,#0F3F66,1,33
CS20230722_CLUS_2053,2053 COAa-PAA-MEA Barhl2 Glut_9,CCN20230722_CLUS,CS20230722_SUPT_0517,CCN20230722_SUPT,4,2052,cluster,#1F6466,1,120
CS20230722_CLUS_2054,2054 MS-SF Bsx Glut_1,CCN20230722_CLUS,CS20230722_SUPT_0518,CCN20230722_SUPT,4,2053,cluster,#660058,1,61
CS20230722_CLUS_2055,2055 MS-SF Bsx Glut_1,CCN20230722_CLUS,CS20230722_SUPT_0518,CCN20230722_SUPT,4,2054,cluster,#FFB099,1,72
CS20230722_CLUS_2056,2056 MS-SF Bsx Glut_1,CCN20230722_CLUS,CS20230722_SUPT_0518,CCN20230722_SUPT,4,2055,cluster,#17995B,1,161
CS20230722_CLUS_2057,2057 MS-SF Bsx Glut_1,CCN20230722_CLUS,CS20230722_SUPT_0518,CCN20230722_SUPT,4,2056,cluster,#FF00B9,1,51
CS20230722_CLUS_2058,2058 MS-SF Bsx Glut_1,CCN20230722_CLUS,CS20230722_SUPT_0518,CCN20230722_SUPT,4,2057,cluster,#7382FF,1,82
CS20230722_CLUS_2059,2059 MS-SF Bsx Glut_1,CCN20230722_CLUS,CS20230722_SUPT_0518,CCN20230722_SUPT,4,2058,cluster,#CACC7A,1,56
CS20230722_CLUS_2060,2060 MS-SF Bsx Glut_1,CCN20230722_CLUS,CS20230722_SUPT_0518,CCN20230722_SUPT,4,2059,cluster,#3D665B,1,129
CS20230722_CLUS_2061,2061 MS-SF Bsx Glut_1,CCN20230722_CLUS,CS20230722_SUPT_0518,CCN20230722_SUPT,4,2060,cluster,#FF4DC0,1,52
CS20230722_CLUS_2062,2062 MS-SF Bsx Glut_1,CCN20230722_CLUS,CS20230722_SUPT_0518,CCN20230722_SUPT,4,2061,cluster,#004DFF,1,57
CS20230722_CLUS_2063,2063 MS-SF Bsx Glut_1,CCN20230722_CLUS,CS20230722_SUPT_0518,CCN20230722_SUPT,4,2062,cluster,#8DFF00,1,77
CS20230722_CLUS_2064,2064 MS-SF Bsx Glut_1,CCN20230722_CLUS,CS20230722_SUPT_0518,CCN20230722_SUPT,4,2063,cluster,#30CC00,1,31
CS20230722_CLUS_2065,2065 MS-SF Bsx Glut_1,CCN20230722_CLUS,CS20230722_SUPT_0518,CCN20230722_SUPT,4,2064,cluster,#8BCC5C,1,45
CS20230722_CLUS_2066,2066 MS-SF Bsx Glut_1,CCN20230722_CLUS,CS20230722_SUPT_0518,CCN20230722_SUPT,4,2065,cluster,#00FF6A,1,42
CS20230722_CLUS_2067,2067 MS-SF Bsx Glut_1,CCN20230722_CLUS,CS20230722_SUPT_0518,CCN20230722_SUPT,4,2066,cluster,#009DCC,1,64
CS20230722_CLUS_2068,2068 MS-SF Bsx Glut_1,CCN20230722_CLUS,CS20230722_SUPT_0518,CCN20230722_SUPT,4,2067,cluster,#FF73BD,1,36
CS20230722_CLUS_2069,2069 MS-SF Bsx Glut_1,CCN20230722_CLUS,CS20230722_SUPT_0518,CCN20230722_SUPT,4,2068,cluster,#4DF1FF,1,55
CS20230722_CLUS_2070,2070 MS-SF Bsx Glut_1,CCN20230722_CLUS,CS20230722_SUPT_0518,CCN20230722_SUPT,4,2069,cluster,#5F660F,1,69
CS20230722_CLUS_2071,2071 MS-SF Bsx Glut_1,CCN20230722_CLUS,CS20230722_SUPT_0518,CCN20230722_SUPT,4,2070,cluster,#9FCC5C,1,23
CS20230722_CLUS_2072,2072 MS-SF Bsx Glut_1,CCN20230722_CLUS,CS20230722_SUPT_0518,CCN20230722_SUPT,4,2071,cluster,#00EEFF,1,28
CS20230722_CLUS_2073,2073 AVPV-MEPO-SFO Tbr1 Glut_1,CCN20230722_CLUS,CS20230722_SUPT_0519,CCN20230722_SUPT,4,2072,cluster,#996C17,1,85
CS20230722_CLUS_2074,2074 AVPV-MEPO-SFO Tbr1 Glut_1,CCN20230722_CLUS,CS20230722_SUPT_0519,CCN20230722_SUPT,4,2073,cluster,#5FFF00,1,55
CS20230722_CLUS_2075,2075 AVPV-MEPO-SFO Tbr1 Glut_1,CCN20230722_CLUS,CS20230722_SUPT_0519,CCN20230722_SUPT,4,2074,cluster,#280F66,1,143
CS20230722_CLUS_2076,2076 AVPV-MEPO-SFO Tbr1 Glut_1,CCN20230722_CLUS,CS20230722_SUPT_0519,CCN20230722_SUPT,4,2075,cluster,#613DCC,1,100
CS20230722_CLUS_2077,2077 AVPV-MEPO-SFO Tbr1 Glut_1,CCN20230722_CLUS,CS20230722_SUPT_0519,CCN20230722_SUPT,4,2076,cluster,#CC1000,1,112
CS20230722_CLUS_2078,2078 AVPV-MEPO-SFO Tbr1 Glut_1,CCN20230722_CLUS,CS20230722_SUPT_0519,CCN20230722_SUPT,4,2077,cluster,#855C99,1,27
CS20230722_CLUS_2079,2079 AVPV-MEPO-SFO Tbr1 Glut_2,CCN20230722_CLUS,CS20230722_SUPT_0520,CCN20230722_SUPT,4,2078,cluster,#663D41,1,197
CS20230722_CLUS_2080,2080 AVPV-MEPO-SFO Tbr1 Glut_2,CCN20230722_CLUS,CS20230722_SUPT_0520,CCN20230722_SUPT,4,2079,cluster,#2E5399,1,114
CS20230722_CLUS_2081,2081 AVPV-MEPO-SFO Tbr1 Glut_2,CCN20230722_CLUS,CS20230722_SUPT_0520,CCN20230722_SUPT,4,2080,cluster,#660041,1,185
CS20230722_CLUS_2082,2082 AVPV-MEPO-SFO Tbr1 Glut_2,CCN20230722_CLUS,CS20230722_SUPT_0520,CCN20230722_SUPT,4,2081,cluster,#5D4599,1,100
CS20230722_CLUS_2083,2083 AVPV-MEPO-SFO Tbr1 Glut_2,CCN20230722_CLUS,CS20230722_SUPT_0520,CCN20230722_SUPT,4,2082,cluster,#7392FF,1,309
CS20230722_CLUS_2084,2084 AVPV-MEPO-SFO Tbr1 Glut_3,CCN20230722_CLUS,CS20230722_SUPT_0521,CCN20230722_SUPT,4,2083,cluster,#7ACC86,1,49
CS20230722_CLUS_2085,2085 AVPV-MEPO-SFO Tbr1 Glut_3,CCN20230722_CLUS,CS20230722_SUPT_0521,CCN20230722_SUPT,4,2084,cluster,#A4CC7A,1,141
CS20230722_CLUS_2086,2086 AVPV-MEPO-SFO Tbr1 Glut_3,CCN20230722_CLUS,CS20230722_SUPT_0521,CCN20230722_SUPT,4,2085,cluster,#504599,1,103
CS20230722_CLUS_2087,2087 AVPV-MEPO-SFO Tbr1 Glut_3,CCN20230722_CLUS,CS20230722_SUPT_0521,CCN20230722_SUPT,4,2086,cluster,#FF99B3,1,103
CS20230722_CLUS_2088,2088 AVPV-MEPO-SFO Tbr1 Glut_3,CCN20230722_CLUS,CS20230722_SUPT_0521,CCN20230722_SUPT,4,2087,cluster,#FFF526,1,42
CS20230722_CLUS_2089,2089 AVPV-MEPO-SFO Tbr1 Glut_3,CCN20230722_CLUS,CS20230722_SUPT_0521,CCN20230722_SUPT,4,2088,cluster,#506600,1,96
CS20230722_CLUS_2090,2090 AVPV-MEPO-SFO Tbr1 Glut_3,CCN20230722_CLUS,CS20230722_SUPT_0521,CCN20230722_SUPT,4,2089,cluster,#0F2466,1,67
CS20230722_CLUS_2091,2091 AVPV-MEPO-SFO Tbr1 Glut_3,CCN20230722_CLUS,CS20230722_SUPT_0521,CCN20230722_SUPT,4,2090,cluster,#FF674D,1,89
CS20230722_CLUS_2092,2092 AVPV-MEPO-SFO Tbr1 Glut_4,CCN20230722_CLUS,CS20230722_SUPT_0522,CCN20230722_SUPT,4,2091,cluster,#CC73FF,1,120
CS20230722_CLUS_2093,2093 AVPV-MEPO-SFO Tbr1 Glut_4,CCN20230722_CLUS,CS20230722_SUPT_0522,CCN20230722_SUPT,4,2092,cluster,#5C8599,1,105
CS20230722_CLUS_2094,2094 AVPV-MEPO-SFO Tbr1 Glut_4,CCN20230722_CLUS,CS20230722_SUPT_0522,CCN20230722_SUPT,4,2093,cluster,#7C00FF,1,77
CS20230722_CLUS_2095,2095 AVPV-MEPO-SFO Tbr1 Glut_4,CCN20230722_CLUS,CS20230722_SUPT_0522,CCN20230722_SUPT,4,2094,cluster,#7D73FF,1,172
CS20230722_CLUS_2096,2096 AVPV-MEPO-SFO Tbr1 Glut_5,CCN20230722_CLUS,CS20230722_SUPT_0523,CCN20230722_SUPT,4,2095,cluster,#992517,1,113
CS20230722_CLUS_2097,2097 AVPV-MEPO-SFO Tbr1 Glut_5,CCN20230722_CLUS,CS20230722_SUPT_0523,CCN20230722_SUPT,4,2096,cluster,#260066,1,45
CS20230722_CLUS_2098,2098 AVPV-MEPO-SFO Tbr1 Glut_5,CCN20230722_CLUS,CS20230722_SUPT_0523,CCN20230722_SUPT,4,2097,cluster,#0018CC,1,44
CS20230722_CLUS_2099,2099 LHA Barhl2 Glut_1,CCN20230722_CLUS,CS20230722_SUPT_0524,CCN20230722_SUPT,4,2098,cluster,#5CCC73,1,96
CS20230722_CLUS_2100,2100 LHA Barhl2 Glut_1,CCN20230722_CLUS,CS20230722_SUPT_0524,CCN20230722_SUPT,4,2099,cluster,#0F3D66,1,67
CS20230722_CLUS_2101,2101 LHA Barhl2 Glut_1,CCN20230722_CLUS,CS20230722_SUPT_0524,CCN20230722_SUPT,4,2100,cluster,#1F661F,1,85
CS20230722_CLUS_2102,2102 LHA Barhl2 Glut_1,CCN20230722_CLUS,CS20230722_SUPT_0524,CCN20230722_SUPT,4,2101,cluster,#521F66,1,336
CS20230722_CLUS_2103,2103 LHA Barhl2 Glut_1,CCN20230722_CLUS,CS20230722_SUPT_0524,CCN20230722_SUPT,4,2102,cluster,#5C7C99,1,34
CS20230722_CLUS_2104,2104 LHA Barhl2 Glut_1,CCN20230722_CLUS,CS20230722_SUPT_0524,CCN20230722_SUPT,4,2103,cluster,#5C62CC,1,110
CS20230722_CLUS_2105,2105 LHA Barhl2 Glut_1,CCN20230722_CLUS,CS20230722_SUPT_0524,CCN20230722_SUPT,4,2104,cluster,#76FF26,1,154
CS20230722_CLUS_2106,2106 LHA Barhl2 Glut_2,CCN20230722_CLUS,CS20230722_SUPT_0525,CCN20230722_SUPT,4,2105,cluster,#99825C,1,43
CS20230722_CLUS_2107,2107 LHA Barhl2 Glut_2,CCN20230722_CLUS,CS20230722_SUPT_0525,CCN20230722_SUPT,4,2106,cluster,#660F3B,1,107
CS20230722_CLUS_2108,2108 LHA Barhl2 Glut_2,CCN20230722_CLUS,CS20230722_SUPT_0525,CCN20230722_SUPT,4,2107,cluster,#CC7A96,1,39
CS20230722_CLUS_2109,2109 LHA Barhl2 Glut_2,CCN20230722_CLUS,CS20230722_SUPT_0525,CCN20230722_SUPT,4,2108,cluster,#456499,1,137
CS20230722_CLUS_2110,2110 LHA Barhl2 Glut_2,CCN20230722_CLUS,CS20230722_SUPT_0525,CCN20230722_SUPT,4,2109,cluster,#CC5CB0,1,58
CS20230722_CLUS_2111,2111 LHA Barhl2 Glut_2,CCN20230722_CLUS,CS20230722_SUPT_0525,CCN20230722_SUPT,4,2110,cluster,#C55CCC,1,105
CS20230722_CLUS_2112,2112 LHA Barhl2 Glut_3,CCN20230722_CLUS,CS20230722_SUPT_0526,CCN20230722_SUPT,4,2111,cluster,#459955,1,177
CS20230722_CLUS_2113,2113 ADP-MPO Trp73 Glut_1,CCN20230722_CLUS,CS20230722_SUPT_0527,CCN20230722_SUPT,4,2112,cluster,#1F5DCC,1,51
CS20230722_CLUS_2114,2114 ADP-MPO Trp73 Glut_1,CCN20230722_CLUS,CS20230722_SUPT_0527,CCN20230722_SUPT,4,2113,cluster,#5A663D,1,39
CS20230722_CLUS_2115,2115 ADP-MPO Trp73 Glut_1,CCN20230722_CLUS,CS20230722_SUPT_0527,CCN20230722_SUPT,4,2114,cluster,#1F1F66,1,123
CS20230722_CLUS_2116,2116 ADP-MPO Trp73 Glut_1,CCN20230722_CLUS,CS20230722_SUPT_0527,CCN20230722_SUPT,4,2115,cluster,#3D6662,1,48
CS20230722_CLUS_2117,2117 ADP-MPO Trp73 Glut_1,CCN20230722_CLUS,CS20230722_SUPT_0527,CCN20230722_SUPT,4,2116,cluster,#FFAE99,1,58
CS20230722_CLUS_2118,2118 ADP-MPO Trp73 Glut_1,CCN20230722_CLUS,CS20230722_SUPT_0527,CCN20230722_SUPT,4,2117,cluster,#66120F,1,81
CS20230722_CLUS_2119,2119 ADP-MPO Trp73 Glut_1,CCN20230722_CLUS,CS20230722_SUPT_0527,CCN20230722_SUPT,4,2118,cluster,#CAFF4D,1,99
CS20230722_CLUS_2120,2120 ADP-MPO Trp73 Glut_1,CCN20230722_CLUS,CS20230722_SUPT_0527,CCN20230722_SUPT,4,2119,cluster,#902E99,1,79
CS20230722_CLUS_2121,2121 ADP-MPO Trp73 Glut_2,CCN20230722_CLUS,CS20230722_SUPT_0528,CCN20230722_SUPT,4,2120,cluster,#7AA2CC,1,33
CS20230722_CLUS_2122,2122 ADP-MPO Trp73 Glut_2,CCN20230722_CLUS,CS20230722_SUPT_0528,CCN20230722_SUPT,4,2121,cluster,#FFBB26,1,64
CS20230722_CLUS_2123,2123 ADP-MPO Trp73 Glut_2,CCN20230722_CLUS,CS20230722_SUPT_0528,CCN20230722_SUPT,4,2122,cluster,#8A9900,1,78
CS20230722_CLUS_2124,2124 ADP-MPO Trp73 Glut_2,CCN20230722_CLUS,CS20230722_SUPT_0528,CCN20230722_SUPT,4,2123,cluster,#CC1FC2,1,41
CS20230722_CLUS_2125,2125 ADP-MPO Trp73 Glut_2,CCN20230722_CLUS,CS20230722_SUPT_0528,CCN20230722_SUPT,4,2124,cluster,#3D4D66,1,142
CS20230722_CLUS_2126,2126 ADP-MPO Trp73 Glut_2,CCN20230722_CLUS,CS20230722_SUPT_0528,CCN20230722_SUPT,4,2125,cluster,#262CFF,1,61
CS20230722_CLUS_2127,2127 ADP-MPO Trp73 Glut_2,CCN20230722_CLUS,CS20230722_SUPT_0528,CCN20230722_SUPT,4,2126,cluster,#6C4599,1,84
CS20230722_CLUS_2128,2128 ADP-MPO Trp73 Glut_2,CCN20230722_CLUS,CS20230722_SUPT_0528,CCN20230722_SUPT,4,2127,cluster,#7AAFCC,1,18
CS20230722_CLUS_2129,2129 ADP-MPO Trp73 Glut_3,CCN20230722_CLUS,CS20230722_SUPT_0529,CCN20230722_SUPT,4,2128,cluster,#8C5C99,1,25
CS20230722_CLUS_2130,2130 ADP-MPO Trp73 Glut_3,CCN20230722_CLUS,CS20230722_SUPT_0529,CCN20230722_SUPT,4,2129,cluster,#5C71CC,1,112
CS20230722_CLUS_2131,2131 ADP-MPO Trp73 Glut_3,CCN20230722_CLUS,CS20230722_SUPT_0529,CCN20230722_SUPT,4,2130,cluster,#660018,1,17
CS20230722_CLUS_2132,2132 ADP-MPO Trp73 Glut_3,CCN20230722_CLUS,CS20230722_SUPT_0529,CCN20230722_SUPT,4,2131,cluster,#45662E,1,81
CS20230722_CLUS_2133,2133 SI-MA-LPO-LHA Skor1 Glut_1,CCN20230722_CLUS,CS20230722_SUPT_0530,CCN20230722_SUPT,4,2132,cluster,#5C996C,1,194
CS20230722_CLUS_2134,2134 SI-MA-LPO-LHA Skor1 Glut_1,CCN20230722_CLUS,CS20230722_SUPT_0530,CCN20230722_SUPT,4,2133,cluster,#4B660F,1,42
CS20230722_CLUS_2135,2135 SI-MA-LPO-LHA Skor1 Glut_1,CCN20230722_CLUS,CS20230722_SUPT_0530,CCN20230722_SUPT,4,2134,cluster,#92FF4D,1,40
CS20230722_CLUS_2136,2136 SI-MA-LPO-LHA Skor1 Glut_1,CCN20230722_CLUS,CS20230722_SUPT_0530,CCN20230722_SUPT,4,2135,cluster,#CC0700,1,200
CS20230722_CLUS_2137,2137 SI-MA-LPO-LHA Skor1 Glut_1,CCN20230722_CLUS,CS20230722_SUPT_0530,CCN20230722_SUPT,4,2136,cluster,#7DCC3D,1,86
CS20230722_CLUS_2138,2138 SI-MA-LPO-LHA Skor1 Glut_1,CCN20230722_CLUS,CS20230722_SUPT_0530,CCN20230722_SUPT,4,2137,cluster,#CC1F45,1,166
CS20230722_CLUS_2139,2139 SI-MA-LPO-LHA Skor1 Glut_1,CCN20230722_CLUS,CS20230722_SUPT_0530,CCN20230722_SUPT,4,2138,cluster,#3D43CC,1,98
CS20230722_CLUS_2140,2140 SI-MA-LPO-LHA Skor1 Glut_1,CCN20230722_CLUS,CS20230722_SUPT_0530,CCN20230722_SUPT,4,2139,cluster,#7D7ACC,1,56
CS20230722_CLUS_2141,2141 SI-MA-LPO-LHA Skor1 Glut_1,CCN20230722_CLUS,CS20230722_SUPT_0530,CCN20230722_SUPT,4,2140,cluster,#00994F,1,118
CS20230722_CLUS_2142,2142 SI-MA-LPO-LHA Skor1 Glut_1,CCN20230722_CLUS,CS20230722_SUPT_0530,CCN20230722_SUPT,4,2141,cluster,#24660F,1,26
CS20230722_CLUS_2143,2143 SI-MA-LPO-LHA Skor1 Glut_1,CCN20230722_CLUS,CS20230722_SUPT_0530,CCN20230722_SUPT,4,2142,cluster,#996617,1,169
CS20230722_CLUS_2144,2144 SI-MA-LPO-LHA Skor1 Glut_1,CCN20230722_CLUS,CS20230722_SUPT_0530,CCN20230722_SUPT,4,2143,cluster,#5CA1CC,1,117
CS20230722_CLUS_2145,2145 SI-MA-LPO-LHA Skor1 Glut_1,CCN20230722_CLUS,CS20230722_SUPT_0530,CCN20230722_SUPT,4,2144,cluster,#41662E,1,147
CS20230722_CLUS_2146,2146 SI-MA-LPO-LHA Skor1 Glut_2,CCN20230722_CLUS,CS20230722_SUPT_0531,CCN20230722_SUPT,4,2145,cluster,#1FCC74,1,78
CS20230722_CLUS_2147,2147 SI-MA-LPO-LHA Skor1 Glut_2,CCN20230722_CLUS,CS20230722_SUPT_0531,CCN20230722_SUPT,4,2146,cluster,#2E6634,1,88
CS20230722_CLUS_2148,2148 SI-MA-LPO-LHA Skor1 Glut_2,CCN20230722_CLUS,CS20230722_SUPT_0531,CCN20230722_SUPT,4,2147,cluster,#513D66,1,111
CS20230722_CLUS_2149,2149 SI-MA-LPO-LHA Skor1 Glut_2,CCN20230722_CLUS,CS20230722_SUPT_0531,CCN20230722_SUPT,4,2148,cluster,#704599,1,299
CS20230722_CLUS_2150,2150 SI-MA-LPO-LHA Skor1 Glut_2,CCN20230722_CLUS,CS20230722_SUPT_0531,CCN20230722_SUPT,4,2149,cluster,#179966,1,111
CS20230722_CLUS_2151,2151 SI-MA-LPO-LHA Skor1 Glut_2,CCN20230722_CLUS,CS20230722_SUPT_0531,CCN20230722_SUPT,4,2150,cluster,#5CC2CC,1,99
CS20230722_CLUS_2152,2152 SI-MA-LPO-LHA Skor1 Glut_2,CCN20230722_CLUS,CS20230722_SUPT_0531,CCN20230722_SUPT,4,2151,cluster,#3DCC64,1,46
CS20230722_CLUS_2153,2153 SI-MA-LPO-LHA Skor1 Glut_2,CCN20230722_CLUS,CS20230722_SUPT_0531,CCN20230722_SUPT,4,2152,cluster,#994E17,1,190
CS20230722_CLUS_2154,2154 SI-MA-LPO-LHA Skor1 Glut_2,CCN20230722_CLUS,CS20230722_SUPT_0531,CCN20230722_SUPT,4,2153,cluster,#998C45,1,120
CS20230722_CLUS_2155,2155 SI-MA-LPO-LHA Skor1 Glut_3,CCN20230722_CLUS,CS20230722_SUPT_0532,CCN20230722_SUPT,4,2154,cluster,#00FFC0,1,20
CS20230722_CLUS_2156,2156 SI-MA-LPO-LHA Skor1 Glut_3,CCN20230722_CLUS,CS20230722_SUPT_0532,CCN20230722_SUPT,4,2155,cluster,#4D85FF,1,109
CS20230722_CLUS_2157,2157 SI-MA-LPO-LHA Skor1 Glut_3,CCN20230722_CLUS,CS20230722_SUPT_0532,CCN20230722_SUPT,4,2156,cluster,#FF99AC,1,124
CS20230722_CLUS_2158,2158 SI-MA-LPO-LHA Skor1 Glut_3,CCN20230722_CLUS,CS20230722_SUPT_0532,CCN20230722_SUPT,4,2157,cluster,#3DCC84,1,163
CS20230722_CLUS_2159,2159 SI-MA-LPO-LHA Skor1 Glut_3,CCN20230722_CLUS,CS20230722_SUPT_0532,CCN20230722_SUPT,4,2158,cluster,#664E3D,1,90
CS20230722_CLUS_2160,2160 SI-MA-LPO-LHA Skor1 Glut_3,CCN20230722_CLUS,CS20230722_SUPT_0532,CCN20230722_SUPT,4,2159,cluster,#457599,1,226
CS20230722_CLUS_2161,2161 SI-MA-LPO-LHA Skor1 Glut_3,CCN20230722_CLUS,CS20230722_SUPT_0532,CCN20230722_SUPT,4,2160,cluster,#998E5C,1,239
CS20230722_CLUS_2162,2162 SI-MA-LPO-LHA Skor1 Glut_3,CCN20230722_CLUS,CS20230722_SUPT_0532,CCN20230722_SUPT,4,2161,cluster,#CCA55C,1,87
CS20230722_CLUS_2163,2163 SI-MA-LPO-LHA Skor1 Glut_4,CCN20230722_CLUS,CS20230722_SUPT_0533,CCN20230722_SUPT,4,2162,cluster,#4DFFE0,1,74
CS20230722_CLUS_2164,2164 SI-MA-LPO-LHA Skor1 Glut_4,CCN20230722_CLUS,CS20230722_SUPT_0533,CCN20230722_SUPT,4,2163,cluster,#660013,1,97
CS20230722_CLUS_2165,2165 SI-MA-LPO-LHA Skor1 Glut_4,CCN20230722_CLUS,CS20230722_SUPT_0533,CCN20230722_SUPT,4,2164,cluster,#837ACC,1,107
CS20230722_CLUS_2166,2166 SI-MA-LPO-LHA Skor1 Glut_4,CCN20230722_CLUS,CS20230722_SUPT_0533,CCN20230722_SUPT,4,2165,cluster,#662E35,1,129
CS20230722_CLUS_2167,2167 SI-MA-LPO-LHA Skor1 Glut_4,CCN20230722_CLUS,CS20230722_SUPT_0533,CCN20230722_SUPT,4,2166,cluster,#FF5F4D,1,141
CS20230722_CLUS_2168,2168 SI-MA-LPO-LHA Skor1 Glut_4,CCN20230722_CLUS,CS20230722_SUPT_0533,CCN20230722_SUPT,4,2167,cluster,#4DFFC8,1,52
CS20230722_CLUS_2169,2169 SI-MA-LPO-LHA Skor1 Glut_4,CCN20230722_CLUS,CS20230722_SUPT_0533,CCN20230722_SUPT,4,2168,cluster,#1F2ACC,1,88
CS20230722_CLUS_2170,2170 SI-MA-LPO-LHA Skor1 Glut_5,CCN20230722_CLUS,CS20230722_SUPT_0534,CCN20230722_SUPT,4,2169,cluster,#2BCC1F,1,44
CS20230722_CLUS_2171,2171 SI-MA-LPO-LHA Skor1 Glut_5,CCN20230722_CLUS,CS20230722_SUPT_0534,CCN20230722_SUPT,4,2170,cluster,#991718,1,97
CS20230722_CLUS_2172,2172 SI-MA-LPO-LHA Skor1 Glut_5,CCN20230722_CLUS,CS20230722_SUPT_0534,CCN20230722_SUPT,4,2171,cluster,#519917,1,94
CS20230722_CLUS_2173,2173 SI-MA-LPO-LHA Skor1 Glut_5,CCN20230722_CLUS,CS20230722_SUPT_0534,CCN20230722_SUPT,4,2172,cluster,#CCBD7A,1,136
CS20230722_CLUS_2174,2174 SI-MA-LPO-LHA Skor1 Glut_5,CCN20230722_CLUS,CS20230722_SUPT_0534,CCN20230722_SUPT,4,2173,cluster,#99FFCE,1,134
CS20230722_CLUS_2175,2175 SI-MA-LPO-LHA Skor1 Glut_5,CCN20230722_CLUS,CS20230722_SUPT_0534,CCN20230722_SUPT,4,2174,cluster,#2400CC,1,110
CS20230722_CLUS_2176,2176 SI-MA-LPO-LHA Skor1 Glut_5,CCN20230722_CLUS,CS20230722_SUPT_0534,CCN20230722_SUPT,4,2175,cluster,#B300CC,1,60
CS20230722_CLUS_2177,2177 SI-MA-LPO-LHA Skor1 Glut_5,CCN20230722_CLUS,CS20230722_SUPT_0534,CCN20230722_SUPT,4,2176,cluster,#A7CC3D,1,126
CS20230722_CLUS_2178,2178 SI-MA-LPO-LHA Skor1 Glut_5,CCN20230722_CLUS,CS20230722_SUPT_0534,CCN20230722_SUPT,4,2177,cluster,#CCC300,1,75
CS20230722_CLUS_2179,2179 SI-MA-LPO-LHA Skor1 Glut_5,CCN20230722_CLUS,CS20230722_SUPT_0534,CCN20230722_SUPT,4,2178,cluster,#00CC76,1,276
CS20230722_CLUS_2180,2180 SI-MA-LPO-LHA Skor1 Glut_6,CCN20230722_CLUS,CS20230722_SUPT_0535,CCN20230722_SUPT,4,2179,cluster,#030066,1,57
CS20230722_CLUS_2181,2181 SI-MA-LPO-LHA Skor1 Glut_6,CCN20230722_CLUS,CS20230722_SUPT_0535,CCN20230722_SUPT,4,2180,cluster,#5B00CC,1,82
CS20230722_CLUS_2182,2182 SI-MA-LPO-LHA Skor1 Glut_6,CCN20230722_CLUS,CS20230722_SUPT_0535,CCN20230722_SUPT,4,2181,cluster,#457E99,1,169
CS20230722_CLUS_2183,2183 SI-MA-LPO-LHA Skor1 Glut_6,CCN20230722_CLUS,CS20230722_SUPT_0535,CCN20230722_SUPT,4,2182,cluster,#FF9C00,1,176
CS20230722_CLUS_2184,2184 SI-MA-LPO-LHA Skor1 Glut_6,CCN20230722_CLUS,CS20230722_SUPT_0535,CCN20230722_SUPT,4,2183,cluster,#660F4E,1,71
CS20230722_CLUS_2185,2185 SI-MA-LPO-LHA Skor1 Glut_6,CCN20230722_CLUS,CS20230722_SUPT_0535,CCN20230722_SUPT,4,2184,cluster,#FF739B,1,161
CS20230722_CLUS_2186,2186 SI-MA-LPO-LHA Skor1 Glut_6,CCN20230722_CLUS,CS20230722_SUPT_0535,CCN20230722_SUPT,4,2185,cluster,#D2FF00,1,64
CS20230722_CLUS_2187,2187 SI-MA-LPO-LHA Skor1 Glut_6,CCN20230722_CLUS,CS20230722_SUPT_0535,CCN20230722_SUPT,4,2186,cluster,#CC3DAC,1,58
CS20230722_CLUS_2188,2188 SI-MA-LPO-LHA Skor1 Glut_6,CCN20230722_CLUS,CS20230722_SUPT_0535,CCN20230722_SUPT,4,2187,cluster,#73C1FF,1,113
CS20230722_CLUS_2189,2189 SI-MA-LPO-LHA Skor1 Glut_6,CCN20230722_CLUS,CS20230722_SUPT_0535,CCN20230722_SUPT,4,2188,cluster,#E9FF00,1,60
CS20230722_CLUS_2190,2190 SI-MA-LPO-LHA Skor1 Glut_6,CCN20230722_CLUS,CS20230722_SUPT_0535,CCN20230722_SUPT,4,2189,cluster,#C673FF,1,60
CS20230722_CLUS_2191,2191 SI-MA-LPO-LHA Skor1 Glut_6,CCN20230722_CLUS,CS20230722_SUPT_0535,CCN20230722_SUPT,4,2190,cluster,#CC7A9E,1,65
CS20230722_CLUS_2192,2192 SI-MA-LPO-LHA Skor1 Glut_6,CCN20230722_CLUS,CS20230722_SUPT_0535,CCN20230722_SUPT,4,2191,cluster,#7AABCC,1,29
CS20230722_CLUS_2193,2193 SI-MA-LPO-LHA Skor1 Glut_7,CCN20230722_CLUS,CS20230722_SUPT_0536,CCN20230722_SUPT,4,2192,cluster,#0038CC,1,96
CS20230722_CLUS_2194,2194 SI-MA-LPO-LHA Skor1 Glut_7,CCN20230722_CLUS,CS20230722_SUPT_0536,CCN20230722_SUPT,4,2193,cluster,#CC00A5,1,96
CS20230722_CLUS_2195,2195 SI-MA-LPO-LHA Skor1 Glut_7,CCN20230722_CLUS,CS20230722_SUPT_0536,CCN20230722_SUPT,4,2194,cluster,#426600,1,79
CS20230722_CLUS_2196,2196 SI-MA-LPO-LHA Skor1 Glut_7,CCN20230722_CLUS,CS20230722_SUPT_0536,CCN20230722_SUPT,4,2195,cluster,#FF00A2,1,161
CS20230722_CLUS_2197,2197 SI-MA-LPO-LHA Skor1 Glut_7,CCN20230722_CLUS,CS20230722_SUPT_0536,CCN20230722_SUPT,4,2196,cluster,#845C99,1,219
CS20230722_CLUS_2198,2198 SI-MA-LPO-LHA Skor1 Glut_8,CCN20230722_CLUS,CS20230722_SUPT_0537,CCN20230722_SUPT,4,2197,cluster,#99FFD7,1,94
CS20230722_CLUS_2199,2199 SI-MA-LPO-LHA Skor1 Glut_8,CCN20230722_CLUS,CS20230722_SUPT_0537,CCN20230722_SUPT,4,2198,cluster,#CC004E,1,48
CS20230722_CLUS_2200,2200 SI-MA-LPO-LHA Skor1 Glut_8,CCN20230722_CLUS,CS20230722_SUPT_0537,CCN20230722_SUPT,4,2199,cluster,#009986,1,49
CS20230722_CLUS_2201,2201 SI-MA-LPO-LHA Skor1 Glut_8,CCN20230722_CLUS,CS20230722_SUPT_0537,CCN20230722_SUPT,4,2200,cluster,#CC541F,1,362
CS20230722_CLUS_2202,2202 SI-MA-LPO-LHA Skor1 Glut_8,CCN20230722_CLUS,CS20230722_SUPT_0537,CCN20230722_SUPT,4,2201,cluster,#1FCC35,1,48
CS20230722_CLUS_2203,2203 MEA Otp Foxp2 Glut_1,CCN20230722_CLUS,CS20230722_SUPT_0538,CCN20230722_SUPT,4,2202,cluster,#00CC7A,1,82
CS20230722_CLUS_2204,2204 MEA Otp Foxp2 Glut_1,CCN20230722_CLUS,CS20230722_SUPT_0538,CCN20230722_SUPT,4,2203,cluster,#FF99DF,1,1230
CS20230722_CLUS_2205,2205 MEA Otp Foxp2 Glut_1,CCN20230722_CLUS,CS20230722_SUPT_0538,CCN20230722_SUPT,4,2204,cluster,#4D00CC,1,50
CS20230722_CLUS_2206,2206 MEA Otp Foxp2 Glut_1,CCN20230722_CLUS,CS20230722_SUPT_0538,CCN20230722_SUPT,4,2205,cluster,#459962,1,85
CS20230722_CLUS_2207,2207 MEA Otp Foxp2 Glut_1,CCN20230722_CLUS,CS20230722_SUPT_0538,CCN20230722_SUPT,4,2206,cluster,#BBFF73,1,83
CS20230722_CLUS_2208,2208 MEA-BST Otp Zic2 Glut_1,CCN20230722_CLUS,CS20230722_SUPT_0539,CCN20230722_SUPT,4,2207,cluster,#E54DFF,1,99
CS20230722_CLUS_2209,2209 MEA-BST Otp Zic2 Glut_1,CCN20230722_CLUS,CS20230722_SUPT_0539,CCN20230722_SUPT,4,2208,cluster,#A23DCC,1,49
CS20230722_CLUS_2210,2210 MEA-BST Otp Zic2 Glut_1,CCN20230722_CLUS,CS20230722_SUPT_0539,CCN20230722_SUPT,4,2209,cluster,#1F94CC,1,97
CS20230722_CLUS_2211,2211 MEA-BST Otp Zic2 Glut_1,CCN20230722_CLUS,CS20230722_SUPT_0539,CCN20230722_SUPT,4,2210,cluster,#0F6650,1,36
CS20230722_CLUS_2212,2212 MEA-BST Otp Zic2 Glut_1,CCN20230722_CLUS,CS20230722_SUPT_0539,CCN20230722_SUPT,4,2211,cluster,#992E6B,1,128
CS20230722_CLUS_2213,2213 MEA-BST Otp Zic2 Glut_1,CCN20230722_CLUS,CS20230722_SUPT_0539,CCN20230722_SUPT,4,2212,cluster,#36662E,1,33
CS20230722_CLUS_2214,2214 MEA-BST Otp Zic2 Glut_2,CCN20230722_CLUS,CS20230722_SUPT_0540,CCN20230722_SUPT,4,2213,cluster,#3E661F,1,255
CS20230722_CLUS_2215,2215 MEA-BST Otp Zic2 Glut_2,CCN20230722_CLUS,CS20230722_SUPT_0540,CCN20230722_SUPT,4,2214,cluster,#66003F,1,324
CS20230722_CLUS_2216,2216 MEA-BST Otp Zic2 Glut_2,CCN20230722_CLUS,CS20230722_SUPT_0540,CCN20230722_SUPT,4,2215,cluster,#2E6664,1,250
CS20230722_CLUS_2217,2217 MEA-BST Otp Zic2 Glut_3,CCN20230722_CLUS,CS20230722_SUPT_0541,CCN20230722_SUPT,4,2216,cluster,#510F66,1,305
CS20230722_CLUS_2218,2218 LHA-MEA Otp Glut_1,CCN20230722_CLUS,CS20230722_SUPT_0542,CCN20230722_SUPT,4,2217,cluster,#3D4B66,1,235
CS20230722_CLUS_2219,2219 LHA-MEA Otp Glut_1,CCN20230722_CLUS,CS20230722_SUPT_0542,CCN20230722_SUPT,4,2218,cluster,#FF4DC8,1,122
CS20230722_CLUS_2220,2220 LHA-MEA Otp Glut_1,CCN20230722_CLUS,CS20230722_SUPT_0542,CCN20230722_SUPT,4,2219,cluster,#5C9978,1,227
CS20230722_CLUS_2221,2221 LHA-MEA Otp Glut_1,CCN20230722_CLUS,CS20230722_SUPT_0542,CCN20230722_SUPT,4,2220,cluster,#80FF26,1,87
CS20230722_CLUS_2222,2222 LHA-MEA Otp Glut_1,CCN20230722_CLUS,CS20230722_SUPT_0542,CCN20230722_SUPT,4,2221,cluster,#660B00,1,77
CS20230722_CLUS_2223,2223 LHA-MEA Otp Glut_1,CCN20230722_CLUS,CS20230722_SUPT_0542,CCN20230722_SUPT,4,2222,cluster,#993A00,1,37
CS20230722_CLUS_2224,2224 LHA-MEA Otp Glut_2,CCN20230722_CLUS,CS20230722_SUPT_0543,CCN20230722_SUPT,4,2223,cluster,#5C9969,1,180
CS20230722_CLUS_2225,2225 DMH Nkx2-4 Glut_1,CCN20230722_CLUS,CS20230722_SUPT_0544,CCN20230722_SUPT,4,2224,cluster,#FF26AF,1,1056
CS20230722_CLUS_2226,2226 DMH Nkx2-4 Glut_2,CCN20230722_CLUS,CS20230722_SUPT_0545,CCN20230722_SUPT,4,2225,cluster,#CC9500,1,219
CS20230722_CLUS_2227,2227 DMH Nkx2-4 Glut_2,CCN20230722_CLUS,CS20230722_SUPT_0545,CCN20230722_SUPT,4,2226,cluster,#992217,1,100
CS20230722_CLUS_2228,2228 DMH Nkx2-4 Glut_2,CCN20230722_CLUS,CS20230722_SUPT_0545,CCN20230722_SUPT,4,2227,cluster,#6E3DCC,1,157
CS20230722_CLUS_2229,2229 DMH Nkx2-4 Glut_2,CCN20230722_CLUS,CS20230722_SUPT_0545,CCN20230722_SUPT,4,2228,cluster,#8726FF,1,1994
CS20230722_CLUS_2230,2230 DMH Nkx2-4 Glut_2,CCN20230722_CLUS,CS20230722_SUPT_0545,CCN20230722_SUPT,4,2229,cluster,#501F66,1,109
CS20230722_CLUS_2231,2231 MPN-MPO-PVpo Hmx2 Glut_1,CCN20230722_CLUS,CS20230722_SUPT_0546,CCN20230722_SUPT,4,2230,cluster,#991788,1,121
CS20230722_CLUS_2232,2232 MPN-MPO-PVpo Hmx2 Glut_1,CCN20230722_CLUS,CS20230722_SUPT_0546,CCN20230722_SUPT,4,2231,cluster,#994817,1,103
CS20230722_CLUS_2233,2233 MPN-MPO-PVpo Hmx2 Glut_1,CCN20230722_CLUS,CS20230722_SUPT_0546,CCN20230722_SUPT,4,2232,cluster,#CC0060,1,90
CS20230722_CLUS_2234,2234 MPN-MPO-PVpo Hmx2 Glut_1,CCN20230722_CLUS,CS20230722_SUPT_0546,CCN20230722_SUPT,4,2233,cluster,#3B0F66,1,86
CS20230722_CLUS_2235,2235 MPN-MPO-PVpo Hmx2 Glut_1,CCN20230722_CLUS,CS20230722_SUPT_0546,CCN20230722_SUPT,4,2234,cluster,#992E96,1,181
CS20230722_CLUS_2236,2236 MPN-MPO-PVpo Hmx2 Glut_1,CCN20230722_CLUS,CS20230722_SUPT_0546,CCN20230722_SUPT,4,2235,cluster,#3DCCA1,1,162
CS20230722_CLUS_2237,2237 MPN-MPO-PVpo Hmx2 Glut_1,CCN20230722_CLUS,CS20230722_SUPT_0546,CCN20230722_SUPT,4,2236,cluster,#2E9950,1,390
CS20230722_CLUS_2238,2238 MPN-MPO-PVpo Hmx2 Glut_1,CCN20230722_CLUS,CS20230722_SUPT_0546,CCN20230722_SUPT,4,2237,cluster,#FFE799,1,115
CS20230722_CLUS_2239,2239 MPN-MPO-PVpo Hmx2 Glut_1,CCN20230722_CLUS,CS20230722_SUPT_0546,CCN20230722_SUPT,4,2238,cluster,#66350F,1,136
CS20230722_CLUS_2240,2240 MPN-MPO-PVpo Hmx2 Glut_2,CCN20230722_CLUS,CS20230722_SUPT_0547,CCN20230722_SUPT,4,2239,cluster,#CC773D,1,121
CS20230722_CLUS_2241,2241 MPN-MPO-PVpo Hmx2 Glut_2,CCN20230722_CLUS,CS20230722_SUPT_0547,CCN20230722_SUPT,4,2240,cluster,#00FF64,1,91
CS20230722_CLUS_2242,2242 MPN-MPO-PVpo Hmx2 Glut_2,CCN20230722_CLUS,CS20230722_SUPT_0547,CCN20230722_SUPT,4,2241,cluster,#FF00E1,1,104
CS20230722_CLUS_2243,2243 MPN-MPO-PVpo Hmx2 Glut_2,CCN20230722_CLUS,CS20230722_SUPT_0547,CCN20230722_SUPT,4,2242,cluster,#6DCC1F,1,101
CS20230722_CLUS_2244,2244 MPN-MPO-PVpo Hmx2 Glut_2,CCN20230722_CLUS,CS20230722_SUPT_0547,CCN20230722_SUPT,4,2243,cluster,#0066CC,1,75
CS20230722_CLUS_2245,2245 MPN-MPO-PVpo Hmx2 Glut_2,CCN20230722_CLUS,CS20230722_SUPT_0547,CCN20230722_SUPT,4,2244,cluster,#FAFF26,1,62
CS20230722_CLUS_2246,2246 MPN-MPO-PVpo Hmx2 Glut_2,CCN20230722_CLUS,CS20230722_SUPT_0547,CCN20230722_SUPT,4,2245,cluster,#50CC00,1,133
CS20230722_CLUS_2247,2247 MPN-MPO-PVpo Hmx2 Glut_3,CCN20230722_CLUS,CS20230722_SUPT_0548,CCN20230722_SUPT,4,2246,cluster,#5CBBCC,1,213
CS20230722_CLUS_2248,2248 MPN-MPO-PVpo Hmx2 Glut_3,CCN20230722_CLUS,CS20230722_SUPT_0548,CCN20230722_SUPT,4,2247,cluster,#661F44,1,158
CS20230722_CLUS_2249,2249 MPN-MPO-PVpo Hmx2 Glut_3,CCN20230722_CLUS,CS20230722_SUPT_0548,CCN20230722_SUPT,4,2248,cluster,#997E2E,1,80
CS20230722_CLUS_2250,2250 MPN-MPO-PVpo Hmx2 Glut_3,CCN20230722_CLUS,CS20230722_SUPT_0548,CCN20230722_SUPT,4,2249,cluster,#5F4599,1,221
CS20230722_CLUS_2251,2251 MPN-MPO-PVpo Hmx2 Glut_3,CCN20230722_CLUS,CS20230722_SUPT_0548,CCN20230722_SUPT,4,2250,cluster,#73A1FF,1,170
CS20230722_CLUS_2252,2252 MPN-MPO-PVpo Hmx2 Glut_4,CCN20230722_CLUS,CS20230722_SUPT_0549,CCN20230722_SUPT,4,2251,cluster,#FF7F4D,1,248
CS20230722_CLUS_2253,2253 MPN-MPO-PVpo Hmx2 Glut_4,CCN20230722_CLUS,CS20230722_SUPT_0549,CCN20230722_SUPT,4,2252,cluster,#2E3466,1,112
CS20230722_CLUS_2254,2254 MPN-MPO-PVpo Hmx2 Glut_4,CCN20230722_CLUS,CS20230722_SUPT_0549,CCN20230722_SUPT,4,2253,cluster,#2D00CC,1,107
CS20230722_CLUS_2255,2255 MPN-MPO-PVpo Hmx2 Glut_4,CCN20230722_CLUS,CS20230722_SUPT_0549,CCN20230722_SUPT,4,2254,cluster,#CC9E7A,1,88
CS20230722_CLUS_2256,2256 MPN-MPO-PVpo Hmx2 Glut_4,CCN20230722_CLUS,CS20230722_SUPT_0549,CCN20230722_SUPT,4,2255,cluster,#CC3DC3,1,177
CS20230722_CLUS_2257,2257 MPN-MPO-PVpo Hmx2 Glut_5,CCN20230722_CLUS,CS20230722_SUPT_0550,CCN20230722_SUPT,4,2256,cluster,#5CA4CC,1,154
CS20230722_CLUS_2258,2258 MPN-MPO-PVpo Hmx2 Glut_5,CCN20230722_CLUS,CS20230722_SUPT_0550,CCN20230722_SUPT,4,2257,cluster,#459399,1,190
CS20230722_CLUS_2259,2259 MPN-MPO-PVpo Hmx2 Glut_5,CCN20230722_CLUS,CS20230722_SUPT_0550,CCN20230722_SUPT,4,2258,cluster,#173699,1,239
CS20230722_CLUS_2260,2260 MPN-MPO-PVpo Hmx2 Glut_6,CCN20230722_CLUS,CS20230722_SUPT_0551,CCN20230722_SUPT,4,2259,cluster,#0F2F66,1,72
CS20230722_CLUS_2261,2261 MPN-MPO-PVpo Hmx2 Glut_6,CCN20230722_CLUS,CS20230722_SUPT_0551,CCN20230722_SUPT,4,2260,cluster,#CC3D72,1,160
CS20230722_CLUS_2262,2262 MPN-MPO-PVpo Hmx2 Glut_6,CCN20230722_CLUS,CS20230722_SUPT_0551,CCN20230722_SUPT,4,2261,cluster,#661F61,1,171
CS20230722_CLUS_2263,2263 DMH Hmx2 Glut_1,CCN20230722_CLUS,CS20230722_SUPT_0552,CCN20230722_SUPT,4,2262,cluster,#6B00FF,1,257
CS20230722_CLUS_2264,2264 DMH Hmx2 Glut_1,CCN20230722_CLUS,CS20230722_SUPT_0552,CCN20230722_SUPT,4,2263,cluster,#73FFFE,1,116
CS20230722_CLUS_2265,2265 DMH Hmx2 Glut_1,CCN20230722_CLUS,CS20230722_SUPT_0552,CCN20230722_SUPT,4,2264,cluster,#7E5C99,1,75
CS20230722_CLUS_2266,2266 DMH Hmx2 Glut_1,CCN20230722_CLUS,CS20230722_SUPT_0552,CCN20230722_SUPT,4,2265,cluster,#4D61FF,1,129
CS20230722_CLUS_2267,2267 DMH Hmx2 Glut_1,CCN20230722_CLUS,CS20230722_SUPT_0552,CCN20230722_SUPT,4,2266,cluster,#1FCC3D,1,79
CS20230722_CLUS_2268,2268 DMH Hmx2 Glut_1,CCN20230722_CLUS,CS20230722_SUPT_0552,CCN20230722_SUPT,4,2267,cluster,#009918,1,173
CS20230722_CLUS_2269,2269 DMH Hmx2 Glut_1,CCN20230722_CLUS,CS20230722_SUPT_0552,CCN20230722_SUPT,4,2268,cluster,#276600,1,65
CS20230722_CLUS_2270,2270 DMH Hmx2 Glut_1,CCN20230722_CLUS,CS20230722_SUPT_0552,CCN20230722_SUPT,4,2269,cluster,#7ACCCA,1,274
CS20230722_CLUS_2271,2271 DMH Hmx2 Glut_1,CCN20230722_CLUS,CS20230722_SUPT_0552,CCN20230722_SUPT,4,2270,cluster,#2E9961,1,846
CS20230722_CLUS_2272,2272 DMH Hmx2 Glut_2,CCN20230722_CLUS,CS20230722_SUPT_0553,CCN20230722_SUPT,4,2271,cluster,#00F4FF,1,239
CS20230722_CLUS_2273,2273 DMH Hmx2 Glut_2,CCN20230722_CLUS,CS20230722_SUPT_0553,CCN20230722_SUPT,4,2272,cluster,#FF974D,1,92
CS20230722_CLUS_2274,2274 ARH-PVp Tbx3 Glut_1,CCN20230722_CLUS,CS20230722_SUPT_0554,CCN20230722_SUPT,4,2273,cluster,#594DFF,1,310
CS20230722_CLUS_2275,2275 ARH-PVp Tbx3 Glut_1,CCN20230722_CLUS,CS20230722_SUPT_0554,CCN20230722_SUPT,4,2274,cluster,#99ADFF,1,41
CS20230722_CLUS_2276,2276 ARH-PVp Tbx3 Glut_1,CCN20230722_CLUS,CS20230722_SUPT_0554,CCN20230722_SUPT,4,2275,cluster,#009929,1,358
CS20230722_CLUS_2277,2277 ARH-PVp Tbx3 Glut_1,CCN20230722_CLUS,CS20230722_SUPT_0554,CCN20230722_SUPT,4,2276,cluster,#53662E,1,146
CS20230722_CLUS_2278,2278 ARH-PVp Tbx3 Glut_2,CCN20230722_CLUS,CS20230722_SUPT_0555,CCN20230722_SUPT,4,2277,cluster,#992E3B,1,150
CS20230722_CLUS_2279,2279 ARH-PVp Tbx3 Glut_2,CCN20230722_CLUS,CS20230722_SUPT_0555,CCN20230722_SUPT,4,2278,cluster,#1F42CC,1,456
CS20230722_CLUS_2280,2280 ARH-PVp Tbx3 Glut_2,CCN20230722_CLUS,CS20230722_SUPT_0555,CCN20230722_SUPT,4,2279,cluster,#CC875C,1,758
CS20230722_CLUS_2281,2281 ARH-PVp Tbx3 Glut_3,CCN20230722_CLUS,CS20230722_SUPT_0556,CCN20230722_SUPT,4,2280,cluster,#99FFEC,1,699
CS20230722_CLUS_2282,2282 ARH-PVp Tbx3 Glut_3,CCN20230722_CLUS,CS20230722_SUPT_0556,CCN20230722_SUPT,4,2281,cluster,#2E7A99,1,663
CS20230722_CLUS_2283,2283 ARH-PVp Tbx3 Glut_4,CCN20230722_CLUS,CS20230722_SUPT_0557,CCN20230722_SUPT,4,2282,cluster,#66623D,1,246
CS20230722_CLUS_2284,2284 ARH-PVp Tbx3 Glut_5,CCN20230722_CLUS,CS20230722_SUPT_0558,CCN20230722_SUPT,4,2283,cluster,#00FF92,1,282
CS20230722_CLUS_2285,2285 DMH-LHA Vgll2 Glut_1,CCN20230722_CLUS,CS20230722_SUPT_0559,CCN20230722_SUPT,4,2284,cluster,#994569,1,42
CS20230722_CLUS_2286,2286 DMH-LHA Vgll2 Glut_2,CCN20230722_CLUS,CS20230722_SUPT_0560,CCN20230722_SUPT,4,2285,cluster,#663700,1,158
CS20230722_CLUS_2287,2287 DMH-LHA Vgll2 Glut_3,CCN20230722_CLUS,CS20230722_SUPT_0561,CCN20230722_SUPT,4,2286,cluster,#95CC7A,1,126
CS20230722_CLUS_2288,2288 DMH-LHA Vgll2 Glut_3,CCN20230722_CLUS,CS20230722_SUPT_0561,CCN20230722_SUPT,4,2287,cluster,#0F5866,1,43
CS20230722_CLUS_2289,2289 DMH-LHA Vgll2 Glut_4,CCN20230722_CLUS,CS20230722_SUPT_0562,CCN20230722_SUPT,4,2288,cluster,#991739,1,514
CS20230722_CLUS_2290,2290 VMH Fezf1 Glut_1,CCN20230722_CLUS,CS20230722_SUPT_0563,CCN20230722_SUPT,4,2289,cluster,#5CCC61,1,221
CS20230722_CLUS_2291,2291 VMH Fezf1 Glut_1,CCN20230722_CLUS,CS20230722_SUPT_0563,CCN20230722_SUPT,4,2290,cluster,#FF2826,1,213
CS20230722_CLUS_2292,2292 VMH Fezf1 Glut_1,CCN20230722_CLUS,CS20230722_SUPT_0563,CCN20230722_SUPT,4,2291,cluster,#991B00,1,114
CS20230722_CLUS_2293,2293 VMH Fezf1 Glut_1,CCN20230722_CLUS,CS20230722_SUPT_0563,CCN20230722_SUPT,4,2292,cluster,#995545,1,415
CS20230722_CLUS_2294,2294 VMH Fezf1 Glut_2,CCN20230722_CLUS,CS20230722_SUPT_0564,CCN20230722_SUPT,4,2293,cluster,#321799,1,94
CS20230722_CLUS_2295,2295 VMH Fezf1 Glut_2,CCN20230722_CLUS,CS20230722_SUPT_0564,CCN20230722_SUPT,4,2294,cluster,#2E6E99,1,309
CS20230722_CLUS_2296,2296 VMH Fezf1 Glut_2,CCN20230722_CLUS,CS20230722_SUPT_0564,CCN20230722_SUPT,4,2295,cluster,#9973FF,1,304
CS20230722_CLUS_2297,2297 VMH Fezf1 Glut_2,CCN20230722_CLUS,CS20230722_SUPT_0564,CCN20230722_SUPT,4,2296,cluster,#1B1799,1,252
CS20230722_CLUS_2298,2298 VMH Fezf1 Glut_3,CCN20230722_CLUS,CS20230722_SUPT_0565,CCN20230722_SUPT,4,2297,cluster,#523D66,1,187
CS20230722_CLUS_2299,2299 VMH Fezf1 Glut_3,CCN20230722_CLUS,CS20230722_SUPT_0565,CCN20230722_SUPT,4,2298,cluster,#403D66,1,159
CS20230722_CLUS_2300,2300 VMH Fezf1 Glut_3,CCN20230722_CLUS,CS20230722_SUPT_0565,CCN20230722_SUPT,4,2299,cluster,#685C99,1,273
CS20230722_CLUS_2301,2301 VMH Nr5a1 Glut_1,CCN20230722_CLUS,CS20230722_SUPT_0566,CCN20230722_SUPT,4,2300,cluster,#663000,1,76
CS20230722_CLUS_2302,2302 VMH Nr5a1 Glut_1,CCN20230722_CLUS,CS20230722_SUPT_0566,CCN20230722_SUPT,4,2301,cluster,#17996C,1,366
CS20230722_CLUS_2303,2303 VMH Nr5a1 Glut_1,CCN20230722_CLUS,CS20230722_SUPT_0566,CCN20230722_SUPT,4,2302,cluster,#2E6466,1,374
CS20230722_CLUS_2304,2304 VMH Nr5a1 Glut_1,CCN20230722_CLUS,CS20230722_SUPT_0566,CCN20230722_SUPT,4,2303,cluster,#CCB75C,1,202
CS20230722_CLUS_2305,2305 VMH Nr5a1 Glut_1,CCN20230722_CLUS,CS20230722_SUPT_0566,CCN20230722_SUPT,4,2304,cluster,#615C99,1,61
CS20230722_CLUS_2306,2306 VMH Nr5a1 Glut_2,CCN20230722_CLUS,CS20230722_SUPT_0567,CCN20230722_SUPT,4,2305,cluster,#995A2E,1,252
CS20230722_CLUS_2307,2307 VMH Nr5a1 Glut_2,CCN20230722_CLUS,CS20230722_SUPT_0567,CCN20230722_SUPT,4,2306,cluster,#CCA35C,1,341
CS20230722_CLUS_2308,2308 VMH Nr5a1 Glut_2,CCN20230722_CLUS,CS20230722_SUPT_0567,CCN20230722_SUPT,4,2307,cluster,#661F51,1,192
CS20230722_CLUS_2309,2309 VMH Nr5a1 Glut_2,CCN20230722_CLUS,CS20230722_SUPT_0567,CCN20230722_SUPT,4,2308,cluster,#1F51CC,1,253
CS20230722_CLUS_2310,2310 VMH Nr5a1 Glut_3,CCN20230722_CLUS,CS20230722_SUPT_0568,CCN20230722_SUPT,4,2309,cluster,#92995C,1,1800
CS20230722_CLUS_2311,2311 VMH Nr5a1 Glut_3,CCN20230722_CLUS,CS20230722_SUPT_0568,CCN20230722_SUPT,4,2310,cluster,#964599,1,441
CS20230722_CLUS_2312,2312 VMH Nr5a1 Glut_3,CCN20230722_CLUS,CS20230722_SUPT_0568,CCN20230722_SUPT,4,2311,cluster,#999817,1,376
CS20230722_CLUS_2313,2313 VMH Nr5a1 Glut_3,CCN20230722_CLUS,CS20230722_SUPT_0568,CCN20230722_SUPT,4,2312,cluster,#662A1F,1,200
CS20230722_CLUS_2314,2314 VMH Nr5a1 Glut_4,CCN20230722_CLUS,CS20230722_SUPT_0569,CCN20230722_SUPT,4,2313,cluster,#715CCC,1,231
CS20230722_CLUS_2315,2315 VMH Nr5a1 Glut_4,CCN20230722_CLUS,CS20230722_SUPT_0569,CCN20230722_SUPT,4,2314,cluster,#5CCC64,1,846
CS20230722_CLUS_2316,2316 VMH Nr5a1 Glut_4,CCN20230722_CLUS,CS20230722_SUPT_0569,CCN20230722_SUPT,4,2315,cluster,#3DB3CC,1,182
CS20230722_CLUS_2317,2317 VMH Nr5a1 Glut_5,CCN20230722_CLUS,CS20230722_SUPT_0570,CCN20230722_SUPT,4,2316,cluster,#559945,1,1199
CS20230722_CLUS_2318,2318 VMH Nr5a1 Glut_5,CCN20230722_CLUS,CS20230722_SUPT_0570,CCN20230722_SUPT,4,2317,cluster,#1F5166,1,247
CS20230722_CLUS_2319,2319 VMH Nr5a1 Glut_6,CCN20230722_CLUS,CS20230722_SUPT_0571,CCN20230722_SUPT,4,2318,cluster,#211F66,1,172
CS20230722_CLUS_2320,2320 LHA Pmch Glut_1,CCN20230722_CLUS,CS20230722_SUPT_0572,CCN20230722_SUPT,4,2319,cluster,#66443D,1,108
CS20230722_CLUS_2321,2321 LHA Pmch Glut_1,CCN20230722_CLUS,CS20230722_SUPT_0572,CCN20230722_SUPT,4,2320,cluster,#459948,1,88
CS20230722_CLUS_2322,2322 LHA Pmch Glut_1,CCN20230722_CLUS,CS20230722_SUPT_0572,CCN20230722_SUPT,4,2321,cluster,#CC3D7C,1,243
CS20230722_CLUS_2323,2323 LHA Pmch Glut_2,CCN20230722_CLUS,CS20230722_SUPT_0573,CCN20230722_SUPT,4,2322,cluster,#640066,1,107
CS20230722_CLUS_2324,2324 LHA Pmch Glut_2,CCN20230722_CLUS,CS20230722_SUPT_0573,CCN20230722_SUPT,4,2323,cluster,#1F665B,1,300
CS20230722_CLUS_2325,2325 LHA-AHN-PVH Otp Trh Glut_1,CCN20230722_CLUS,CS20230722_SUPT_0574,CCN20230722_SUPT,4,2324,cluster,#392E66,1,89
CS20230722_CLUS_2326,2326 LHA-AHN-PVH Otp Trh Glut_1,CCN20230722_CLUS,CS20230722_SUPT_0574,CCN20230722_SUPT,4,2325,cluster,#1C0066,1,101
CS20230722_CLUS_2327,2327 LHA-AHN-PVH Otp Trh Glut_1,CCN20230722_CLUS,CS20230722_SUPT_0574,CCN20230722_SUPT,4,2326,cluster,#7ACCAD,1,63
CS20230722_CLUS_2328,2328 LHA-AHN-PVH Otp Trh Glut_1,CCN20230722_CLUS,CS20230722_SUPT_0574,CCN20230722_SUPT,4,2327,cluster,#D4FF99,1,72
CS20230722_CLUS_2329,2329 LHA-AHN-PVH Otp Trh Glut_1,CCN20230722_CLUS,CS20230722_SUPT_0574,CCN20230722_SUPT,4,2328,cluster,#997D17,1,190
CS20230722_CLUS_2330,2330 LHA-AHN-PVH Otp Trh Glut_2,CCN20230722_CLUS,CS20230722_SUPT_0575,CCN20230722_SUPT,4,2329,cluster,#631F66,1,260
CS20230722_CLUS_2331,2331 LHA-AHN-PVH Otp Trh Glut_2,CCN20230722_CLUS,CS20230722_SUPT_0575,CCN20230722_SUPT,4,2330,cluster,#99985C,1,218
CS20230722_CLUS_2332,2332 LHA-AHN-PVH Otp Trh Glut_2,CCN20230722_CLUS,CS20230722_SUPT_0575,CCN20230722_SUPT,4,2331,cluster,#FF4D70,1,164
CS20230722_CLUS_2333,2333 LHA-AHN-PVH Otp Trh Glut_2,CCN20230722_CLUS,CS20230722_SUPT_0575,CCN20230722_SUPT,4,2332,cluster,#596600,1,73
CS20230722_CLUS_2334,2334 LHA-AHN-PVH Otp Trh Glut_3,CCN20230722_CLUS,CS20230722_SUPT_0576,CCN20230722_SUPT,4,2333,cluster,#00FFCB,1,220
CS20230722_CLUS_2335,2335 LHA-AHN-PVH Otp Trh Glut_3,CCN20230722_CLUS,CS20230722_SUPT_0576,CCN20230722_SUPT,4,2334,cluster,#8F5C99,1,199
CS20230722_CLUS_2336,2336 LHA-AHN-PVH Otp Trh Glut_3,CCN20230722_CLUS,CS20230722_SUPT_0576,CCN20230722_SUPT,4,2335,cluster,#3E3D66,1,198
CS20230722_CLUS_2337,2337 LHA-AHN-PVH Otp Trh Glut_4,CCN20230722_CLUS,CS20230722_SUPT_0577,CCN20230722_SUPT,4,2336,cluster,#76FF73,1,172
CS20230722_CLUS_2338,2338 LHA-AHN-PVH Otp Trh Glut_4,CCN20230722_CLUS,CS20230722_SUPT_0577,CCN20230722_SUPT,4,2337,cluster,#FF99C8,1,141
CS20230722_CLUS_2339,2339 LHA-AHN-PVH Otp Trh Glut_5,CCN20230722_CLUS,CS20230722_SUPT_0578,CCN20230722_SUPT,4,2338,cluster,#662E65,1,207
CS20230722_CLUS_2340,2340 AHN-RCH-LHA Otp Fezf1 Glut_1,CCN20230722_CLUS,CS20230722_SUPT_0579,CCN20230722_SUPT,4,2339,cluster,#220F66,1,34
CS20230722_CLUS_2341,2341 AHN-RCH-LHA Otp Fezf1 Glut_1,CCN20230722_CLUS,CS20230722_SUPT_0579,CCN20230722_SUPT,4,2340,cluster,#521799,1,122
CS20230722_CLUS_2342,2342 AHN-RCH-LHA Otp Fezf1 Glut_1,CCN20230722_CLUS,CS20230722_SUPT_0579,CCN20230722_SUPT,4,2341,cluster,#7AB8CC,1,58
CS20230722_CLUS_2343,2343 AHN-RCH-LHA Otp Fezf1 Glut_1,CCN20230722_CLUS,CS20230722_SUPT_0579,CCN20230722_SUPT,4,2342,cluster,#4DD5FF,1,135
CS20230722_CLUS_2344,2344 AHN-RCH-LHA Otp Fezf1 Glut_1,CCN20230722_CLUS,CS20230722_SUPT_0579,CCN20230722_SUPT,4,2343,cluster,#7A2E99,1,134
CS20230722_CLUS_2345,2345 AHN-RCH-LHA Otp Fezf1 Glut_2,CCN20230722_CLUS,CS20230722_SUPT_0580,CCN20230722_SUPT,4,2344,cluster,#660031,1,484
CS20230722_CLUS_2346,2346 AHN-RCH-LHA Otp Fezf1 Glut_2,CCN20230722_CLUS,CS20230722_SUPT_0580,CCN20230722_SUPT,4,2345,cluster,#CC7AA1,1,228
CS20230722_CLUS_2347,2347 AHN-RCH-LHA Otp Fezf1 Glut_2,CCN20230722_CLUS,CS20230722_SUPT_0580,CCN20230722_SUPT,4,2346,cluster,#002966,1,441
CS20230722_CLUS_2348,2348 AHN-RCH-LHA Otp Fezf1 Glut_2,CCN20230722_CLUS,CS20230722_SUPT_0580,CCN20230722_SUPT,4,2347,cluster,#660F27,1,218
CS20230722_CLUS_2349,2349 AHN-RCH-LHA Otp Fezf1 Glut_2,CCN20230722_CLUS,CS20230722_SUPT_0580,CCN20230722_SUPT,4,2348,cluster,#739EFF,1,232
CS20230722_CLUS_2350,2350 AHN-RCH-LHA Otp Fezf1 Glut_2,CCN20230722_CLUS,CS20230722_SUPT_0580,CCN20230722_SUPT,4,2349,cluster,#459982,1,63
CS20230722_CLUS_2351,2351 AHN-RCH-LHA Otp Fezf1 Glut_2,CCN20230722_CLUS,CS20230722_SUPT_0580,CCN20230722_SUPT,4,2350,cluster,#97992E,1,52
CS20230722_CLUS_2352,2352 AHN-RCH-LHA Otp Fezf1 Glut_3,CCN20230722_CLUS,CS20230722_SUPT_0581,CCN20230722_SUPT,4,2351,cluster,#5CCC8C,1,209
CS20230722_CLUS_2353,2353 AHN-RCH-LHA Otp Fezf1 Glut_3,CCN20230722_CLUS,CS20230722_SUPT_0581,CCN20230722_SUPT,4,2352,cluster,#5CC5CC,1,628
CS20230722_CLUS_2354,2354 AHN-RCH-LHA Otp Fezf1 Glut_3,CCN20230722_CLUS,CS20230722_SUPT_0581,CCN20230722_SUPT,4,2353,cluster,#173099,1,70
CS20230722_CLUS_2355,2355 AHN-RCH-LHA Otp Fezf1 Glut_3,CCN20230722_CLUS,CS20230722_SUPT_0581,CCN20230722_SUPT,4,2354,cluster,#DEFF73,1,135
CS20230722_CLUS_2356,2356 AHN-RCH-LHA Otp Fezf1 Glut_4,CCN20230722_CLUS,CS20230722_SUPT_0582,CCN20230722_SUPT,4,2355,cluster,#3E992E,1,114
CS20230722_CLUS_2357,2357 AHN-RCH-LHA Otp Fezf1 Glut_4,CCN20230722_CLUS,CS20230722_SUPT_0582,CCN20230722_SUPT,4,2356,cluster,#009959,1,125
CS20230722_CLUS_2358,2358 AHN-RCH-LHA Otp Fezf1 Glut_4,CCN20230722_CLUS,CS20230722_SUPT_0582,CCN20230722_SUPT,4,2357,cluster,#FEFF4D,1,23
CS20230722_CLUS_2359,2359 AHN-RCH-LHA Otp Fezf1 Glut_4,CCN20230722_CLUS,CS20230722_SUPT_0582,CCN20230722_SUPT,4,2358,cluster,#8073FF,1,139
CS20230722_CLUS_2360,2360 AHN-RCH-LHA Otp Fezf1 Glut_5,CCN20230722_CLUS,CS20230722_SUPT_0583,CCN20230722_SUPT,4,2359,cluster,#342E66,1,164
CS20230722_CLUS_2361,2361 AHN-RCH-LHA Otp Fezf1 Glut_6,CCN20230722_CLUS,CS20230722_SUPT_0584,CCN20230722_SUPT,4,2360,cluster,#5ECC00,1,147
CS20230722_CLUS_2362,2362 AHN-RCH-LHA Otp Fezf1 Glut_6,CCN20230722_CLUS,CS20230722_SUPT_0584,CCN20230722_SUPT,4,2361,cluster,#7AC1CC,1,35
CS20230722_CLUS_2363,2363 AHN-RCH-LHA Otp Fezf1 Glut_6,CCN20230722_CLUS,CS20230722_SUPT_0584,CCN20230722_SUPT,4,2362,cluster,#8F995C,1,258
CS20230722_CLUS_2364,2364 PVH-SO-PVa Otp Glut_1,CCN20230722_CLUS,CS20230722_SUPT_0585,CCN20230722_SUPT,4,2363,cluster,#4E4599,1,111
CS20230722_CLUS_2365,2365 PVH-SO-PVa Otp Glut_1,CCN20230722_CLUS,CS20230722_SUPT_0585,CCN20230722_SUPT,4,2364,cluster,#665F2E,1,269
CS20230722_CLUS_2366,2366 PVH-SO-PVa Otp Glut_1,CCN20230722_CLUS,CS20230722_SUPT_0585,CCN20230722_SUPT,4,2365,cluster,#73FFB5,1,64
CS20230722_CLUS_2367,2367 PVH-SO-PVa Otp Glut_1,CCN20230722_CLUS,CS20230722_SUPT_0585,CCN20230722_SUPT,4,2366,cluster,#5C6E99,1,46
CS20230722_CLUS_2368,2368 PVH-SO-PVa Otp Glut_1,CCN20230722_CLUS,CS20230722_SUPT_0585,CCN20230722_SUPT,4,2367,cluster,#00CCB2,1,155
CS20230722_CLUS_2369,2369 PVH-SO-PVa Otp Glut_2,CCN20230722_CLUS,CS20230722_SUPT_0586,CCN20230722_SUPT,4,2368,cluster,#196600,1,119
CS20230722_CLUS_2370,2370 PVH-SO-PVa Otp Glut_2,CCN20230722_CLUS,CS20230722_SUPT_0586,CCN20230722_SUPT,4,2369,cluster,#998500,1,166
CS20230722_CLUS_2371,2371 PVH-SO-PVa Otp Glut_2,CCN20230722_CLUS,CS20230722_SUPT_0586,CCN20230722_SUPT,4,2370,cluster,#AC73FF,1,229
CS20230722_CLUS_2372,2372 PVH-SO-PVa Otp Glut_2,CCN20230722_CLUS,CS20230722_SUPT_0586,CCN20230722_SUPT,4,2371,cluster,#3D5F66,1,42
CS20230722_CLUS_2373,2373 PVH-SO-PVa Otp Glut_2,CCN20230722_CLUS,CS20230722_SUPT_0586,CCN20230722_SUPT,4,2372,cluster,#2E663A,1,113
CS20230722_CLUS_2374,2374 PVH-SO-PVa Otp Glut_2,CCN20230722_CLUS,CS20230722_SUPT_0586,CCN20230722_SUPT,4,2373,cluster,#1F9FCC,1,75
CS20230722_CLUS_2375,2375 PVH-SO-PVa Otp Glut_3,CCN20230722_CLUS,CS20230722_SUPT_0587,CCN20230722_SUPT,4,2374,cluster,#0F2666,1,526
CS20230722_CLUS_2376,2376 PVH-SO-PVa Otp Glut_3,CCN20230722_CLUS,CS20230722_SUPT_0587,CCN20230722_SUPT,4,2375,cluster,#5A0066,1,846
CS20230722_CLUS_2377,2377 PVH-SO-PVa Otp Glut_3,CCN20230722_CLUS,CS20230722_SUPT_0587,CCN20230722_SUPT,4,2376,cluster,#FF4DCC,1,313
CS20230722_CLUS_2378,2378 PVH-SO-PVa Otp Glut_3,CCN20230722_CLUS,CS20230722_SUPT_0587,CCN20230722_SUPT,4,2377,cluster,#39CC00,1,408
CS20230722_CLUS_2379,2379 PVH-SO-PVa Otp Glut_4,CCN20230722_CLUS,CS20230722_SUPT_0588,CCN20230722_SUPT,4,2378,cluster,#660F16,1,271
CS20230722_CLUS_2380,2380 PVH-SO-PVa Otp Glut_4,CCN20230722_CLUS,CS20230722_SUPT_0588,CCN20230722_SUPT,4,2379,cluster,#534599,1,1381
CS20230722_CLUS_2381,2381 PVH-SO-PVa Otp Glut_4,CCN20230722_CLUS,CS20230722_SUPT_0588,CCN20230722_SUPT,4,2380,cluster,#5CCC5C,1,153
CS20230722_CLUS_2382,2382 PVH-SO-PVa Otp Glut_5,CCN20230722_CLUS,CS20230722_SUPT_0589,CCN20230722_SUPT,4,2381,cluster,#A7CC5C,1,271
CS20230722_CLUS_2383,2383 PVH-SO-PVa Otp Glut_5,CCN20230722_CLUS,CS20230722_SUPT_0589,CCN20230722_SUPT,4,2382,cluster,#33CC1F,1,332
CS20230722_CLUS_2384,2384 PVH-SO-PVa Otp Glut_5,CCN20230722_CLUS,CS20230722_SUPT_0589,CCN20230722_SUPT,4,2383,cluster,#9D7ACC,1,242
CS20230722_CLUS_2385,2385 PVH-SO-PVa Otp Glut_6,CCN20230722_CLUS,CS20230722_SUPT_0590,CCN20230722_SUPT,4,2384,cluster,#D94DFF,1,113
CS20230722_CLUS_2386,2386 PVH-SO-PVa Otp Glut_6,CCN20230722_CLUS,CS20230722_SUPT_0590,CCN20230722_SUPT,4,2385,cluster,#FFF099,1,145
CS20230722_CLUS_2387,2387 PH-ant-LHA Otp Bsx Glut_1,CCN20230722_CLUS,CS20230722_SUPT_0591,CCN20230722_SUPT,4,2386,cluster,#FF4D54,1,121
CS20230722_CLUS_2388,2388 PH-ant-LHA Otp Bsx Glut_1,CCN20230722_CLUS,CS20230722_SUPT_0591,CCN20230722_SUPT,4,2387,cluster,#7D9945,1,103
CS20230722_CLUS_2389,2389 PH-ant-LHA Otp Bsx Glut_1,CCN20230722_CLUS,CS20230722_SUPT_0591,CCN20230722_SUPT,4,2388,cluster,#99572E,1,339
CS20230722_CLUS_2390,2390 PH-ant-LHA Otp Bsx Glut_1,CCN20230722_CLUS,CS20230722_SUPT_0591,CCN20230722_SUPT,4,2389,cluster,#481F66,1,35
CS20230722_CLUS_2391,2391 PH-ant-LHA Otp Bsx Glut_1,CCN20230722_CLUS,CS20230722_SUPT_0591,CCN20230722_SUPT,4,2390,cluster,#455899,1,21
CS20230722_CLUS_2392,2392 PH-ant-LHA Otp Bsx Glut_1,CCN20230722_CLUS,CS20230722_SUPT_0591,CCN20230722_SUPT,4,2391,cluster,#0F6631,1,120
CS20230722_CLUS_2393,2393 PH-ant-LHA Otp Bsx Glut_1,CCN20230722_CLUS,CS20230722_SUPT_0591,CCN20230722_SUPT,4,2392,cluster,#0F663F,1,318
CS20230722_CLUS_2394,2394 PH-ant-LHA Otp Bsx Glut_1,CCN20230722_CLUS,CS20230722_SUPT_0591,CCN20230722_SUPT,4,2393,cluster,#007C99,1,18
CS20230722_CLUS_2395,2395 PH-ant-LHA Otp Bsx Glut_2,CCN20230722_CLUS,CS20230722_SUPT_0592,CCN20230722_SUPT,4,2394,cluster,#66631F,1,105
CS20230722_CLUS_2396,2396 PH-ant-LHA Otp Bsx Glut_2,CCN20230722_CLUS,CS20230722_SUPT_0592,CCN20230722_SUPT,4,2395,cluster,#7ACC7F,1,101
CS20230722_CLUS_2397,2397 PH-ant-LHA Otp Bsx Glut_2,CCN20230722_CLUS,CS20230722_SUPT_0592,CCN20230722_SUPT,4,2396,cluster,#651F66,1,99
CS20230722_CLUS_2398,2398 PH-ant-LHA Otp Bsx Glut_2,CCN20230722_CLUS,CS20230722_SUPT_0592,CCN20230722_SUPT,4,2397,cluster,#82FF4D,1,71
CS20230722_CLUS_2399,2399 PH-ant-LHA Otp Bsx Glut_2,CCN20230722_CLUS,CS20230722_SUPT_0592,CCN20230722_SUPT,4,2398,cluster,#291F66,1,146
CS20230722_CLUS_2400,2400 PH-ant-LHA Otp Bsx Glut_2,CCN20230722_CLUS,CS20230722_SUPT_0592,CCN20230722_SUPT,4,2399,cluster,#FF263A,1,144
CS20230722_CLUS_2401,2401 PH-ant-LHA Otp Bsx Glut_3,CCN20230722_CLUS,CS20230722_SUPT_0593,CCN20230722_SUPT,4,2400,cluster,#CC6C00,1,329
CS20230722_CLUS_2402,2402 PH-ant-LHA Otp Bsx Glut_3,CCN20230722_CLUS,CS20230722_SUPT_0593,CCN20230722_SUPT,4,2401,cluster,#663D53,1,76
CS20230722_CLUS_2403,2403 PH-ant-LHA Otp Bsx Glut_3,CCN20230722_CLUS,CS20230722_SUPT_0593,CCN20230722_SUPT,4,2402,cluster,#C6FF4D,1,152
CS20230722_CLUS_2404,2404 PH-ant-LHA Otp Bsx Glut_3,CCN20230722_CLUS,CS20230722_SUPT_0593,CCN20230722_SUPT,4,2403,cluster,#791FCC,1,114
CS20230722_CLUS_2405,2405 PH-ant-LHA Otp Bsx Glut_3,CCN20230722_CLUS,CS20230722_SUPT_0593,CCN20230722_SUPT,4,2404,cluster,#FFD000,1,210
CS20230722_CLUS_2406,2406 PH-ant-LHA Otp Bsx Glut_3,CCN20230722_CLUS,CS20230722_SUPT_0593,CCN20230722_SUPT,4,2405,cluster,#26FFDE,1,30
CS20230722_CLUS_2407,2407 PH-ant-LHA Otp Bsx Glut_4,CCN20230722_CLUS,CS20230722_SUPT_0594,CCN20230722_SUPT,4,2406,cluster,#0F4B66,1,86
CS20230722_CLUS_2408,2408 PH-ant-LHA Otp Bsx Glut_4,CCN20230722_CLUS,CS20230722_SUPT_0594,CCN20230722_SUPT,4,2407,cluster,#4B3D66,1,76
CS20230722_CLUS_2409,2409 PH-ant-LHA Otp Bsx Glut_4,CCN20230722_CLUS,CS20230722_SUPT_0594,CCN20230722_SUPT,4,2408,cluster,#5C7D99,1,225
CS20230722_CLUS_2410,2410 PH-ant-LHA Otp Bsx Glut_4,CCN20230722_CLUS,CS20230722_SUPT_0594,CCN20230722_SUPT,4,2409,cluster,#9B3DCC,1,221
CS20230722_CLUS_2411,2411 PH-ant-LHA Otp Bsx Glut_4,CCN20230722_CLUS,CS20230722_SUPT_0594,CCN20230722_SUPT,4,2410,cluster,#663D41,1,191
CS20230722_CLUS_2412,2412 PH-ant-LHA Otp Bsx Glut_4,CCN20230722_CLUS,CS20230722_SUPT_0594,CCN20230722_SUPT,4,2411,cluster,#5F1F66,1,407
CS20230722_CLUS_2413,2413 PH-ant-LHA Otp Bsx Glut_5,CCN20230722_CLUS,CS20230722_SUPT_0595,CCN20230722_SUPT,4,2412,cluster,#994585,1,180
CS20230722_CLUS_2414,2414 PH-ant-LHA Otp Bsx Glut_5,CCN20230722_CLUS,CS20230722_SUPT_0595,CCN20230722_SUPT,4,2413,cluster,#482E66,1,261
CS20230722_CLUS_2415,2415 PH-ant-LHA Otp Bsx Glut_5,CCN20230722_CLUS,CS20230722_SUPT_0595,CCN20230722_SUPT,4,2414,cluster,#009926,1,244
CS20230722_CLUS_2416,2416 PH-ant-LHA Otp Bsx Glut_5,CCN20230722_CLUS,CS20230722_SUPT_0595,CCN20230722_SUPT,4,2415,cluster,#995500,1,109
CS20230722_CLUS_2417,2417 PH-ant-LHA Otp Bsx Glut_5,CCN20230722_CLUS,CS20230722_SUPT_0595,CCN20230722_SUPT,4,2416,cluster,#2E5966,1,187
CS20230722_CLUS_2418,2418 PH-ant-LHA Otp Bsx Glut_5,CCN20230722_CLUS,CS20230722_SUPT_0595,CCN20230722_SUPT,4,2417,cluster,#F499FF,1,143
CS20230722_CLUS_2419,2419 PH-ant-LHA Otp Bsx Glut_5,CCN20230722_CLUS,CS20230722_SUPT_0595,CCN20230722_SUPT,4,2418,cluster,#CC1F50,1,43
CS20230722_CLUS_2420,2420 PH-ant-LHA Otp Bsx Glut_6,CCN20230722_CLUS,CS20230722_SUPT_0596,CCN20230722_SUPT,4,2419,cluster,#39661F,1,94
CS20230722_CLUS_2421,2421 PH-ant-LHA Otp Bsx Glut_6,CCN20230722_CLUS,CS20230722_SUPT_0596,CCN20230722_SUPT,4,2420,cluster,#FF00FE,1,190
CS20230722_CLUS_2422,2422 PH-ant-LHA Otp Bsx Glut_6,CCN20230722_CLUS,CS20230722_SUPT_0596,CCN20230722_SUPT,4,2421,cluster,#CC5C76,1,58
CS20230722_CLUS_2423,2423 PH-ant-LHA Otp Bsx Glut_7,CCN20230722_CLUS,CS20230722_SUPT_0597,CCN20230722_SUPT,4,2422,cluster,#180F66,1,74
CS20230722_CLUS_2424,2424 PH-ant-LHA Otp Bsx Glut_7,CCN20230722_CLUS,CS20230722_SUPT_0597,CCN20230722_SUPT,4,2423,cluster,#662E3F,1,104
CS20230722_CLUS_2425,2425 PH-ant-LHA Otp Bsx Glut_7,CCN20230722_CLUS,CS20230722_SUPT_0597,CCN20230722_SUPT,4,2424,cluster,#994552,1,80
CS20230722_CLUS_2426,2426 PH-ant-LHA Otp Bsx Glut_7,CCN20230722_CLUS,CS20230722_SUPT_0597,CCN20230722_SUPT,4,2425,cluster,#914DFF,1,140
CS20230722_CLUS_2427,2427 PH-ant-LHA Otp Bsx Glut_7,CCN20230722_CLUS,CS20230722_SUPT_0597,CCN20230722_SUPT,4,2426,cluster,#004199,1,328
CS20230722_CLUS_2428,2428 PH-ant-LHA Otp Bsx Glut_7,CCN20230722_CLUS,CS20230722_SUPT_0597,CCN20230722_SUPT,4,2427,cluster,#004966,1,319
CS20230722_CLUS_2429,2429 STN-PSTN Pitx2 Glut_1,CCN20230722_CLUS,CS20230722_SUPT_0598,CCN20230722_SUPT,4,2428,cluster,#995645,1,181
CS20230722_CLUS_2430,2430 STN-PSTN Pitx2 Glut_1,CCN20230722_CLUS,CS20230722_SUPT_0598,CCN20230722_SUPT,4,2429,cluster,#36661F,1,346
CS20230722_CLUS_2431,2431 STN-PSTN Pitx2 Glut_1,CCN20230722_CLUS,CS20230722_SUPT_0598,CCN20230722_SUPT,4,2430,cluster,#CC2D1F,1,224
CS20230722_CLUS_2432,2432 STN-PSTN Pitx2 Glut_1,CCN20230722_CLUS,CS20230722_SUPT_0598,CCN20230722_SUPT,4,2431,cluster,#5C998D,1,214
CS20230722_CLUS_2433,2433 STN-PSTN Pitx2 Glut_1,CCN20230722_CLUS,CS20230722_SUPT_0598,CCN20230722_SUPT,4,2432,cluster,#FF7573,1,142
CS20230722_CLUS_2434,2434 STN-PSTN Pitx2 Glut_1,CCN20230722_CLUS,CS20230722_SUPT_0598,CCN20230722_SUPT,4,2433,cluster,#7ACC8A,1,68
CS20230722_CLUS_2435,2435 STN-PSTN Pitx2 Glut_1,CCN20230722_CLUS,CS20230722_SUPT_0598,CCN20230722_SUPT,4,2434,cluster,#CC1F54,1,67
CS20230722_CLUS_2436,2436 STN-PSTN Pitx2 Glut_2,CCN20230722_CLUS,CS20230722_SUPT_0599,CCN20230722_SUPT,4,2435,cluster,#26FFD4,1,51
CS20230722_CLUS_2437,2437 STN-PSTN Pitx2 Glut_2,CCN20230722_CLUS,CS20230722_SUPT_0599,CCN20230722_SUPT,4,2436,cluster,#663D5A,1,122
CS20230722_CLUS_2438,2438 STN-PSTN Pitx2 Glut_2,CCN20230722_CLUS,CS20230722_SUPT_0599,CCN20230722_SUPT,4,2437,cluster,#663D45,1,137
CS20230722_CLUS_2439,2439 STN-PSTN Pitx2 Glut_2,CCN20230722_CLUS,CS20230722_SUPT_0599,CCN20230722_SUPT,4,2438,cluster,#CC755C,1,265
CS20230722_CLUS_2440,2440 STN-PSTN Pitx2 Glut_2,CCN20230722_CLUS,CS20230722_SUPT_0599,CCN20230722_SUPT,4,2439,cluster,#26F4FF,1,38
CS20230722_CLUS_2441,2441 STN-PSTN Pitx2 Glut_2,CCN20230722_CLUS,CS20230722_SUPT_0599,CCN20230722_SUPT,4,2440,cluster,#3D4966,1,96
CS20230722_CLUS_2442,2442 STN-PSTN Pitx2 Glut_3,CCN20230722_CLUS,CS20230722_SUPT_0600,CCN20230722_SUPT,4,2441,cluster,#7ACCBD,1,522
CS20230722_CLUS_2443,2443 STN-PSTN Pitx2 Glut_3,CCN20230722_CLUS,CS20230722_SUPT_0600,CCN20230722_SUPT,4,2442,cluster,#263BFF,1,104
CS20230722_CLUS_2444,2444 STN-PSTN Pitx2 Glut_3,CCN20230722_CLUS,CS20230722_SUPT_0600,CCN20230722_SUPT,4,2443,cluster,#FB73FF,1,78
CS20230722_CLUS_2445,2445 STN-PSTN Pitx2 Glut_3,CCN20230722_CLUS,CS20230722_SUPT_0600,CCN20230722_SUPT,4,2444,cluster,#4F1799,1,147
CS20230722_CLUS_2446,2446 STN-PSTN Pitx2 Glut_3,CCN20230722_CLUS,CS20230722_SUPT_0600,CCN20230722_SUPT,4,2445,cluster,#4DFFB8,1,57
CS20230722_CLUS_2447,2447 STN-PSTN Pitx2 Glut_3,CCN20230722_CLUS,CS20230722_SUPT_0600,CCN20230722_SUPT,4,2446,cluster,#99FF00,1,63
CS20230722_CLUS_2448,2448 STN-PSTN Pitx2 Glut_4,CCN20230722_CLUS,CS20230722_SUPT_0601,CCN20230722_SUPT,4,2447,cluster,#BBFF00,1,278
CS20230722_CLUS_2449,2449 STN-PSTN Pitx2 Glut_4,CCN20230722_CLUS,CS20230722_SUPT_0601,CCN20230722_SUPT,4,2448,cluster,#173399,1,47
CS20230722_CLUS_2450,2450 STN-PSTN Pitx2 Glut_4,CCN20230722_CLUS,CS20230722_SUPT_0601,CCN20230722_SUPT,4,2449,cluster,#57663D,1,223
CS20230722_CLUS_2451,2451 STN-PSTN Pitx2 Glut_4,CCN20230722_CLUS,CS20230722_SUPT_0601,CCN20230722_SUPT,4,2450,cluster,#1F5466,1,150
CS20230722_CLUS_2452,2452 STN-PSTN Pitx2 Glut_4,CCN20230722_CLUS,CS20230722_SUPT_0601,CCN20230722_SUPT,4,2451,cluster,#CC5C5C,1,392
CS20230722_CLUS_2453,2453 STN-PSTN Pitx2 Glut_5,CCN20230722_CLUS,CS20230722_SUPT_0602,CCN20230722_SUPT,4,2452,cluster,#FF4DC4,1,224
CS20230722_CLUS_2454,2454 STN-PSTN Pitx2 Glut_5,CCN20230722_CLUS,CS20230722_SUPT_0602,CCN20230722_SUPT,4,2453,cluster,#660F2F,1,603
CS20230722_CLUS_2455,2455 STN-PSTN Pitx2 Glut_5,CCN20230722_CLUS,CS20230722_SUPT_0602,CCN20230722_SUPT,4,2454,cluster,#841FCC,1,320
CS20230722_CLUS_2456,2456 STN-PSTN Pitx2 Glut_5,CCN20230722_CLUS,CS20230722_SUPT_0602,CCN20230722_SUPT,4,2455,cluster,#240F66,1,135
CS20230722_CLUS_2457,2457 STN-PSTN Pitx2 Glut_6,CCN20230722_CLUS,CS20230722_SUPT_0603,CCN20230722_SUPT,4,2456,cluster,#3A2E66,1,268
CS20230722_CLUS_2458,2458 STN-PSTN Pitx2 Glut_6,CCN20230722_CLUS,CS20230722_SUPT_0603,CCN20230722_SUPT,4,2457,cluster,#0F662D,1,165
CS20230722_CLUS_2459,2459 STN-PSTN Pitx2 Glut_7,CCN20230722_CLUS,CS20230722_SUPT_0604,CCN20230722_SUPT,4,2458,cluster,#1E0F66,1,249
CS20230722_CLUS_2460,2460 PMv-TMv Pitx2 Glut_1,CCN20230722_CLUS,CS20230722_SUPT_0605,CCN20230722_SUPT,4,2459,cluster,#FF99B5,1,270
CS20230722_CLUS_2461,2461 PMv-TMv Pitx2 Glut_1,CCN20230722_CLUS,CS20230722_SUPT_0605,CCN20230722_SUPT,4,2460,cluster,#662E3C,1,120
CS20230722_CLUS_2462,2462 PMv-TMv Pitx2 Glut_1,CCN20230722_CLUS,CS20230722_SUPT_0605,CCN20230722_SUPT,4,2461,cluster,#7A95CC,1,302
CS20230722_CLUS_2463,2463 PMv-TMv Pitx2 Glut_1,CCN20230722_CLUS,CS20230722_SUPT_0605,CCN20230722_SUPT,4,2462,cluster,#00CC36,1,148
CS20230722_CLUS_2464,2464 PMv-TMv Pitx2 Glut_1,CCN20230722_CLUS,CS20230722_SUPT_0605,CCN20230722_SUPT,4,2463,cluster,#3E9900,1,362
CS20230722_CLUS_2465,2465 PMv-TMv Pitx2 Glut_2,CCN20230722_CLUS,CS20230722_SUPT_0606,CCN20230722_SUPT,4,2464,cluster,#4DB5FF,1,104
CS20230722_CLUS_2466,2466 PMv-TMv Pitx2 Glut_2,CCN20230722_CLUS,CS20230722_SUPT_0606,CCN20230722_SUPT,4,2465,cluster,#591FCC,1,93
CS20230722_CLUS_2467,2467 PMv-TMv Pitx2 Glut_2,CCN20230722_CLUS,CS20230722_SUPT_0606,CCN20230722_SUPT,4,2466,cluster,#CB7ACC,1,58
CS20230722_CLUS_2468,2468 PMv-TMv Pitx2 Glut_2,CCN20230722_CLUS,CS20230722_SUPT_0606,CCN20230722_SUPT,4,2467,cluster,#002299,1,130
CS20230722_CLUS_2469,2469 PMv-TMv Pitx2 Glut_3,CCN20230722_CLUS,CS20230722_SUPT_0607,CCN20230722_SUPT,4,2468,cluster,#9C5CCC,1,122
CS20230722_CLUS_2470,2470 PMv-TMv Pitx2 Glut_3,CCN20230722_CLUS,CS20230722_SUPT_0607,CCN20230722_SUPT,4,2469,cluster,#CC845C,1,451
CS20230722_CLUS_2471,2471 PMv-TMv Pitx2 Glut_3,CCN20230722_CLUS,CS20230722_SUPT_0607,CCN20230722_SUPT,4,2470,cluster,#4DC1FF,1,274
CS20230722_CLUS_2472,2472 PMv-TMv Pitx2 Glut_3,CCN20230722_CLUS,CS20230722_SUPT_0607,CCN20230722_SUPT,4,2471,cluster,#CCC91F,1,58
CS20230722_CLUS_2473,2473 PMv-TMv Pitx2 Glut_3,CCN20230722_CLUS,CS20230722_SUPT_0607,CCN20230722_SUPT,4,2472,cluster,#4D1799,1,260
CS20230722_CLUS_2474,2474 PH-an Pitx2 Glut_1,CCN20230722_CLUS,CS20230722_SUPT_0608,CCN20230722_SUPT,4,2473,cluster,#660F1D,1,367
CS20230722_CLUS_2475,2475 PH-an Pitx2 Glut_1,CCN20230722_CLUS,CS20230722_SUPT_0608,CCN20230722_SUPT,4,2474,cluster,#0F1866,1,134
CS20230722_CLUS_2476,2476 PH-an Pitx2 Glut_2,CCN20230722_CLUS,CS20230722_SUPT_0609,CCN20230722_SUPT,4,2475,cluster,#26FFCF,1,58
CS20230722_CLUS_2477,2477 PH-an Pitx2 Glut_2,CCN20230722_CLUS,CS20230722_SUPT_0609,CCN20230722_SUPT,4,2476,cluster,#003399,1,189
CS20230722_CLUS_2478,2478 PH-an Pitx2 Glut_2,CCN20230722_CLUS,CS20230722_SUPT_0609,CCN20230722_SUPT,4,2477,cluster,#662E5A,1,27
CS20230722_CLUS_2479,2479 PH-an Pitx2 Glut_2,CCN20230722_CLUS,CS20230722_SUPT_0609,CCN20230722_SUPT,4,2478,cluster,#2E9099,1,66
CS20230722_CLUS_2480,2480 PH-an Pitx2 Glut_2,CCN20230722_CLUS,CS20230722_SUPT_0609,CCN20230722_SUPT,4,2479,cluster,#3D9ACC,1,130
CS20230722_CLUS_2481,2481 PH Pitx2 Glut_1,CCN20230722_CLUS,CS20230722_SUPT_0610,CCN20230722_SUPT,4,2480,cluster,#7ACCC5,1,72
CS20230722_CLUS_2482,2482 PH Pitx2 Glut_1,CCN20230722_CLUS,CS20230722_SUPT_0610,CCN20230722_SUPT,4,2481,cluster,#281F66,1,101
CS20230722_CLUS_2483,2483 PH Pitx2 Glut_1,CCN20230722_CLUS,CS20230722_SUPT_0610,CCN20230722_SUPT,4,2482,cluster,#661F3F,1,83
CS20230722_CLUS_2484,2484 PH Pitx2 Glut_1,CCN20230722_CLUS,CS20230722_SUPT_0610,CCN20230722_SUPT,4,2483,cluster,#662E37,1,328
CS20230722_CLUS_2485,2485 PH Pitx2 Glut_2,CCN20230722_CLUS,CS20230722_SUPT_0611,CCN20230722_SUPT,4,2484,cluster,#CC3500,1,456
CS20230722_CLUS_2486,2486 PH Pitx2 Glut_2,CCN20230722_CLUS,CS20230722_SUPT_0611,CCN20230722_SUPT,4,2485,cluster,#DC73FF,1,87
CS20230722_CLUS_2487,2487 PH Pitx2 Glut_2,CCN20230722_CLUS,CS20230722_SUPT_0611,CCN20230722_SUPT,4,2486,cluster,#4E3D66,1,56
CS20230722_CLUS_2488,2488 PH Pitx2 Glut_2,CCN20230722_CLUS,CS20230722_SUPT_0611,CCN20230722_SUPT,4,2487,cluster,#67992E,1,45
CS20230722_CLUS_2489,2489 PH Pitx2 Glut_2,CCN20230722_CLUS,CS20230722_SUPT_0611,CCN20230722_SUPT,4,2488,cluster,#5D1F66,1,154
CS20230722_CLUS_2490,2490 PH Pitx2 Glut_2,CCN20230722_CLUS,CS20230722_SUPT_0611,CCN20230722_SUPT,4,2489,cluster,#ACFF73,1,15
CS20230722_CLUS_2491,2491 PH Pitx2 Glut_2,CCN20230722_CLUS,CS20230722_SUPT_0611,CCN20230722_SUPT,4,2490,cluster,#5C95CC,1,63
CS20230722_CLUS_2492,2492 PH Pitx2 Glut_2,CCN20230722_CLUS,CS20230722_SUPT_0611,CCN20230722_SUPT,4,2491,cluster,#3B00CC,1,118
CS20230722_CLUS_2493,2493 PH Pitx2 Glut_2,CCN20230722_CLUS,CS20230722_SUPT_0611,CCN20230722_SUPT,4,2492,cluster,#661F25,1,47
CS20230722_CLUS_2494,2494 PH Pitx2 Glut_2,CCN20230722_CLUS,CS20230722_SUPT_0611,CCN20230722_SUPT,4,2493,cluster,#7ACCC8,1,82
CS20230722_CLUS_2495,2495 PH Pitx2 Glut_2,CCN20230722_CLUS,CS20230722_SUPT_0611,CCN20230722_SUPT,4,2494,cluster,#7AA5CC,1,119
CS20230722_CLUS_2496,2496 PH Pitx2 Glut_2,CCN20230722_CLUS,CS20230722_SUPT_0611,CCN20230722_SUPT,4,2495,cluster,#00CC5F,1,110
CS20230722_CLUS_2497,2497 PH Pitx2 Glut_2,CCN20230722_CLUS,CS20230722_SUPT_0611,CCN20230722_SUPT,4,2496,cluster,#CC9A3D,1,250
CS20230722_CLUS_2498,2498 PH-LHA Foxb1 Glut_1,CCN20230722_CLUS,CS20230722_SUPT_0612,CCN20230722_SUPT,4,2497,cluster,#9DCC5C,1,192
CS20230722_CLUS_2499,2499 PH-LHA Foxb1 Glut_1,CCN20230722_CLUS,CS20230722_SUPT_0612,CCN20230722_SUPT,4,2498,cluster,#001B66,1,102
CS20230722_CLUS_2500,2500 PH-LHA Foxb1 Glut_1,CCN20230722_CLUS,CS20230722_SUPT_0612,CCN20230722_SUPT,4,2499,cluster,#00CCC9,1,128
CS20230722_CLUS_2501,2501 PH-LHA Foxb1 Glut_1,CCN20230722_CLUS,CS20230722_SUPT_0612,CCN20230722_SUPT,4,2500,cluster,#5D0099,1,104
CS20230722_CLUS_2502,2502 PH-LHA Foxb1 Glut_1,CCN20230722_CLUS,CS20230722_SUPT_0612,CCN20230722_SUPT,4,2501,cluster,#6DFF4D,1,119
CS20230722_CLUS_2503,2503 PH-LHA Foxb1 Glut_1,CCN20230722_CLUS,CS20230722_SUPT_0612,CCN20230722_SUPT,4,2502,cluster,#CCA77A,1,38
CS20230722_CLUS_2504,2504 PH-LHA Foxb1 Glut_1,CCN20230722_CLUS,CS20230722_SUPT_0612,CCN20230722_SUPT,4,2503,cluster,#609945,1,53
CS20230722_CLUS_2505,2505 PH-LHA Foxb1 Glut_2,CCN20230722_CLUS,CS20230722_SUPT_0613,CCN20230722_SUPT,4,2504,cluster,#070099,1,151
CS20230722_CLUS_2506,2506 PH-LHA Foxb1 Glut_2,CCN20230722_CLUS,CS20230722_SUPT_0613,CCN20230722_SUPT,4,2505,cluster,#4D0066,1,178
CS20230722_CLUS_2507,2507 PH-LHA Foxb1 Glut_2,CCN20230722_CLUS,CS20230722_SUPT_0613,CCN20230722_SUPT,4,2506,cluster,#4D81FF,1,85
CS20230722_CLUS_2508,2508 PH-LHA Foxb1 Glut_2,CCN20230722_CLUS,CS20230722_SUPT_0613,CCN20230722_SUPT,4,2507,cluster,#455C99,1,62
CS20230722_CLUS_2509,2509 PH-LHA Foxb1 Glut_3,CCN20230722_CLUS,CS20230722_SUPT_0614,CCN20230722_SUPT,4,2508,cluster,#9D4DFF,1,326
CS20230722_CLUS_2510,2510 PH-LHA Foxb1 Glut_3,CCN20230722_CLUS,CS20230722_SUPT_0614,CCN20230722_SUPT,4,2509,cluster,#FF5E26,1,94
CS20230722_CLUS_2511,2511 PH-LHA Foxb1 Glut_3,CCN20230722_CLUS,CS20230722_SUPT_0614,CCN20230722_SUPT,4,2510,cluster,#5CCC97,1,171
CS20230722_CLUS_2512,2512 PH-LHA Foxb1 Glut_3,CCN20230722_CLUS,CS20230722_SUPT_0614,CCN20230722_SUPT,4,2511,cluster,#CC1F9B,1,94
CS20230722_CLUS_2513,2513 PH-LHA Foxb1 Glut_3,CCN20230722_CLUS,CS20230722_SUPT_0614,CCN20230722_SUPT,4,2512,cluster,#99FFF1,1,406
CS20230722_CLUS_2514,2514 PH-LHA Foxb1 Glut_3,CCN20230722_CLUS,CS20230722_SUPT_0614,CCN20230722_SUPT,4,2513,cluster,#459981,1,40
CS20230722_CLUS_2515,2515 PH-LHA Foxb1 Glut_4,CCN20230722_CLUS,CS20230722_SUPT_0615,CCN20230722_SUPT,4,2514,cluster,#661F48,1,58
CS20230722_CLUS_2516,2516 PH-LHA Foxb1 Glut_4,CCN20230722_CLUS,CS20230722_SUPT_0615,CCN20230722_SUPT,4,2515,cluster,#CC8B1F,1,119
CS20230722_CLUS_2517,2517 PH-LHA Foxb1 Glut_5,CCN20230722_CLUS,CS20230722_SUPT_0616,CCN20230722_SUPT,4,2516,cluster,#649900,1,194
CS20230722_CLUS_2518,2518 PH-LHA Foxb1 Glut_5,CCN20230722_CLUS,CS20230722_SUPT_0616,CCN20230722_SUPT,4,2517,cluster,#00FFE8,1,95
CS20230722_CLUS_2519,2519 PH-LHA Foxb1 Glut_6,CCN20230722_CLUS,CS20230722_SUPT_0617,CCN20230722_SUPT,4,2518,cluster,#1F6660,1,319
CS20230722_CLUS_2520,2520 PH-LHA Foxb1 Glut_7,CCN20230722_CLUS,CS20230722_SUPT_0618,CCN20230722_SUPT,4,2519,cluster,#521FCC,1,276
CS20230722_CLUS_2521,2521 PH-LHA Foxb1 Glut_7,CCN20230722_CLUS,CS20230722_SUPT_0618,CCN20230722_SUPT,4,2520,cluster,#CC957A,1,117
CS20230722_CLUS_2522,2522 PMd-LHA Foxb1 Glut_1,CCN20230722_CLUS,CS20230722_SUPT_0619,CCN20230722_SUPT,4,2521,cluster,#66571F,1,143
CS20230722_CLUS_2523,2523 PMd-LHA Foxb1 Glut_1,CCN20230722_CLUS,CS20230722_SUPT_0619,CCN20230722_SUPT,4,2522,cluster,#FFF026,1,94
CS20230722_CLUS_2524,2524 PMd-LHA Foxb1 Glut_2,CCN20230722_CLUS,CS20230722_SUPT_0620,CCN20230722_SUPT,4,2523,cluster,#66523D,1,121
CS20230722_CLUS_2525,2525 PMd-LHA Foxb1 Glut_2,CCN20230722_CLUS,CS20230722_SUPT_0620,CCN20230722_SUPT,4,2524,cluster,#882E99,1,222
CS20230722_CLUS_2526,2526 PMd-LHA Foxb1 Glut_2,CCN20230722_CLUS,CS20230722_SUPT_0620,CCN20230722_SUPT,4,2525,cluster,#8B3DCC,1,72
CS20230722_CLUS_2527,2527 PMd-LHA Foxb1 Glut_2,CCN20230722_CLUS,CS20230722_SUPT_0620,CCN20230722_SUPT,4,2526,cluster,#46CC1F,1,386
CS20230722_CLUS_2528,2528 PMd-LHA Foxb1 Glut_2,CCN20230722_CLUS,CS20230722_SUPT_0620,CCN20230722_SUPT,4,2527,cluster,#0F2066,1,95
CS20230722_CLUS_2529,2529 PMd-LHA Foxb1 Glut_2,CCN20230722_CLUS,CS20230722_SUPT_0620,CCN20230722_SUPT,4,2528,cluster,#66472E,1,107
CS20230722_CLUS_2530,2530 PMd-LHA Foxb1 Glut_2,CCN20230722_CLUS,CS20230722_SUPT_0620,CCN20230722_SUPT,4,2529,cluster,#3D4266,1,309
CS20230722_CLUS_2531,2531 PMd-LHA Foxb1 Glut_2,CCN20230722_CLUS,CS20230722_SUPT_0620,CCN20230722_SUPT,4,2530,cluster,#3C2E66,1,73
CS20230722_CLUS_2532,2532 PMd-LHA Foxb1 Glut_2,CCN20230722_CLUS,CS20230722_SUPT_0620,CCN20230722_SUPT,4,2531,cluster,#FF73BA,1,103
CS20230722_CLUS_2533,2533 PMd-LHA Foxb1 Glut_3,CCN20230722_CLUS,CS20230722_SUPT_0621,CCN20230722_SUPT,4,2532,cluster,#456099,1,139
CS20230722_CLUS_2534,2534 PMd-LHA Foxb1 Glut_3,CCN20230722_CLUS,CS20230722_SUPT_0621,CCN20230722_SUPT,4,2533,cluster,#5C92CC,1,76
CS20230722_CLUS_2535,2535 PMd-LHA Foxb1 Glut_3,CCN20230722_CLUS,CS20230722_SUPT_0621,CCN20230722_SUPT,4,2534,cluster,#2E665A,1,201
CS20230722_CLUS_2536,2536 PH-SUM Foxa1 Glut_1,CCN20230722_CLUS,CS20230722_SUPT_0622,CCN20230722_SUPT,4,2535,cluster,#99522E,1,78
CS20230722_CLUS_2537,2537 PH-SUM Foxa1 Glut_1,CCN20230722_CLUS,CS20230722_SUPT_0622,CCN20230722_SUPT,4,2536,cluster,#73FFF4,1,127
CS20230722_CLUS_2538,2538 PH-SUM Foxa1 Glut_1,CCN20230722_CLUS,CS20230722_SUPT_0622,CCN20230722_SUPT,4,2537,cluster,#1F2266,1,94
CS20230722_CLUS_2539,2539 PH-SUM Foxa1 Glut_1,CCN20230722_CLUS,CS20230722_SUPT_0622,CCN20230722_SUPT,4,2538,cluster,#006621,1,66
CS20230722_CLUS_2540,2540 PH-SUM Foxa1 Glut_2,CCN20230722_CLUS,CS20230722_SUPT_0623,CCN20230722_SUPT,4,2539,cluster,#532E99,1,173
CS20230722_CLUS_2541,2541 PH-SUM Foxa1 Glut_2,CCN20230722_CLUS,CS20230722_SUPT_0623,CCN20230722_SUPT,4,2540,cluster,#FF73D0,1,80
CS20230722_CLUS_2542,2542 PH-SUM Foxa1 Glut_2,CCN20230722_CLUS,CS20230722_SUPT_0623,CCN20230722_SUPT,4,2541,cluster,#73FFF7,1,118
CS20230722_CLUS_2543,2543 PH-SUM Foxa1 Glut_3,CCN20230722_CLUS,CS20230722_SUPT_0624,CCN20230722_SUPT,4,2542,cluster,#1F5F66,1,62
CS20230722_CLUS_2544,2544 PH-SUM Foxa1 Glut_3,CCN20230722_CLUS,CS20230722_SUPT_0624,CCN20230722_SUPT,4,2543,cluster,#67CC00,1,65
CS20230722_CLUS_2545,2545 PH-SUM Foxa1 Glut_3,CCN20230722_CLUS,CS20230722_SUPT_0624,CCN20230722_SUPT,4,2544,cluster,#997B5C,1,73
CS20230722_CLUS_2546,2546 PH-SUM Foxa1 Glut_3,CCN20230722_CLUS,CS20230722_SUPT_0624,CCN20230722_SUPT,4,2545,cluster,#0F5566,1,129
CS20230722_CLUS_2547,2547 PH-SUM Foxa1 Glut_3,CCN20230722_CLUS,CS20230722_SUPT_0624,CCN20230722_SUPT,4,2546,cluster,#49663D,1,116
CS20230722_CLUS_2548,2548 PH-SUM Foxa1 Glut_3,CCN20230722_CLUS,CS20230722_SUPT_0624,CCN20230722_SUPT,4,2547,cluster,#454999,1,107
CS20230722_CLUS_2549,2549 PH-SUM Foxa1 Glut_3,CCN20230722_CLUS,CS20230722_SUPT_0624,CCN20230722_SUPT,4,2548,cluster,#F5FF26,1,128
CS20230722_CLUS_2550,2550 PH-SUM Foxa1 Glut_4,CCN20230722_CLUS,CS20230722_SUPT_0625,CCN20230722_SUPT,4,2549,cluster,#FF0029,1,93
CS20230722_CLUS_2551,2551 PH-SUM Foxa1 Glut_4,CCN20230722_CLUS,CS20230722_SUPT_0625,CCN20230722_SUPT,4,2550,cluster,#66640F,1,101
CS20230722_CLUS_2552,2552 PH-SUM Foxa1 Glut_5,CCN20230722_CLUS,CS20230722_SUPT_0626,CCN20230722_SUPT,4,2551,cluster,#660F64,1,48
CS20230722_CLUS_2553,2553 PH-SUM Foxa1 Glut_5,CCN20230722_CLUS,CS20230722_SUPT_0626,CCN20230722_SUPT,4,2552,cluster,#F0FF99,1,55
CS20230722_CLUS_2554,2554 PH-SUM Foxa1 Glut_5,CCN20230722_CLUS,CS20230722_SUPT_0626,CCN20230722_SUPT,4,2553,cluster,#8DCC3D,1,156
CS20230722_CLUS_2555,2555 PH-SUM Foxa1 Glut_5,CCN20230722_CLUS,CS20230722_SUPT_0626,CCN20230722_SUPT,4,2554,cluster,#178299,1,157
CS20230722_CLUS_2556,2556 PH-SUM Foxa1 Glut_5,CCN20230722_CLUS,CS20230722_SUPT_0626,CCN20230722_SUPT,4,2555,cluster,#BDFF99,1,103
CS20230722_CLUS_2557,2557 PH-SUM Foxa1 Glut_5,CCN20230722_CLUS,CS20230722_SUPT_0626,CCN20230722_SUPT,4,2556,cluster,#3DFF00,1,289
CS20230722_CLUS_2558,2558 PH-SUM Foxa1 Glut_6,CCN20230722_CLUS,CS20230722_SUPT_0627,CCN20230722_SUPT,4,2557,cluster,#CC3DCC,1,106
CS20230722_CLUS_2559,2559 PH-SUM Foxa1 Glut_6,CCN20230722_CLUS,CS20230722_SUPT_0627,CCN20230722_SUPT,4,2558,cluster,#5CCC71,1,247
CS20230722_CLUS_2560,2560 PH-SUM Foxa1 Glut_6,CCN20230722_CLUS,CS20230722_SUPT_0627,CCN20230722_SUPT,4,2559,cluster,#CC581F,1,79
CS20230722_CLUS_2561,2561 PH-SUM Foxa1 Glut_6,CCN20230722_CLUS,CS20230722_SUPT_0627,CCN20230722_SUPT,4,2560,cluster,#FF99F6,1,174
CS20230722_CLUS_2562,2562 PH-SUM Foxa1 Glut_6,CCN20230722_CLUS,CS20230722_SUPT_0627,CCN20230722_SUPT,4,2561,cluster,#6C5C99,1,71
CS20230722_CLUS_2563,2563 PH-SUM Foxa1 Glut_6,CCN20230722_CLUS,CS20230722_SUPT_0627,CCN20230722_SUPT,4,2562,cluster,#990052,1,124
CS20230722_CLUS_2564,2564 HY Gnrh1 Glut_1,CCN20230722_CLUS,CS20230722_SUPT_0628,CCN20230722_SUPT,4,2563,cluster,#FF99C1,1,191
CS20230722_CLUS_2565,2565 MM-ant Foxb1 Glut_1,CCN20230722_CLUS,CS20230722_SUPT_0629,CCN20230722_SUPT,4,2564,cluster,#835CCC,1,847
CS20230722_CLUS_2566,2566 MM-ant Foxb1 Glut_1,CCN20230722_CLUS,CS20230722_SUPT_0629,CCN20230722_SUPT,4,2565,cluster,#1F6366,1,411
CS20230722_CLUS_2567,2567 MM-ant Foxb1 Glut_1,CCN20230722_CLUS,CS20230722_SUPT_0629,CCN20230722_SUPT,4,2566,cluster,#CC3DB3,1,948
CS20230722_CLUS_2568,2568 MM-ant Foxb1 Glut_1,CCN20230722_CLUS,CS20230722_SUPT_0629,CCN20230722_SUPT,4,2567,cluster,#7ACCCC,1,2277
CS20230722_CLUS_2569,2569 MM-ant Foxb1 Glut_1,CCN20230722_CLUS,CS20230722_SUPT_0629,CCN20230722_SUPT,4,2568,cluster,#889945,1,139
CS20230722_CLUS_2570,2570 MM-ant Foxb1 Glut_1,CCN20230722_CLUS,CS20230722_SUPT_0629,CCN20230722_SUPT,4,2569,cluster,#662500,1,829
CS20230722_CLUS_2571,2571 MM Foxb1 Glut_1,CCN20230722_CLUS,CS20230722_SUPT_0630,CCN20230722_SUPT,4,2570,cluster,#FFC599,1,1853
CS20230722_CLUS_2572,2572 MM Foxb1 Glut_1,CCN20230722_CLUS,CS20230722_SUPT_0630,CCN20230722_SUPT,4,2571,cluster,#BBCC1F,1,547
CS20230722_CLUS_2573,2573 MM Foxb1 Glut_1,CCN20230722_CLUS,CS20230722_SUPT_0630,CCN20230722_SUPT,4,2572,cluster,#CC0085,1,613
CS20230722_CLUS_2574,2574 MM Foxb1 Glut_2,CCN20230722_CLUS,CS20230722_SUPT_0631,CCN20230722_SUPT,4,2573,cluster,#994593,1,3764
CS20230722_CLUS_2575,2575 MM Foxb1 Glut_2,CCN20230722_CLUS,CS20230722_SUPT_0631,CCN20230722_SUPT,4,2574,cluster,#CC00AE,1,487
CS20230722_CLUS_2576,2576 MM Foxb1 Glut_2,CCN20230722_CLUS,CS20230722_SUPT_0631,CCN20230722_SUPT,4,2575,cluster,#2E9977,1,444
CS20230722_CLUS_2577,2577 MM Foxb1 Glut_2,CCN20230722_CLUS,CS20230722_SUPT_0631,CCN20230722_SUPT,4,2576,cluster,#99457C,1,571
CS20230722_CLUS_2578,2578 MH Tac2 Glut_1,CCN20230722_CLUS,CS20230722_SUPT_0632,CCN20230722_SUPT,4,2577,cluster,#5C6799,1,418
CS20230722_CLUS_2579,2579 MH Tac2 Glut_1,CCN20230722_CLUS,CS20230722_SUPT_0632,CCN20230722_SUPT,4,2578,cluster,#42663D,1,257
CS20230722_CLUS_2580,2580 MH Tac2 Glut_1,CCN20230722_CLUS,CS20230722_SUPT_0632,CCN20230722_SUPT,4,2579,cluster,#66210F,1,1181
CS20230722_CLUS_2581,2581 MH Tac2 Glut_1,CCN20230722_CLUS,CS20230722_SUPT_0632,CCN20230722_SUPT,4,2580,cluster,#4DFF64,1,468
CS20230722_CLUS_2582,2582 MH Tac2 Glut_2,CCN20230722_CLUS,CS20230722_SUPT_0633,CCN20230722_SUPT,4,2581,cluster,#00FF2A,1,81
CS20230722_CLUS_2583,2583 MH Tac2 Glut_2,CCN20230722_CLUS,CS20230722_SUPT_0633,CCN20230722_SUPT,4,2582,cluster,#0F2D66,1,338
CS20230722_CLUS_2584,2584 MH Tac2 Glut_2,CCN20230722_CLUS,CS20230722_SUPT_0633,CCN20230722_SUPT,4,2583,cluster,#629945,1,109
CS20230722_CLUS_2585,2585 MH Tac2 Glut_2,CCN20230722_CLUS,CS20230722_SUPT_0633,CCN20230722_SUPT,4,2584,cluster,#2E8899,1,215
CS20230722_CLUS_2586,2586 MH Tac2 Glut_2,CCN20230722_CLUS,CS20230722_SUPT_0633,CCN20230722_SUPT,4,2585,cluster,#2E3D66,1,135
CS20230722_CLUS_2587,2587 MH Tac2 Glut_3,CCN20230722_CLUS,CS20230722_SUPT_0634,CCN20230722_SUPT,4,2586,cluster,#CC1F97,1,1191
CS20230722_CLUS_2588,2588 MH Tac2 Glut_3,CCN20230722_CLUS,CS20230722_SUPT_0634,CCN20230722_SUPT,4,2587,cluster,#406600,1,230
CS20230722_CLUS_2589,2589 MH Tac2 Glut_3,CCN20230722_CLUS,CS20230722_SUPT_0634,CCN20230722_SUPT,4,2588,cluster,#3D5C66,1,532
CS20230722_CLUS_2590,2590 MH Tac2 Glut_3,CCN20230722_CLUS,CS20230722_SUPT_0634,CCN20230722_SUPT,4,2589,cluster,#00990D,1,756
CS20230722_CLUS_2591,2591 MH Tac2 Glut_3,CCN20230722_CLUS,CS20230722_SUPT_0634,CCN20230722_SUPT,4,2590,cluster,#992E8A,1,452
CS20230722_CLUS_2592,2592 MH Tac2 Glut_3,CCN20230722_CLUS,CS20230722_SUPT_0634,CCN20230722_SUPT,4,2591,cluster,#979945,1,757
CS20230722_CLUS_2593,2593 MH Tac2 Glut_3,CCN20230722_CLUS,CS20230722_SUPT_0634,CCN20230722_SUPT,4,2592,cluster,#FFF073,1,413
CS20230722_CLUS_2594,2594 MH Tac2 Glut_4,CCN20230722_CLUS,CS20230722_SUPT_0635,CCN20230722_SUPT,4,2593,cluster,#1FCC2A,1,42
CS20230722_CLUS_2595,2595 MH Tac2 Glut_4,CCN20230722_CLUS,CS20230722_SUPT_0635,CCN20230722_SUPT,4,2594,cluster,#660F18,1,106
CS20230722_CLUS_2596,2596 MH Tac2 Glut_5,CCN20230722_CLUS,CS20230722_SUPT_0636,CCN20230722_SUPT,4,2595,cluster,#E926FF,1,83
CS20230722_CLUS_2597,2597 MH Tac2 Glut_5,CCN20230722_CLUS,CS20230722_SUPT_0636,CCN20230722_SUPT,4,2596,cluster,#6A1799,1,51
CS20230722_CLUS_2598,2598 MH Tac2 Glut_5,CCN20230722_CLUS,CS20230722_SUPT_0636,CCN20230722_SUPT,4,2597,cluster,#C0CC5C,1,188
CS20230722_CLUS_2599,2599 LH Pou4f1 Sox1 Glut_1,CCN20230722_CLUS,CS20230722_SUPT_0637,CCN20230722_SUPT,4,2598,cluster,#9700CC,1,1162
CS20230722_CLUS_2600,2600 LH Pou4f1 Sox1 Glut_1,CCN20230722_CLUS,CS20230722_SUPT_0637,CCN20230722_SUPT,4,2599,cluster,#1F5B66,1,136
CS20230722_CLUS_2601,2601 LH Pou4f1 Sox1 Glut_2,CCN20230722_CLUS,CS20230722_SUPT_0638,CCN20230722_SUPT,4,2600,cluster,#42662E,1,124
CS20230722_CLUS_2602,2602 LH Pou4f1 Sox1 Glut_2,CCN20230722_CLUS,CS20230722_SUPT_0638,CCN20230722_SUPT,4,2601,cluster,#E4FF73,1,183
CS20230722_CLUS_2603,2603 LH Pou4f1 Sox1 Glut_2,CCN20230722_CLUS,CS20230722_SUPT_0638,CCN20230722_SUPT,4,2602,cluster,#2E6799,1,175
CS20230722_CLUS_2604,2604 LH Pou4f1 Sox1 Glut_2,CCN20230722_CLUS,CS20230722_SUPT_0638,CCN20230722_SUPT,4,2603,cluster,#B2FF73,1,83
CS20230722_CLUS_2605,2605 LH Pou4f1 Sox1 Glut_2,CCN20230722_CLUS,CS20230722_SUPT_0638,CCN20230722_SUPT,4,2604,cluster,#99F4FF,1,85
CS20230722_CLUS_2606,2606 LH Pou4f1 Sox1 Glut_3,CCN20230722_CLUS,CS20230722_SUPT_0639,CCN20230722_SUPT,4,2605,cluster,#CCBC5C,1,234
CS20230722_CLUS_2607,2607 LH Pou4f1 Sox1 Glut_3,CCN20230722_CLUS,CS20230722_SUPT_0639,CCN20230722_SUPT,4,2606,cluster,#A2FF73,1,104
CS20230722_CLUS_2608,2608 LH Pou4f1 Sox1 Glut_3,CCN20230722_CLUS,CS20230722_SUPT_0639,CCN20230722_SUPT,4,2607,cluster,#2E664C,1,173
CS20230722_CLUS_2609,2609 LH Pou4f1 Sox1 Glut_4,CCN20230722_CLUS,CS20230722_SUPT_0640,CCN20230722_SUPT,4,2608,cluster,#FF99D8,1,75
CS20230722_CLUS_2610,2610 LH Pou4f1 Sox1 Glut_4,CCN20230722_CLUS,CS20230722_SUPT_0640,CCN20230722_SUPT,4,2609,cluster,#5CCCA3,1,88
CS20230722_CLUS_2611,2611 LH Pou4f1 Sox1 Glut_4,CCN20230722_CLUS,CS20230722_SUPT_0640,CCN20230722_SUPT,4,2610,cluster,#1C660F,1,54
CS20230722_CLUS_2612,2612 LH Pou4f1 Sox1 Glut_4,CCN20230722_CLUS,CS20230722_SUPT_0640,CCN20230722_SUPT,4,2611,cluster,#3200CC,1,91
CS20230722_CLUS_2613,2613 AD Serpinb7 Glut_1,CCN20230722_CLUS,CS20230722_SUPT_0641,CCN20230722_SUPT,4,2612,cluster,#CC6D3D,1,587
CS20230722_CLUS_2614,2614 AD Serpinb7 Glut_1,CCN20230722_CLUS,CS20230722_SUPT_0641,CCN20230722_SUPT,4,2613,cluster,#993117,1,133
CS20230722_CLUS_2615,2615 AV Col27a1 Glut_1,CCN20230722_CLUS,CS20230722_SUPT_0642,CCN20230722_SUPT,4,2614,cluster,#662200,1,3666
CS20230722_CLUS_2616,2616 AV Col27a1 Glut_1,CCN20230722_CLUS,CS20230722_SUPT_0642,CCN20230722_SUPT,4,2615,cluster,#2E4366,1,3865
CS20230722_CLUS_2617,2617 PVT-PT Ntrk1 Glut_1,CCN20230722_CLUS,CS20230722_SUPT_0643,CCN20230722_SUPT,4,2616,cluster,#0F6666,1,297
CS20230722_CLUS_2618,2618 PVT-PT Ntrk1 Glut_1,CCN20230722_CLUS,CS20230722_SUPT_0643,CCN20230722_SUPT,4,2617,cluster,#459799,1,95
CS20230722_CLUS_2619,2619 PVT-PT Ntrk1 Glut_1,CCN20230722_CLUS,CS20230722_SUPT_0643,CCN20230722_SUPT,4,2618,cluster,#661F5F,1,273
CS20230722_CLUS_2620,2620 PVT-PT Ntrk1 Glut_2,CCN20230722_CLUS,CS20230722_SUPT_0644,CCN20230722_SUPT,4,2619,cluster,#CCC47A,1,439
CS20230722_CLUS_2621,2621 PVT-PT Ntrk1 Glut_2,CCN20230722_CLUS,CS20230722_SUPT_0644,CCN20230722_SUPT,4,2620,cluster,#3D86CC,1,3719
CS20230722_CLUS_2622,2622 PVT-PT Ntrk1 Glut_2,CCN20230722_CLUS,CS20230722_SUPT_0644,CCN20230722_SUPT,4,2621,cluster,#9DFF26,1,349
CS20230722_CLUS_2623,2623 PVT-PT Ntrk1 Glut_2,CCN20230722_CLUS,CS20230722_SUPT_0644,CCN20230722_SUPT,4,2622,cluster,#97995C,1,1013
CS20230722_CLUS_2624,2624 PVT-PT Ntrk1 Glut_3,CCN20230722_CLUS,CS20230722_SUPT_0645,CCN20230722_SUPT,4,2623,cluster,#F6FF4D,1,510
CS20230722_CLUS_2625,2625 PVT-PT Ntrk1 Glut_3,CCN20230722_CLUS,CS20230722_SUPT_0645,CCN20230722_SUPT,4,2624,cluster,#459979,1,42
CS20230722_CLUS_2626,2626 PVT-PT Ntrk1 Glut_3,CCN20230722_CLUS,CS20230722_SUPT_0645,CCN20230722_SUPT,4,2625,cluster,#26FF42,1,768
CS20230722_CLUS_2627,2627 PVT-PT Ntrk1 Glut_4,CCN20230722_CLUS,CS20230722_SUPT_0646,CCN20230722_SUPT,4,2626,cluster,#26ABFF,1,181
CS20230722_CLUS_2628,2628 PVT-PT Ntrk1 Glut_4,CCN20230722_CLUS,CS20230722_SUPT_0646,CCN20230722_SUPT,4,2627,cluster,#7AA9CC,1,291
CS20230722_CLUS_2629,2629 PVT-PT Ntrk1 Glut_4,CCN20230722_CLUS,CS20230722_SUPT_0646,CCN20230722_SUPT,4,2628,cluster,#63660F,1,1465
CS20230722_CLUS_2630,2630 PVT-PT Ntrk1 Glut_5,CCN20230722_CLUS,CS20230722_SUPT_0647,CCN20230722_SUPT,4,2629,cluster,#2E6653,1,165
CS20230722_CLUS_2631,2631 PVT-PT Ntrk1 Glut_5,CCN20230722_CLUS,CS20230722_SUPT_0647,CCN20230722_SUPT,4,2630,cluster,#2E9936,1,480
CS20230722_CLUS_2632,2632 PVT-PT Ntrk1 Glut_6,CCN20230722_CLUS,CS20230722_SUPT_0648,CCN20230722_SUPT,4,2631,cluster,#0041CC,1,171
CS20230722_CLUS_2633,2633 CM-IAD-CL-PCN Sema5b Glut_1,CCN20230722_CLUS,CS20230722_SUPT_0649,CCN20230722_SUPT,4,2632,cluster,#C53DCC,1,613
CS20230722_CLUS_2634,2634 CM-IAD-CL-PCN Sema5b Glut_1,CCN20230722_CLUS,CS20230722_SUPT_0649,CCN20230722_SUPT,4,2633,cluster,#FF2661,1,490
CS20230722_CLUS_2635,2635 CM-IAD-CL-PCN Sema5b Glut_1,CCN20230722_CLUS,CS20230722_SUPT_0649,CCN20230722_SUPT,4,2634,cluster,#925CCC,1,3128
CS20230722_CLUS_2636,2636 CM-IAD-CL-PCN Sema5b Glut_1,CCN20230722_CLUS,CS20230722_SUPT_0649,CCN20230722_SUPT,4,2635,cluster,#CC0037,1,1373
CS20230722_CLUS_2637,2637 CM-IAD-CL-PCN Sema5b Glut_2,CCN20230722_CLUS,CS20230722_SUPT_0650,CCN20230722_SUPT,4,2636,cluster,#CC7D7A,1,427
CS20230722_CLUS_2638,2638 CM-IAD-CL-PCN Sema5b Glut_2,CCN20230722_CLUS,CS20230722_SUPT_0650,CCN20230722_SUPT,4,2637,cluster,#909945,1,346
CS20230722_CLUS_2639,2639 CM-IAD-CL-PCN Sema5b Glut_2,CCN20230722_CLUS,CS20230722_SUPT_0650,CCN20230722_SUPT,4,2638,cluster,#5CCCBA,1,2396
CS20230722_CLUS_2640,2640 CM-IAD-CL-PCN Sema5b Glut_3,CCN20230722_CLUS,CS20230722_SUPT_0651,CCN20230722_SUPT,4,2639,cluster,#006623,1,257
CS20230722_CLUS_2641,2641 CM-IAD-CL-PCN Sema5b Glut_3,CCN20230722_CLUS,CS20230722_SUPT_0651,CCN20230722_SUPT,4,2640,cluster,#997ACC,1,241
CS20230722_CLUS_2642,2642 CM-IAD-CL-PCN Sema5b Glut_3,CCN20230722_CLUS,CS20230722_SUPT_0651,CCN20230722_SUPT,4,2641,cluster,#96FF4D,1,315
CS20230722_CLUS_2643,2643 CM-IAD-CL-PCN Sema5b Glut_4,CCN20230722_CLUS,CS20230722_SUPT_0652,CCN20230722_SUPT,4,2642,cluster,#660F25,1,376
CS20230722_CLUS_2644,2644 CM-IAD-CL-PCN Sema5b Glut_4,CCN20230722_CLUS,CS20230722_SUPT_0652,CCN20230722_SUPT,4,2643,cluster,#7ACC7D,1,2408
CS20230722_CLUS_2645,2645 CM-IAD-CL-PCN Sema5b Glut_4,CCN20230722_CLUS,CS20230722_SUPT_0652,CCN20230722_SUPT,4,2644,cluster,#66540F,1,663
CS20230722_CLUS_2646,2646 CM-IAD-CL-PCN Sema5b Glut_5,CCN20230722_CLUS,CS20230722_SUPT_0653,CCN20230722_SUPT,4,2645,cluster,#3D5466,1,435
CS20230722_CLUS_2647,2647 CM-IAD-CL-PCN Sema5b Glut_5,CCN20230722_CLUS,CS20230722_SUPT_0653,CCN20230722_SUPT,4,2646,cluster,#661F30,1,136
CS20230722_CLUS_2648,2648 TH Prkcd Grin2c Glut_1,CCN20230722_CLUS,CS20230722_SUPT_0654,CCN20230722_SUPT,4,2647,cluster,#1A0066,1,2788
CS20230722_CLUS_2649,2649 TH Prkcd Grin2c Glut_1,CCN20230722_CLUS,CS20230722_SUPT_0654,CCN20230722_SUPT,4,2648,cluster,#B31FCC,1,4943
CS20230722_CLUS_2650,2650 TH Prkcd Grin2c Glut_2,CCN20230722_CLUS,CS20230722_SUPT_0655,CCN20230722_SUPT,4,2649,cluster,#FFB599,1,8341
CS20230722_CLUS_2651,2651 TH Prkcd Grin2c Glut_3,CCN20230722_CLUS,CS20230722_SUPT_0656,CCN20230722_SUPT,4,2650,cluster,#2E6366,1,4961
CS20230722_CLUS_2652,2652 TH Prkcd Grin2c Glut_3,CCN20230722_CLUS,CS20230722_SUPT_0656,CCN20230722_SUPT,4,2651,cluster,#7ACCB1,1,6319
CS20230722_CLUS_2653,2653 TH Prkcd Grin2c Glut_4,CCN20230722_CLUS,CS20230722_SUPT_0657,CCN20230722_SUPT,4,2652,cluster,#FFAB99,1,744
CS20230722_CLUS_2654,2654 TH Prkcd Grin2c Glut_4,CCN20230722_CLUS,CS20230722_SUPT_0657,CCN20230722_SUPT,4,2653,cluster,#6DCC5C,1,730
CS20230722_CLUS_2655,2655 TH Prkcd Grin2c Glut_5,CCN20230722_CLUS,CS20230722_SUPT_0658,CCN20230722_SUPT,4,2654,cluster,#ACCC1F,1,1604
CS20230722_CLUS_2656,2656 TH Prkcd Grin2c Glut_5,CCN20230722_CLUS,CS20230722_SUPT_0658,CCN20230722_SUPT,4,2655,cluster,#869945,1,389
CS20230722_CLUS_2657,2657 TH Prkcd Grin2c Glut_5,CCN20230722_CLUS,CS20230722_SUPT_0658,CCN20230722_SUPT,4,2656,cluster,#3D0F66,1,598
CS20230722_CLUS_2658,2658 TH Prkcd Grin2c Glut_5,CCN20230722_CLUS,CS20230722_SUPT_0658,CCN20230722_SUPT,4,2657,cluster,#993D00,1,3011
CS20230722_CLUS_2659,2659 TH Prkcd Grin2c Glut_6,CCN20230722_CLUS,CS20230722_SUPT_0659,CCN20230722_SUPT,4,2658,cluster,#7A8ACC,1,728
CS20230722_CLUS_2660,2660 TH Prkcd Grin2c Glut_6,CCN20230722_CLUS,CS20230722_SUPT_0659,CCN20230722_SUPT,4,2659,cluster,#370099,1,2432
CS20230722_CLUS_2661,2661 TH Prkcd Grin2c Glut_6,CCN20230722_CLUS,CS20230722_SUPT_0659,CCN20230722_SUPT,4,2660,cluster,#CC7AB5,1,499
CS20230722_CLUS_2662,2662 TH Prkcd Grin2c Glut_6,CCN20230722_CLUS,CS20230722_SUPT_0659,CCN20230722_SUPT,4,2661,cluster,#2E6659,1,974
CS20230722_CLUS_2663,2663 TH Prkcd Grin2c Glut_6,CCN20230722_CLUS,CS20230722_SUPT_0659,CCN20230722_SUPT,4,2662,cluster,#885C99,1,2917
CS20230722_CLUS_2664,2664 TH Prkcd Grin2c Glut_6,CCN20230722_CLUS,CS20230722_SUPT_0659,CCN20230722_SUPT,4,2663,cluster,#00FF0E,1,3192
CS20230722_CLUS_2665,2665 TH Prkcd Grin2c Glut_7,CCN20230722_CLUS,CS20230722_SUPT_0660,CCN20230722_SUPT,4,2664,cluster,#2D0099,1,1881
CS20230722_CLUS_2666,2666 TH Prkcd Grin2c Glut_7,CCN20230722_CLUS,CS20230722_SUPT_0660,CCN20230722_SUPT,4,2665,cluster,#553D66,1,332
CS20230722_CLUS_2667,2667 TH Prkcd Grin2c Glut_7,CCN20230722_CLUS,CS20230722_SUPT_0660,CCN20230722_SUPT,4,2666,cluster,#00CC8D,1,770
CS20230722_CLUS_2668,2668 TH Prkcd Grin2c Glut_8,CCN20230722_CLUS,CS20230722_SUPT_0661,CCN20230722_SUPT,4,2667,cluster,#998C00,1,482
CS20230722_CLUS_2669,2669 TH Prkcd Grin2c Glut_8,CCN20230722_CLUS,CS20230722_SUPT_0661,CCN20230722_SUPT,4,2668,cluster,#996600,1,609
CS20230722_CLUS_2670,2670 TH Prkcd Grin2c Glut_8,CCN20230722_CLUS,CS20230722_SUPT_0661,CCN20230722_SUPT,4,2669,cluster,#992E88,1,393
CS20230722_CLUS_2671,2671 TH Prkcd Grin2c Glut_8,CCN20230722_CLUS,CS20230722_SUPT_0661,CCN20230722_SUPT,4,2670,cluster,#815C99,1,1301
CS20230722_CLUS_2672,2672 TH Prkcd Grin2c Glut_8,CCN20230722_CLUS,CS20230722_SUPT_0661,CCN20230722_SUPT,4,2671,cluster,#CC8C00,1,1055
CS20230722_CLUS_2673,2673 TH Prkcd Grin2c Glut_8,CCN20230722_CLUS,CS20230722_SUPT_0661,CCN20230722_SUPT,4,2672,cluster,#CD4DFF,1,873
CS20230722_CLUS_2674,2674 TH Prkcd Grin2c Glut_9,CCN20230722_CLUS,CS20230722_SUPT_0662,CCN20230722_SUPT,4,2673,cluster,#58661F,1,936
CS20230722_CLUS_2675,2675 TH Prkcd Grin2c Glut_9,CCN20230722_CLUS,CS20230722_SUPT_0662,CCN20230722_SUPT,4,2674,cluster,#5E2E66,1,1247
CS20230722_CLUS_2676,2676 TH Prkcd Grin2c Glut_9,CCN20230722_CLUS,CS20230722_SUPT_0662,CCN20230722_SUPT,4,2675,cluster,#000D66,1,717
CS20230722_CLUS_2677,2677 TH Prkcd Grin2c Glut_10,CCN20230722_CLUS,CS20230722_SUPT_0663,CCN20230722_SUPT,4,2676,cluster,#CCFF00,1,141
CS20230722_CLUS_2678,2678 TH Prkcd Grin2c Glut_10,CCN20230722_CLUS,CS20230722_SUPT_0663,CCN20230722_SUPT,4,2677,cluster,#6026FF,1,4168
CS20230722_CLUS_2679,2679 TH Prkcd Grin2c Glut_11,CCN20230722_CLUS,CS20230722_SUPT_0664,CCN20230722_SUPT,4,2678,cluster,#CC1F2D,1,302
CS20230722_CLUS_2680,2680 TH Prkcd Grin2c Glut_11,CCN20230722_CLUS,CS20230722_SUPT_0664,CCN20230722_SUPT,4,2679,cluster,#3DCC51,1,1608
CS20230722_CLUS_2681,2681 TH Prkcd Grin2c Glut_12,CCN20230722_CLUS,CS20230722_SUPT_0665,CCN20230722_SUPT,4,2680,cluster,#1F4E66,1,1275
CS20230722_CLUS_2682,2682 TH Prkcd Grin2c Glut_12,CCN20230722_CLUS,CS20230722_SUPT_0665,CCN20230722_SUPT,4,2681,cluster,#CC5CBA,1,324
CS20230722_CLUS_2683,2683 TH Prkcd Grin2c Glut_13,CCN20230722_CLUS,CS20230722_SUPT_0666,CCN20230722_SUPT,4,2682,cluster,#490F66,1,730
CS20230722_CLUS_2684,2684 TH Prkcd Grin2c Glut_13,CCN20230722_CLUS,CS20230722_SUPT_0666,CCN20230722_SUPT,4,2683,cluster,#30992E,1,326
CS20230722_CLUS_2685,2685 TH Prkcd Grin2c Glut_13,CCN20230722_CLUS,CS20230722_SUPT_0666,CCN20230722_SUPT,4,2684,cluster,#FFF84D,1,358
CS20230722_CLUS_2686,2686 TH Prkcd Grin2c Glut_13,CCN20230722_CLUS,CS20230722_SUPT_0666,CCN20230722_SUPT,4,2685,cluster,#3DBACC,1,325
CS20230722_CLUS_2687,2687 TH Prkcd Grin2c Glut_13,CCN20230722_CLUS,CS20230722_SUPT_0666,CCN20230722_SUPT,4,2686,cluster,#662900,1,1371
CS20230722_CLUS_2688,2688 TH Prkcd Grin2c Glut_14,CCN20230722_CLUS,CS20230722_SUPT_0667,CCN20230722_SUPT,4,2687,cluster,#66600F,1,844
CS20230722_CLUS_2689,2689 TH Prkcd Grin2c Glut_14,CCN20230722_CLUS,CS20230722_SUPT_0667,CCN20230722_SUPT,4,2688,cluster,#663D54,1,942
CS20230722_CLUS_2690,2690 RE-Xi Nox4 Glut_1,CCN20230722_CLUS,CS20230722_SUPT_0668,CCN20230722_SUPT,4,2689,cluster,#99FDFF,1,288
CS20230722_CLUS_2691,2691 RE-Xi Nox4 Glut_1,CCN20230722_CLUS,CS20230722_SUPT_0668,CCN20230722_SUPT,4,2690,cluster,#006603,1,344
CS20230722_CLUS_2692,2692 RE-Xi Nox4 Glut_1,CCN20230722_CLUS,CS20230722_SUPT_0668,CCN20230722_SUPT,4,2691,cluster,#1FCC26,1,539
CS20230722_CLUS_2693,2693 RE-Xi Nox4 Glut_1,CCN20230722_CLUS,CS20230722_SUPT_0668,CCN20230722_SUPT,4,2692,cluster,#6E4599,1,330
CS20230722_CLUS_2694,2694 RE-Xi Nox4 Glut_2,CCN20230722_CLUS,CS20230722_SUPT_0669,CCN20230722_SUPT,4,2693,cluster,#008399,1,214
CS20230722_CLUS_2695,2695 RE-Xi Nox4 Glut_2,CCN20230722_CLUS,CS20230722_SUPT_0669,CCN20230722_SUPT,4,2694,cluster,#99D6FF,1,402
CS20230722_CLUS_2696,2696 RE-Xi Nox4 Glut_2,CCN20230722_CLUS,CS20230722_SUPT_0669,CCN20230722_SUPT,4,2695,cluster,#661F5C,1,892
CS20230722_CLUS_2697,2697 RE-Xi Nox4 Glut_2,CCN20230722_CLUS,CS20230722_SUPT_0669,CCN20230722_SUPT,4,2696,cluster,#993D17,1,616
CS20230722_CLUS_2698,2698 RE-Xi Nox4 Glut_3,CCN20230722_CLUS,CS20230722_SUPT_0670,CCN20230722_SUPT,4,2697,cluster,#73FF79,1,799
CS20230722_CLUS_2699,2699 RE-Xi Nox4 Glut_3,CCN20230722_CLUS,CS20230722_SUPT_0670,CCN20230722_SUPT,4,2698,cluster,#94CC1F,1,701
CS20230722_CLUS_2700,2700 RE-Xi Nox4 Glut_3,CCN20230722_CLUS,CS20230722_SUPT_0670,CCN20230722_SUPT,4,2699,cluster,#579917,1,342
CS20230722_CLUS_2701,2701 RE-Xi Nox4 Glut_3,CCN20230722_CLUS,CS20230722_SUPT_0670,CCN20230722_SUPT,4,2700,cluster,#620F66,1,142
CS20230722_CLUS_2702,2702 RE-Xi Nox4 Glut_3,CCN20230722_CLUS,CS20230722_SUPT_0670,CCN20230722_SUPT,4,2701,cluster,#3DCCBE,1,175
CS20230722_CLUS_2703,2703 RE-Xi Nox4 Glut_4,CCN20230722_CLUS,CS20230722_SUPT_0671,CCN20230722_SUPT,4,2702,cluster,#26FFF1,1,186
CS20230722_CLUS_2704,2704 MG-POL-SGN Nts Glut_1,CCN20230722_CLUS,CS20230722_SUPT_0672,CCN20230722_SUPT,4,2703,cluster,#990063,1,320
CS20230722_CLUS_2705,2705 MG-POL-SGN Nts Glut_1,CCN20230722_CLUS,CS20230722_SUPT_0672,CCN20230722_SUPT,4,2704,cluster,#480066,1,815
CS20230722_CLUS_2706,2706 MG-POL-SGN Nts Glut_1,CCN20230722_CLUS,CS20230722_SUPT_0672,CCN20230722_SUPT,4,2705,cluster,#2E2F99,1,322
CS20230722_CLUS_2707,2707 MG-POL-SGN Nts Glut_2,CCN20230722_CLUS,CS20230722_SUPT_0673,CCN20230722_SUPT,4,2706,cluster,#3E1799,1,48
CS20230722_CLUS_2708,2708 MG-POL-SGN Nts Glut_2,CCN20230722_CLUS,CS20230722_SUPT_0673,CCN20230722_SUPT,4,2707,cluster,#994556,1,93
CS20230722_CLUS_2709,2709 MG-POL-SGN Nts Glut_2,CCN20230722_CLUS,CS20230722_SUPT_0673,CCN20230722_SUPT,4,2708,cluster,#66661F,1,452
CS20230722_CLUS_2710,2710 PF Fzd5 Glut_1,CCN20230722_CLUS,CS20230722_SUPT_0674,CCN20230722_SUPT,4,2709,cluster,#794DFF,1,211
CS20230722_CLUS_2711,2711 PF Fzd5 Glut_1,CCN20230722_CLUS,CS20230722_SUPT_0674,CCN20230722_SUPT,4,2710,cluster,#5C7699,1,201
CS20230722_CLUS_2712,2712 PF Fzd5 Glut_1,CCN20230722_CLUS,CS20230722_SUPT_0674,CCN20230722_SUPT,4,2711,cluster,#402E99,1,318
CS20230722_CLUS_2713,2713 PF Fzd5 Glut_1,CCN20230722_CLUS,CS20230722_SUPT_0674,CCN20230722_SUPT,4,2712,cluster,#4DFF6C,1,726
CS20230722_CLUS_2714,2714 PF Fzd5 Glut_1,CCN20230722_CLUS,CS20230722_SUPT_0674,CCN20230722_SUPT,4,2713,cluster,#26D7FF,1,185
CS20230722_CLUS_2715,2715 PF Fzd5 Glut_1,CCN20230722_CLUS,CS20230722_SUPT_0674,CCN20230722_SUPT,4,2714,cluster,#B53DCC,1,245
CS20230722_CLUS_2716,2716 PF Fzd5 Glut_1,CCN20230722_CLUS,CS20230722_SUPT_0674,CCN20230722_SUPT,4,2715,cluster,#1F3C66,1,197
CS20230722_CLUS_2717,2717 PF Fzd5 Glut_1,CCN20230722_CLUS,CS20230722_SUPT_0674,CCN20230722_SUPT,4,2716,cluster,#51661F,1,745
CS20230722_CLUS_2718,2718 PF Fzd5 Glut_1,CCN20230722_CLUS,CS20230722_SUPT_0674,CCN20230722_SUPT,4,2717,cluster,#D0FF99,1,304
CS20230722_CLUS_2719,2719 PF Fzd5 Glut_1,CCN20230722_CLUS,CS20230722_SUPT_0674,CCN20230722_SUPT,4,2718,cluster,#260F66,1,521
CS20230722_CLUS_2720,2720 PF Fzd5 Glut_2,CCN20230722_CLUS,CS20230722_SUPT_0675,CCN20230722_SUPT,4,2719,cluster,#611FCC,1,212
CS20230722_CLUS_2721,2721 PF Fzd5 Glut_2,CCN20230722_CLUS,CS20230722_SUPT_0675,CCN20230722_SUPT,4,2720,cluster,#664C1F,1,331
CS20230722_CLUS_2722,2722 PF Fzd5 Glut_2,CCN20230722_CLUS,CS20230722_SUPT_0675,CCN20230722_SUPT,4,2721,cluster,#0F6610,1,302
CS20230722_CLUS_2723,2723 PF Fzd5 Glut_2,CCN20230722_CLUS,CS20230722_SUPT_0675,CCN20230722_SUPT,4,2722,cluster,#91995C,1,385
CS20230722_CLUS_2724,2724 PF Fzd5 Glut_2,CCN20230722_CLUS,CS20230722_SUPT_0675,CCN20230722_SUPT,4,2723,cluster,#392E99,1,1114
CS20230722_CLUS_2725,2725 PF Fzd5 Glut_2,CCN20230722_CLUS,CS20230722_SUPT_0675,CCN20230722_SUPT,4,2724,cluster,#CC4C1F,1,791
CS20230722_CLUS_2726,2726 PRC-PAG Pax6 Glut_1,CCN20230722_CLUS,CS20230722_SUPT_0676,CCN20230722_SUPT,4,2725,cluster,#73FFAC,1,40
CS20230722_CLUS_2727,2727 PRC-PAG Pax6 Glut_1,CCN20230722_CLUS,CS20230722_SUPT_0676,CCN20230722_SUPT,4,2726,cluster,#874599,1,26
CS20230722_CLUS_2728,2728 PRC-PAG Pax6 Glut_1,CCN20230722_CLUS,CS20230722_SUPT_0676,CCN20230722_SUPT,4,2727,cluster,#00663E,1,56
CS20230722_CLUS_2729,2729 PRC-PAG Pax6 Glut_1,CCN20230722_CLUS,CS20230722_SUPT_0676,CCN20230722_SUPT,4,2728,cluster,#CCC13D,1,104
CS20230722_CLUS_2730,2730 PRC-PAG Pax6 Glut_1,CCN20230722_CLUS,CS20230722_SUPT_0676,CCN20230722_SUPT,4,2729,cluster,#99A6FF,1,216
CS20230722_CLUS_2731,2731 PRC-PAG Pax6 Glut_1,CCN20230722_CLUS,CS20230722_SUPT_0676,CCN20230722_SUPT,4,2730,cluster,#FF2652,1,69
CS20230722_CLUS_2732,2732 PRC-PAG Pax6 Glut_1,CCN20230722_CLUS,CS20230722_SUPT_0676,CCN20230722_SUPT,4,2731,cluster,#959917,1,53
CS20230722_CLUS_2733,2733 PRC-PAG Pax6 Glut_2,CCN20230722_CLUS,CS20230722_SUPT_0677,CCN20230722_SUPT,4,2732,cluster,#66003D,1,44
CS20230722_CLUS_2734,2734 PRC-PAG Pax6 Glut_2,CCN20230722_CLUS,CS20230722_SUPT_0677,CCN20230722_SUPT,4,2733,cluster,#171C99,1,98
CS20230722_CLUS_2735,2735 PRC-PAG Pax6 Glut_2,CCN20230722_CLUS,CS20230722_SUPT_0677,CCN20230722_SUPT,4,2734,cluster,#995C63,1,37
CS20230722_CLUS_2736,2736 PRC-PAG Pax6 Glut_2,CCN20230722_CLUS,CS20230722_SUPT_0677,CCN20230722_SUPT,4,2735,cluster,#997E5C,1,170
CS20230722_CLUS_2737,2737 PRC-PAG Pax6 Glut_2,CCN20230722_CLUS,CS20230722_SUPT_0677,CCN20230722_SUPT,4,2736,cluster,#CACC5C,1,48
CS20230722_CLUS_2738,2738 PRC-PAG Pax6 Glut_2,CCN20230722_CLUS,CS20230722_SUPT_0677,CCN20230722_SUPT,4,2737,cluster,#993300,1,88
CS20230722_CLUS_2739,2739 PRC-PAG Pax6 Glut_2,CCN20230722_CLUS,CS20230722_SUPT_0677,CCN20230722_SUPT,4,2738,cluster,#18660F,1,218
CS20230722_CLUS_2740,2740 PRC-PAG Pax6 Glut_2,CCN20230722_CLUS,CS20230722_SUPT_0677,CCN20230722_SUPT,4,2739,cluster,#0F661C,1,72
CS20230722_CLUS_2741,2741 PRC-PAG Pax6 Glut_3,CCN20230722_CLUS,CS20230722_SUPT_0678,CCN20230722_SUPT,4,2740,cluster,#006645,1,68
CS20230722_CLUS_2742,2742 PRC-PAG Pax6 Glut_3,CCN20230722_CLUS,CS20230722_SUPT_0678,CCN20230722_SUPT,4,2741,cluster,#00CCA8,1,122
CS20230722_CLUS_2743,2743 PRC-PAG Pax6 Glut_3,CCN20230722_CLUS,CS20230722_SUPT_0678,CCN20230722_SUPT,4,2742,cluster,#2E997E,1,14
CS20230722_CLUS_2744,2744 PRC-PAG Pax6 Glut_3,CCN20230722_CLUS,CS20230722_SUPT_0678,CCN20230722_SUPT,4,2743,cluster,#CC5C88,1,25
CS20230722_CLUS_2745,2745 PRC-PAG Pax6 Glut_3,CCN20230722_CLUS,CS20230722_SUPT_0678,CCN20230722_SUPT,4,2744,cluster,#BC7ACC,1,147
CS20230722_CLUS_2746,2746 PRC-PAG Pax6 Glut_3,CCN20230722_CLUS,CS20230722_SUPT_0678,CCN20230722_SUPT,4,2745,cluster,#997100,1,103
CS20230722_CLUS_2747,2747 PRC-PAG Pax6 Glut_3,CCN20230722_CLUS,CS20230722_SUPT_0678,CCN20230722_SUPT,4,2746,cluster,#3D6466,1,26
CS20230722_CLUS_2748,2748 PRC-PAG Pax6 Glut_4,CCN20230722_CLUS,CS20230722_SUPT_0679,CCN20230722_SUPT,4,2747,cluster,#381F66,1,27
CS20230722_CLUS_2749,2749 PRC-PAG Pax6 Glut_4,CCN20230722_CLUS,CS20230722_SUPT_0679,CCN20230722_SUPT,4,2748,cluster,#EAFF4D,1,103
CS20230722_CLUS_2750,2750 PRC-PAG Pax6 Glut_4,CCN20230722_CLUS,CS20230722_SUPT_0679,CCN20230722_SUPT,4,2749,cluster,#FF99EA,1,59
CS20230722_CLUS_2751,2751 PRC-PAG Pax6 Glut_5,CCN20230722_CLUS,CS20230722_SUPT_0680,CCN20230722_SUPT,4,2750,cluster,#660F12,1,312
CS20230722_CLUS_2752,2752 MB-ant-ve Dmrta2 Glut_1,CCN20230722_CLUS,CS20230722_SUPT_0681,CCN20230722_SUPT,4,2751,cluster,#00662E,1,67
CS20230722_CLUS_2753,2753 MB-ant-ve Dmrta2 Glut_1,CCN20230722_CLUS,CS20230722_SUPT_0681,CCN20230722_SUPT,4,2752,cluster,#006499,1,13
CS20230722_CLUS_2754,2754 MB-ant-ve Dmrta2 Glut_1,CCN20230722_CLUS,CS20230722_SUPT_0681,CCN20230722_SUPT,4,2753,cluster,#0F6625,1,198
CS20230722_CLUS_2755,2755 MB-ant-ve Dmrta2 Glut_1,CCN20230722_CLUS,CS20230722_SUPT_0681,CCN20230722_SUPT,4,2754,cluster,#FFA726,1,64
CS20230722_CLUS_2756,2756 MB-ant-ve Dmrta2 Glut_1,CCN20230722_CLUS,CS20230722_SUPT_0681,CCN20230722_SUPT,4,2755,cluster,#73FF92,1,81
CS20230722_CLUS_2757,2757 MB-ant-ve Dmrta2 Glut_1,CCN20230722_CLUS,CS20230722_SUPT_0681,CCN20230722_SUPT,4,2756,cluster,#99001E,1,43
CS20230722_CLUS_2758,2758 MB-ant-ve Dmrta2 Glut_1,CCN20230722_CLUS,CS20230722_SUPT_0681,CCN20230722_SUPT,4,2757,cluster,#85FF26,1,21
CS20230722_CLUS_2759,2759 MB-ant-ve Dmrta2 Glut_1,CCN20230722_CLUS,CS20230722_SUPT_0681,CCN20230722_SUPT,4,2758,cluster,#66553D,1,27
CS20230722_CLUS_2760,2760 MB-ant-ve Dmrta2 Glut_1,CCN20230722_CLUS,CS20230722_SUPT_0681,CCN20230722_SUPT,4,2759,cluster,#99173E,1,59
CS20230722_CLUS_2761,2761 RN Spp1 Glut_1,CCN20230722_CLUS,CS20230722_SUPT_0682,CCN20230722_SUPT,4,2760,cluster,#3DCC44,1,48
CS20230722_CLUS_2762,2762 MRN-PAG Nkx6-1 Glut_1,CCN20230722_CLUS,CS20230722_SUPT_0683,CCN20230722_SUPT,4,2761,cluster,#533D66,1,99
CS20230722_CLUS_2763,2763 MRN-PAG Nkx6-1 Glut_1,CCN20230722_CLUS,CS20230722_SUPT_0683,CCN20230722_SUPT,4,2762,cluster,#FFE04D,1,68
CS20230722_CLUS_2764,2764 MRN-PAG Nkx6-1 Glut_1,CCN20230722_CLUS,CS20230722_SUPT_0683,CCN20230722_SUPT,4,2763,cluster,#CC6F1F,1,41
CS20230722_CLUS_2765,2765 MRN-PAG Nkx6-1 Glut_2,CCN20230722_CLUS,CS20230722_SUPT_0684,CCN20230722_SUPT,4,2764,cluster,#FFF800,1,97
CS20230722_CLUS_2766,2766 MRN-PAG Nkx6-1 Glut_2,CCN20230722_CLUS,CS20230722_SUPT_0684,CCN20230722_SUPT,4,2765,cluster,#C7FF00,1,44
CS20230722_CLUS_2767,2767 IF-RL-CLI-PAG Foxa1 Glut_1,CCN20230722_CLUS,CS20230722_SUPT_0685,CCN20230722_SUPT,4,2766,cluster,#5DCC3D,1,178
CS20230722_CLUS_2768,2768 IF-RL-CLI-PAG Foxa1 Glut_1,CCN20230722_CLUS,CS20230722_SUPT_0685,CCN20230722_SUPT,4,2767,cluster,#1FCACC,1,60
CS20230722_CLUS_2769,2769 IF-RL-CLI-PAG Foxa1 Glut_1,CCN20230722_CLUS,CS20230722_SUPT_0685,CCN20230722_SUPT,4,2768,cluster,#5C5D99,1,100
CS20230722_CLUS_2770,2770 IF-RL-CLI-PAG Foxa1 Glut_1,CCN20230722_CLUS,CS20230722_SUPT_0685,CCN20230722_SUPT,4,2769,cluster,#B2FF99,1,43
CS20230722_CLUS_2771,2771 IF-RL-CLI-PAG Foxa1 Glut_1,CCN20230722_CLUS,CS20230722_SUPT_0685,CCN20230722_SUPT,4,2770,cluster,#FF8F4D,1,118
CS20230722_CLUS_2772,2772 IF-RL-CLI-PAG Foxa1 Glut_2,CCN20230722_CLUS,CS20230722_SUPT_0686,CCN20230722_SUPT,4,2771,cluster,#430F66,1,152
CS20230722_CLUS_2773,2773 IF-RL-CLI-PAG Foxa1 Glut_2,CCN20230722_CLUS,CS20230722_SUPT_0686,CCN20230722_SUPT,4,2772,cluster,#CCAA3D,1,68
CS20230722_CLUS_2774,2774 IF-RL-CLI-PAG Foxa1 Glut_2,CCN20230722_CLUS,CS20230722_SUPT_0686,CCN20230722_SUPT,4,2773,cluster,#2E6648,1,272
CS20230722_CLUS_2775,2775 IF-RL-CLI-PAG Foxa1 Glut_3,CCN20230722_CLUS,CS20230722_SUPT_0687,CCN20230722_SUPT,4,2774,cluster,#41661F,1,53
CS20230722_CLUS_2776,2776 IF-RL-CLI-PAG Foxa1 Glut_3,CCN20230722_CLUS,CS20230722_SUPT_0687,CCN20230722_SUPT,4,2775,cluster,#73C4FF,1,171
CS20230722_CLUS_2777,2777 IF-RL-CLI-PAG Foxa1 Glut_3,CCN20230722_CLUS,CS20230722_SUPT_0687,CCN20230722_SUPT,4,2776,cluster,#663D4E,1,32
CS20230722_CLUS_2778,2778 IF-RL-CLI-PAG Foxa1 Glut_4,CCN20230722_CLUS,CS20230722_SUPT_0688,CCN20230722_SUPT,4,2777,cluster,#17998F,1,478
CS20230722_CLUS_2779,2779 IF-RL-CLI-PAG Foxa1 Glut_4,CCN20230722_CLUS,CS20230722_SUPT_0688,CCN20230722_SUPT,4,2778,cluster,#994580,1,54
CS20230722_CLUS_2780,2780 IF-RL-CLI-PAG Foxa1 Glut_5,CCN20230722_CLUS,CS20230722_SUPT_0689,CCN20230722_SUPT,4,2779,cluster,#C94DFF,1,106
CS20230722_CLUS_2781,2781 PAG-SC Neurod2 Meis2 Glut_1,CCN20230722_CLUS,CS20230722_SUPT_0690,CCN20230722_SUPT,4,2780,cluster,#0013CC,1,20
CS20230722_CLUS_2782,2782 PAG-SC Neurod2 Meis2 Glut_1,CCN20230722_CLUS,CS20230722_SUPT_0690,CCN20230722_SUPT,4,2781,cluster,#995C5D,1,270
CS20230722_CLUS_2783,2783 PAG-SC Neurod2 Meis2 Glut_1,CCN20230722_CLUS,CS20230722_SUPT_0690,CCN20230722_SUPT,4,2782,cluster,#53660F,1,111
CS20230722_CLUS_2784,2784 PAG-SC Neurod2 Meis2 Glut_1,CCN20230722_CLUS,CS20230722_SUPT_0690,CCN20230722_SUPT,4,2783,cluster,#FF73F6,1,381
CS20230722_CLUS_2785,2785 PAG-SC Neurod2 Meis2 Glut_1,CCN20230722_CLUS,CS20230722_SUPT_0690,CCN20230722_SUPT,4,2784,cluster,#00CC4D,1,32
CS20230722_CLUS_2786,2786 PAG-SC Neurod2 Meis2 Glut_2,CCN20230722_CLUS,CS20230722_SUPT_0691,CCN20230722_SUPT,4,2785,cluster,#2A0F66,1,179
CS20230722_CLUS_2787,2787 PAG-SC Neurod2 Meis2 Glut_2,CCN20230722_CLUS,CS20230722_SUPT_0691,CCN20230722_SUPT,4,2786,cluster,#9126FF,1,48
CS20230722_CLUS_2788,2788 PAG-SC Neurod2 Meis2 Glut_2,CCN20230722_CLUS,CS20230722_SUPT_0691,CCN20230722_SUPT,4,2787,cluster,#007DCC,1,81
CS20230722_CLUS_2789,2789 PAG-SC Neurod2 Meis2 Glut_2,CCN20230722_CLUS,CS20230722_SUPT_0691,CCN20230722_SUPT,4,2788,cluster,#999145,1,172
CS20230722_CLUS_2790,2790 PAG-SC Neurod2 Meis2 Glut_3,CCN20230722_CLUS,CS20230722_SUPT_0692,CCN20230722_SUPT,4,2789,cluster,#64CC3D,1,97
CS20230722_CLUS_2791,2791 PAG-SC Neurod2 Meis2 Glut_4,CCN20230722_CLUS,CS20230722_SUPT_0693,CCN20230722_SUPT,4,2790,cluster,#0036FF,1,282
CS20230722_CLUS_2792,2792 PAG-SC Neurod2 Meis2 Glut_4,CCN20230722_CLUS,CS20230722_SUPT_0693,CCN20230722_SUPT,4,2791,cluster,#3D6646,1,197
CS20230722_CLUS_2793,2793 PAG-SC Neurod2 Meis2 Glut_4,CCN20230722_CLUS,CS20230722_SUPT_0693,CCN20230722_SUPT,4,2792,cluster,#4DA1FF,1,233
CS20230722_CLUS_2794,2794 PAG-SC Neurod2 Meis2 Glut_4,CCN20230722_CLUS,CS20230722_SUPT_0693,CCN20230722_SUPT,4,2793,cluster,#0033CC,1,156
CS20230722_CLUS_2795,2795 PAG-SC Neurod2 Meis2 Glut_4,CCN20230722_CLUS,CS20230722_SUPT_0693,CCN20230722_SUPT,4,2794,cluster,#997345,1,75
CS20230722_CLUS_2796,2796 PAG-SC Neurod2 Meis2 Glut_4,CCN20230722_CLUS,CS20230722_SUPT_0693,CCN20230722_SUPT,4,2795,cluster,#0F1C66,1,92
CS20230722_CLUS_2797,2797 PAG-SC Neurod2 Meis2 Glut_4,CCN20230722_CLUS,CS20230722_SUPT_0693,CCN20230722_SUPT,4,2796,cluster,#03FF00,1,47
CS20230722_CLUS_2798,2798 PAG Pou4f3 Glut_1,CCN20230722_CLUS,CS20230722_SUPT_0694,CCN20230722_SUPT,4,2797,cluster,#70CC3D,1,742
CS20230722_CLUS_2799,2799 PAG Pou4f3 Glut_1,CCN20230722_CLUS,CS20230722_SUPT_0694,CCN20230722_SUPT,4,2798,cluster,#999DFF,1,126
CS20230722_CLUS_2800,2800 PAG Pou4f3 Glut_1,CCN20230722_CLUS,CS20230722_SUPT_0694,CCN20230722_SUPT,4,2799,cluster,#5C998E,1,398
CS20230722_CLUS_2801,2801 PAG Pou4f3 Glut_1,CCN20230722_CLUS,CS20230722_SUPT_0694,CCN20230722_SUPT,4,2800,cluster,#73BBFF,1,120
CS20230722_CLUS_2802,2802 PAG Pou4f3 Glut_1,CCN20230722_CLUS,CS20230722_SUPT_0694,CCN20230722_SUPT,4,2801,cluster,#99005C,1,48
CS20230722_CLUS_2803,2803 PAG Pou4f3 Glut_1,CCN20230722_CLUS,CS20230722_SUPT_0694,CCN20230722_SUPT,4,2802,cluster,#5626FF,1,569
CS20230722_CLUS_2804,2804 PAG Pou4f3 Glut_1,CCN20230722_CLUS,CS20230722_SUPT_0694,CCN20230722_SUPT,4,2803,cluster,#4B663D,1,85
CS20230722_CLUS_2805,2805 PAG Pou4f3 Glut_1,CCN20230722_CLUS,CS20230722_SUPT_0694,CCN20230722_SUPT,4,2804,cluster,#2631FF,1,63
CS20230722_CLUS_2806,2806 PAG Pou4f3 Glut_1,CCN20230722_CLUS,CS20230722_SUPT_0694,CCN20230722_SUPT,4,2805,cluster,#FF4D88,1,75
CS20230722_CLUS_2807,2807 PAG Pou4f3 Glut_1,CCN20230722_CLUS,CS20230722_SUPT_0694,CCN20230722_SUPT,4,2806,cluster,#CC1F74,1,41
CS20230722_CLUS_2808,2808 PAG Pou4f3 Glut_2,CCN20230722_CLUS,CS20230722_SUPT_0695,CCN20230722_SUPT,4,2807,cluster,#887ACC,1,167
CS20230722_CLUS_2809,2809 PAG Pou4f3 Glut_2,CCN20230722_CLUS,CS20230722_SUPT_0695,CCN20230722_SUPT,4,2808,cluster,#5C9981,1,550
CS20230722_CLUS_2810,2810 PAG Pou4f3 Glut_2,CCN20230722_CLUS,CS20230722_SUPT_0695,CCN20230722_SUPT,4,2809,cluster,#CC002E,1,43
CS20230722_CLUS_2811,2811 PAG Pou4f3 Glut_3,CCN20230722_CLUS,CS20230722_SUPT_0696,CCN20230722_SUPT,4,2810,cluster,#992E2F,1,42
CS20230722_CLUS_2812,2812 PAG Pou4f3 Glut_3,CCN20230722_CLUS,CS20230722_SUPT_0696,CCN20230722_SUPT,4,2811,cluster,#FFEA73,1,81
CS20230722_CLUS_2813,2813 CUN Evx2 Lhx2 Glut_1,CCN20230722_CLUS,CS20230722_SUPT_0697,CCN20230722_SUPT,4,2812,cluster,#991776,1,76
CS20230722_CLUS_2814,2814 CUN Evx2 Lhx2 Glut_1,CCN20230722_CLUS,CS20230722_SUPT_0697,CCN20230722_SUPT,4,2813,cluster,#CC5CBD,1,49
CS20230722_CLUS_2815,2815 CUN Evx2 Lhx2 Glut_1,CCN20230722_CLUS,CS20230722_SUPT_0697,CCN20230722_SUPT,4,2814,cluster,#14CC00,1,60
CS20230722_CLUS_2816,2816 CUN Evx2 Lhx2 Glut_1,CCN20230722_CLUS,CS20230722_SUPT_0697,CCN20230722_SUPT,4,2815,cluster,#5CCCC2,1,68
CS20230722_CLUS_2817,2817 CUN Evx2 Lhx2 Glut_1,CCN20230722_CLUS,CS20230722_SUPT_0697,CCN20230722_SUPT,4,2816,cluster,#99BFFF,1,180
CS20230722_CLUS_2818,2818 CUN Evx2 Lhx2 Glut_1,CCN20230722_CLUS,CS20230722_SUPT_0697,CCN20230722_SUPT,4,2817,cluster,#2E9953,1,33
CS20230722_CLUS_2819,2819 CUN Evx2 Lhx2 Glut_2,CCN20230722_CLUS,CS20230722_SUPT_0698,CCN20230722_SUPT,4,2818,cluster,#854599,1,73
CS20230722_CLUS_2820,2820 CUN Evx2 Lhx2 Glut_2,CCN20230722_CLUS,CS20230722_SUPT_0698,CCN20230722_SUPT,4,2819,cluster,#2B1F66,1,97
CS20230722_CLUS_2821,2821 CUN Evx2 Lhx2 Glut_2,CCN20230722_CLUS,CS20230722_SUPT_0698,CCN20230722_SUPT,4,2820,cluster,#66310F,1,214
CS20230722_CLUS_2822,2822 CUN Evx2 Lhx2 Glut_2,CCN20230722_CLUS,CS20230722_SUPT_0698,CCN20230722_SUPT,4,2821,cluster,#FF7B26,1,171
CS20230722_CLUS_2823,2823 CUN Evx2 Lhx2 Glut_2,CCN20230722_CLUS,CS20230722_SUPT_0698,CCN20230722_SUPT,4,2822,cluster,#5CCCBC,1,112
CS20230722_CLUS_2824,2824 CUN Evx2 Lhx2 Glut_2,CCN20230722_CLUS,CS20230722_SUPT_0698,CCN20230722_SUPT,4,2823,cluster,#FFA499,1,50
CS20230722_CLUS_2825,2825 CUN Evx2 Lhx2 Glut_2,CCN20230722_CLUS,CS20230722_SUPT_0698,CCN20230722_SUPT,4,2824,cluster,#BB00FF,1,81
CS20230722_CLUS_2826,2826 CUN Evx2 Lhx2 Glut_3,CCN20230722_CLUS,CS20230722_SUPT_0699,CCN20230722_SUPT,4,2825,cluster,#CCBB7A,1,66
CS20230722_CLUS_2827,2827 CUN Evx2 Lhx2 Glut_3,CCN20230722_CLUS,CS20230722_SUPT_0699,CCN20230722_SUPT,4,2826,cluster,#2645FF,1,66
CS20230722_CLUS_2828,2828 CUN Evx2 Lhx2 Glut_3,CCN20230722_CLUS,CS20230722_SUPT_0699,CCN20230722_SUPT,4,2827,cluster,#FFCE99,1,39
CS20230722_CLUS_2829,2829 CUN Evx2 Lhx2 Glut_3,CCN20230722_CLUS,CS20230722_SUPT_0699,CCN20230722_SUPT,4,2828,cluster,#459990,1,64
CS20230722_CLUS_2830,2830 CUN Evx2 Lhx2 Glut_3,CCN20230722_CLUS,CS20230722_SUPT_0699,CCN20230722_SUPT,4,2829,cluster,#2E994C,1,41
CS20230722_CLUS_2831,2831 CUN Evx2 Lhx2 Glut_3,CCN20230722_CLUS,CS20230722_SUPT_0699,CCN20230722_SUPT,4,2830,cluster,#5CCC9E,1,23
CS20230722_CLUS_2832,2832 CUN Evx2 Lhx2 Glut_4,CCN20230722_CLUS,CS20230722_SUPT_0700,CCN20230722_SUPT,4,2831,cluster,#4A3D66,1,108
CS20230722_CLUS_2833,2833 CUN Evx2 Lhx2 Glut_4,CCN20230722_CLUS,CS20230722_SUPT_0700,CCN20230722_SUPT,4,2832,cluster,#342E99,1,80
CS20230722_CLUS_2834,2834 CUN Evx2 Lhx2 Glut_4,CCN20230722_CLUS,CS20230722_SUPT_0700,CCN20230722_SUPT,4,2833,cluster,#99312E,1,47
CS20230722_CLUS_2835,2835 CUN Evx2 Lhx2 Glut_4,CCN20230722_CLUS,CS20230722_SUPT_0700,CCN20230722_SUPT,4,2834,cluster,#689900,1,196
CS20230722_CLUS_2836,2836 CUN Evx2 Lhx2 Glut_4,CCN20230722_CLUS,CS20230722_SUPT_0700,CCN20230722_SUPT,4,2835,cluster,#656600,1,84
CS20230722_CLUS_2837,2837 CUN Evx2 Lhx2 Glut_5,CCN20230722_CLUS,CS20230722_SUPT_0701,CCN20230722_SUPT,4,2836,cluster,#20660F,1,63
CS20230722_CLUS_2838,2838 CUN Evx2 Lhx2 Glut_5,CCN20230722_CLUS,CS20230722_SUPT_0701,CCN20230722_SUPT,4,2837,cluster,#661F62,1,67
CS20230722_CLUS_2839,2839 CUN Evx2 Lhx2 Glut_5,CCN20230722_CLUS,CS20230722_SUPT_0701,CCN20230722_SUPT,4,2838,cluster,#0F6645,1,82
CS20230722_CLUS_2840,2840 CUN Evx2 Lhx2 Glut_5,CCN20230722_CLUS,CS20230722_SUPT_0701,CCN20230722_SUPT,4,2839,cluster,#177799,1,27
CS20230722_CLUS_2841,2841 APN C1ql2 Glut_1,CCN20230722_CLUS,CS20230722_SUPT_0702,CCN20230722_SUPT,4,2840,cluster,#6E5C99,1,960
CS20230722_CLUS_2842,2842 APN C1ql2 Glut_1,CCN20230722_CLUS,CS20230722_SUPT_0702,CCN20230722_SUPT,4,2841,cluster,#179987,1,867
CS20230722_CLUS_2843,2843 APN C1ql2 Glut_1,CCN20230722_CLUS,CS20230722_SUPT_0702,CCN20230722_SUPT,4,2842,cluster,#CC5C9E,1,174
CS20230722_CLUS_2844,2844 APN C1ql2 Glut_1,CCN20230722_CLUS,CS20230722_SUPT_0702,CCN20230722_SUPT,4,2843,cluster,#006615,1,401
CS20230722_CLUS_2845,2845 APN C1ql2 Glut_1,CCN20230722_CLUS,CS20230722_SUPT_0702,CCN20230722_SUPT,4,2844,cluster,#870099,1,167
CS20230722_CLUS_2846,2846 APN C1ql2 Glut_1,CCN20230722_CLUS,CS20230722_SUPT_0702,CCN20230722_SUPT,4,2845,cluster,#611799,1,555
CS20230722_CLUS_2847,2847 APN C1ql2 Glut_1,CCN20230722_CLUS,CS20230722_SUPT_0702,CCN20230722_SUPT,4,2846,cluster,#26FFE3,1,103
CS20230722_CLUS_2848,2848 APN C1ql4 Glut_1,CCN20230722_CLUS,CS20230722_SUPT_0703,CCN20230722_SUPT,4,2847,cluster,#CBCC3D,1,365
CS20230722_CLUS_2849,2849 APN C1ql4 Glut_1,CCN20230722_CLUS,CS20230722_SUPT_0703,CCN20230722_SUPT,4,2848,cluster,#0F6652,1,151
CS20230722_CLUS_2850,2850 APN C1ql4 Glut_1,CCN20230722_CLUS,CS20230722_SUPT_0703,CCN20230722_SUPT,4,2849,cluster,#026600,1,1009
CS20230722_CLUS_2851,2851 APN C1ql4 Glut_1,CCN20230722_CLUS,CS20230722_SUPT_0703,CCN20230722_SUPT,4,2850,cluster,#179972,1,533
CS20230722_CLUS_2852,2852 APN C1ql4 Glut_1,CCN20230722_CLUS,CS20230722_SUPT_0703,CCN20230722_SUPT,4,2851,cluster,#829945,1,199
CS20230722_CLUS_2853,2853 APN C1ql4 Glut_1,CCN20230722_CLUS,CS20230722_SUPT_0703,CCN20230722_SUPT,4,2852,cluster,#001199,1,142
CS20230722_CLUS_2854,2854 APN C1ql4 Glut_1,CCN20230722_CLUS,CS20230722_SUPT_0703,CCN20230722_SUPT,4,2853,cluster,#73FF95,1,562
CS20230722_CLUS_2855,2855 APN C1ql4 Glut_1,CCN20230722_CLUS,CS20230722_SUPT_0703,CCN20230722_SUPT,4,2854,cluster,#D026FF,1,50
CS20230722_CLUS_2856,2856 APN C1ql4 Glut_1,CCN20230722_CLUS,CS20230722_SUPT_0703,CCN20230722_SUPT,4,2855,cluster,#66662E,1,65
CS20230722_CLUS_2857,2857 PAG-MRN Pou3f1 Glut_1,CCN20230722_CLUS,CS20230722_SUPT_0704,CCN20230722_SUPT,4,2856,cluster,#996D5C,1,188
CS20230722_CLUS_2858,2858 PAG-MRN Pou3f1 Glut_1,CCN20230722_CLUS,CS20230722_SUPT_0704,CCN20230722_SUPT,4,2857,cluster,#539945,1,93
CS20230722_CLUS_2859,2859 PAG-MRN Pou3f1 Glut_1,CCN20230722_CLUS,CS20230722_SUPT_0704,CCN20230722_SUPT,4,2858,cluster,#62CC1F,1,302
CS20230722_CLUS_2860,2860 PAG-MRN Pou3f1 Glut_1,CCN20230722_CLUS,CS20230722_SUPT_0704,CCN20230722_SUPT,4,2859,cluster,#4300FF,1,105
CS20230722_CLUS_2861,2861 PAG-MRN Pou3f1 Glut_1,CCN20230722_CLUS,CS20230722_SUPT_0704,CCN20230722_SUPT,4,2860,cluster,#0F2C66,1,308
CS20230722_CLUS_2862,2862 PAG-MRN Pou3f1 Glut_1,CCN20230722_CLUS,CS20230722_SUPT_0704,CCN20230722_SUPT,4,2861,cluster,#990089,1,94
CS20230722_CLUS_2863,2863 PAG-MRN Pou3f1 Glut_1,CCN20230722_CLUS,CS20230722_SUPT_0704,CCN20230722_SUPT,4,2862,cluster,#1F661F,1,43
CS20230722_CLUS_2864,2864 PAG-MRN Pou3f1 Glut_1,CCN20230722_CLUS,CS20230722_SUPT_0704,CCN20230722_SUPT,4,2863,cluster,#680099,1,83
CS20230722_CLUS_2865,2865 PAG-MRN Pou3f1 Glut_1,CCN20230722_CLUS,CS20230722_SUPT_0704,CCN20230722_SUPT,4,2864,cluster,#99178E,1,102
CS20230722_CLUS_2866,2866 PAG-MRN Pou3f1 Glut_1,CCN20230722_CLUS,CS20230722_SUPT_0704,CCN20230722_SUPT,4,2865,cluster,#FF006E,1,171
CS20230722_CLUS_2867,2867 PAG-MRN Pou3f1 Glut_1,CCN20230722_CLUS,CS20230722_SUPT_0704,CCN20230722_SUPT,4,2866,cluster,#CC771F,1,220
CS20230722_CLUS_2868,2868 PAG-MRN Pou3f1 Glut_2,CCN20230722_CLUS,CS20230722_SUPT_0705,CCN20230722_SUPT,4,2867,cluster,#005266,1,193
CS20230722_CLUS_2869,2869 PAG-MRN Pou3f1 Glut_3,CCN20230722_CLUS,CS20230722_SUPT_0706,CCN20230722_SUPT,4,2868,cluster,#5D660F,1,135
CS20230722_CLUS_2870,2870 PAG-MRN Pou3f1 Glut_4,CCN20230722_CLUS,CS20230722_SUPT_0707,CCN20230722_SUPT,4,2869,cluster,#795CCC,1,150
CS20230722_CLUS_2871,2871 PAG-MRN Pou3f1 Glut_4,CCN20230722_CLUS,CS20230722_SUPT_0707,CCN20230722_SUPT,4,2870,cluster,#665F3D,1,35
CS20230722_CLUS_2872,2872 PAG-MRN Pou3f1 Glut_4,CCN20230722_CLUS,CS20230722_SUPT_0707,CCN20230722_SUPT,4,2871,cluster,#CC645C,1,72
CS20230722_CLUS_2873,2873 PAG-MRN Pou3f1 Glut_4,CCN20230722_CLUS,CS20230722_SUPT_0707,CCN20230722_SUPT,4,2872,cluster,#84CC3D,1,60
CS20230722_CLUS_2874,2874 PAG-MRN Pou3f1 Glut_5,CCN20230722_CLUS,CS20230722_SUPT_0708,CCN20230722_SUPT,4,2873,cluster,#CC5C80,1,58
CS20230722_CLUS_2875,2875 PAG-MRN Pou3f1 Glut_5,CCN20230722_CLUS,CS20230722_SUPT_0708,CCN20230722_SUPT,4,2874,cluster,#CDFF99,1,102
CS20230722_CLUS_2876,2876 PAG-MRN Pou3f1 Glut_5,CCN20230722_CLUS,CS20230722_SUPT_0708,CCN20230722_SUPT,4,2875,cluster,#661F5D,1,68
CS20230722_CLUS_2877,2877 PAG-MRN Pou3f1 Glut_5,CCN20230722_CLUS,CS20230722_SUPT_0708,CCN20230722_SUPT,4,2876,cluster,#CC4200,1,100
CS20230722_CLUS_2878,2878 PAG-MRN Pou3f1 Glut_5,CCN20230722_CLUS,CS20230722_SUPT_0708,CCN20230722_SUPT,4,2877,cluster,#997400,1,75
CS20230722_CLUS_2879,2879 PAG-MRN Pou3f1 Glut_6,CCN20230722_CLUS,CS20230722_SUPT_0709,CCN20230722_SUPT,4,2878,cluster,#7ACCBF,1,42
CS20230722_CLUS_2880,2880 PAG-MRN Pou3f1 Glut_6,CCN20230722_CLUS,CS20230722_SUPT_0709,CCN20230722_SUPT,4,2879,cluster,#2E3E99,1,44
CS20230722_CLUS_2881,2881 PAG-MRN Pou3f1 Glut_6,CCN20230722_CLUS,CS20230722_SUPT_0709,CCN20230722_SUPT,4,2880,cluster,#E8FF73,1,198
CS20230722_CLUS_2882,2882 PAG-MRN Pou3f1 Glut_6,CCN20230722_CLUS,CS20230722_SUPT_0709,CCN20230722_SUPT,4,2881,cluster,#660F4C,1,34
CS20230722_CLUS_2883,2883 PAG-MRN Pou3f1 Glut_6,CCN20230722_CLUS,CS20230722_SUPT_0709,CCN20230722_SUPT,4,2882,cluster,#942E99,1,61
CS20230722_CLUS_2884,2884 MRN Pou3f1 C1ql4 Glut_1,CCN20230722_CLUS,CS20230722_SUPT_0710,CCN20230722_SUPT,4,2883,cluster,#5CA6CC,1,20
CS20230722_CLUS_2885,2885 MRN Pou3f1 C1ql4 Glut_1,CCN20230722_CLUS,CS20230722_SUPT_0710,CCN20230722_SUPT,4,2884,cluster,#990014,1,57
CS20230722_CLUS_2886,2886 MRN Pou3f1 C1ql4 Glut_1,CCN20230722_CLUS,CS20230722_SUPT_0710,CCN20230722_SUPT,4,2885,cluster,#995C65,1,76
CS20230722_CLUS_2887,2887 MRN Pou3f1 C1ql4 Glut_1,CCN20230722_CLUS,CS20230722_SUPT_0710,CCN20230722_SUPT,4,2886,cluster,#2E5B66,1,25
CS20230722_CLUS_2888,2888 MRN Pou3f1 C1ql4 Glut_1,CCN20230722_CLUS,CS20230722_SUPT_0710,CCN20230722_SUPT,4,2887,cluster,#1F664D,1,48
CS20230722_CLUS_2889,2889 MRN Pou3f1 C1ql4 Glut_1,CCN20230722_CLUS,CS20230722_SUPT_0710,CCN20230722_SUPT,4,2888,cluster,#1F2ECC,1,74
CS20230722_CLUS_2890,2890 MRN Pou3f1 C1ql4 Glut_2,CCN20230722_CLUS,CS20230722_SUPT_0711,CCN20230722_SUPT,4,2889,cluster,#5E6600,1,46
CS20230722_CLUS_2891,2891 MRN Pou3f1 C1ql4 Glut_2,CCN20230722_CLUS,CS20230722_SUPT_0711,CCN20230722_SUPT,4,2890,cluster,#A4FF99,1,50
CS20230722_CLUS_2892,2892 MRN Pou3f1 C1ql4 Glut_2,CCN20230722_CLUS,CS20230722_SUPT_0711,CCN20230722_SUPT,4,2891,cluster,#C2FF4D,1,17
CS20230722_CLUS_2893,2893 MRN Pou3f1 C1ql4 Glut_2,CCN20230722_CLUS,CS20230722_SUPT_0711,CCN20230722_SUPT,4,2892,cluster,#FF9B73,1,61
CS20230722_CLUS_2894,2894 MRN Pou3f1 C1ql4 Glut_2,CCN20230722_CLUS,CS20230722_SUPT_0711,CCN20230722_SUPT,4,2893,cluster,#4DD1FF,1,53
CS20230722_CLUS_2895,2895 MRN Pou3f1 C1ql4 Glut_3,CCN20230722_CLUS,CS20230722_SUPT_0712,CCN20230722_SUPT,4,2894,cluster,#7ECC00,1,43
CS20230722_CLUS_2896,2896 MRN Pou3f1 C1ql4 Glut_3,CCN20230722_CLUS,CS20230722_SUPT_0712,CCN20230722_SUPT,4,2895,cluster,#2E3499,1,101
CS20230722_CLUS_2897,2897 PRC-PAG Tcf7l2 Irx2 Glut_1,CCN20230722_CLUS,CS20230722_SUPT_0713,CCN20230722_SUPT,4,2896,cluster,#997545,1,39
CS20230722_CLUS_2898,2898 PRC-PAG Tcf7l2 Irx2 Glut_1,CCN20230722_CLUS,CS20230722_SUPT_0713,CCN20230722_SUPT,4,2897,cluster,#44663D,1,128
CS20230722_CLUS_2899,2899 PRC-PAG Tcf7l2 Irx2 Glut_1,CCN20230722_CLUS,CS20230722_SUPT_0713,CCN20230722_SUPT,4,2898,cluster,#3D6645,1,191
CS20230722_CLUS_2900,2900 PRC-PAG Tcf7l2 Irx2 Glut_1,CCN20230722_CLUS,CS20230722_SUPT_0713,CCN20230722_SUPT,4,2899,cluster,#00662A,1,418
CS20230722_CLUS_2901,2901 PRC-PAG Tcf7l2 Irx2 Glut_1,CCN20230722_CLUS,CS20230722_SUPT_0713,CCN20230722_SUPT,4,2900,cluster,#330066,1,368
CS20230722_CLUS_2902,2902 PRC-PAG Tcf7l2 Irx2 Glut_1,CCN20230722_CLUS,CS20230722_SUPT_0713,CCN20230722_SUPT,4,2901,cluster,#5C6F99,1,86
CS20230722_CLUS_2903,2903 PRC-PAG Tcf7l2 Irx2 Glut_1,CCN20230722_CLUS,CS20230722_SUPT_0713,CCN20230722_SUPT,4,2902,cluster,#83995C,1,185
CS20230722_CLUS_2904,2904 PRC-PAG Tcf7l2 Irx2 Glut_1,CCN20230722_CLUS,CS20230722_SUPT_0713,CCN20230722_SUPT,4,2903,cluster,#CCB61F,1,385
CS20230722_CLUS_2905,2905 PRC-PAG Tcf7l2 Irx2 Glut_1,CCN20230722_CLUS,CS20230722_SUPT_0713,CCN20230722_SUPT,4,2904,cluster,#999745,1,341
CS20230722_CLUS_2906,2906 PRC-PAG Tcf7l2 Irx2 Glut_1,CCN20230722_CLUS,CS20230722_SUPT_0713,CCN20230722_SUPT,4,2905,cluster,#664B1F,1,271
CS20230722_CLUS_2907,2907 PRC-PAG Tcf7l2 Irx2 Glut_1,CCN20230722_CLUS,CS20230722_SUPT_0713,CCN20230722_SUPT,4,2906,cluster,#17992F,1,113
CS20230722_CLUS_2908,2908 PRC-PAG Tcf7l2 Irx2 Glut_2,CCN20230722_CLUS,CS20230722_SUPT_0714,CCN20230722_SUPT,4,2907,cluster,#79CC1F,1,158
CS20230722_CLUS_2909,2909 PRC-PAG Tcf7l2 Irx2 Glut_2,CCN20230722_CLUS,CS20230722_SUPT_0714,CCN20230722_SUPT,4,2908,cluster,#4DD9FF,1,152
CS20230722_CLUS_2910,2910 PRC-PAG Tcf7l2 Irx2 Glut_2,CCN20230722_CLUS,CS20230722_SUPT_0714,CCN20230722_SUPT,4,2909,cluster,#00FF30,1,120
CS20230722_CLUS_2911,2911 PRC-PAG Tcf7l2 Irx2 Glut_2,CCN20230722_CLUS,CS20230722_SUPT_0714,CCN20230722_SUPT,4,2910,cluster,#590F66,1,98
CS20230722_CLUS_2912,2912 PRC-PAG Tcf7l2 Irx2 Glut_2,CCN20230722_CLUS,CS20230722_SUPT_0714,CCN20230722_SUPT,4,2911,cluster,#FFFA73,1,343
CS20230722_CLUS_2913,2913 PRC-PAG Tcf7l2 Irx2 Glut_2,CCN20230722_CLUS,CS20230722_SUPT_0714,CCN20230722_SUPT,4,2912,cluster,#88FF00,1,163
CS20230722_CLUS_2914,2914 PRC-PAG Tcf7l2 Irx2 Glut_2,CCN20230722_CLUS,CS20230722_SUPT_0714,CCN20230722_SUPT,4,2913,cluster,#51660F,1,178
CS20230722_CLUS_2915,2915 PRC-PAG Tcf7l2 Irx2 Glut_2,CCN20230722_CLUS,CS20230722_SUPT_0714,CCN20230722_SUPT,4,2914,cluster,#FF26F3,1,40
CS20230722_CLUS_2916,2916 PRC-PAG Tcf7l2 Irx2 Glut_3,CCN20230722_CLUS,CS20230722_SUPT_0715,CCN20230722_SUPT,4,2915,cluster,#FFD099,1,85
CS20230722_CLUS_2917,2917 PRC-PAG Tcf7l2 Irx2 Glut_3,CCN20230722_CLUS,CS20230722_SUPT_0715,CCN20230722_SUPT,4,2916,cluster,#C1CC7A,1,27
CS20230722_CLUS_2918,2918 PRC-PAG Tcf7l2 Irx2 Glut_3,CCN20230722_CLUS,CS20230722_SUPT_0715,CCN20230722_SUPT,4,2917,cluster,#60661F,1,60
CS20230722_CLUS_2919,2919 PRC-PAG Tcf7l2 Irx2 Glut_3,CCN20230722_CLUS,CS20230722_SUPT_0715,CCN20230722_SUPT,4,2918,cluster,#CC5C6C,1,87
CS20230722_CLUS_2920,2920 PRC-PAG Tcf7l2 Irx2 Glut_4,CCN20230722_CLUS,CS20230722_SUPT_0716,CCN20230722_SUPT,4,2919,cluster,#99F2FF,1,93
CS20230722_CLUS_2921,2921 PRC-PAG Tcf7l2 Irx2 Glut_5,CCN20230722_CLUS,CS20230722_SUPT_0717,CCN20230722_SUPT,4,2920,cluster,#0F6612,1,90
CS20230722_CLUS_2922,2922 PRC-PAG Tcf7l2 Irx2 Glut_5,CCN20230722_CLUS,CS20230722_SUPT_0717,CCN20230722_SUPT,4,2921,cluster,#178E99,1,241
CS20230722_CLUS_2923,2923 PRC-PAG Tcf7l2 Irx2 Glut_5,CCN20230722_CLUS,CS20230722_SUPT_0717,CCN20230722_SUPT,4,2922,cluster,#130066,1,236
CS20230722_CLUS_2924,2924 PRC-PAG Tcf7l2 Irx2 Glut_5,CCN20230722_CLUS,CS20230722_SUPT_0717,CCN20230722_SUPT,4,2923,cluster,#008699,1,206
CS20230722_CLUS_2925,2925 SPA-SPFm-SPFp-POL-PIL-PoT Sp9 Glut_1,CCN20230722_CLUS,CS20230722_SUPT_0718,CCN20230722_SUPT,4,2924,cluster,#CC3D45,1,35
CS20230722_CLUS_2926,2926 SPA-SPFm-SPFp-POL-PIL-PoT Sp9 Glut_1,CCN20230722_CLUS,CS20230722_SUPT_0718,CCN20230722_SUPT,4,2925,cluster,#991750,1,109
CS20230722_CLUS_2927,2927 SPA-SPFm-SPFp-POL-PIL-PoT Sp9 Glut_1,CCN20230722_CLUS,CS20230722_SUPT_0718,CCN20230722_SUPT,4,2926,cluster,#99FFF3,1,81
CS20230722_CLUS_2928,2928 SPA-SPFm-SPFp-POL-PIL-PoT Sp9 Glut_1,CCN20230722_CLUS,CS20230722_SUPT_0718,CCN20230722_SUPT,4,2927,cluster,#73ABFF,1,59
CS20230722_CLUS_2929,2929 SPA-SPFm-SPFp-POL-PIL-PoT Sp9 Glut_1,CCN20230722_CLUS,CS20230722_SUPT_0718,CCN20230722_SUPT,4,2928,cluster,#FFAC26,1,46
CS20230722_CLUS_2930,2930 SPA-SPFm-SPFp-POL-PIL-PoT Sp9 Glut_1,CCN20230722_CLUS,CS20230722_SUPT_0718,CCN20230722_SUPT,4,2929,cluster,#CC965C,1,55
CS20230722_CLUS_2931,2931 SPA-SPFm-SPFp-POL-PIL-PoT Sp9 Glut_1,CCN20230722_CLUS,CS20230722_SUPT_0718,CCN20230722_SUPT,4,2930,cluster,#7A84CC,1,237
CS20230722_CLUS_2932,2932 SPA-SPFm-SPFp-POL-PIL-PoT Sp9 Glut_1,CCN20230722_CLUS,CS20230722_SUPT_0718,CCN20230722_SUPT,4,2931,cluster,#8E9945,1,74
CS20230722_CLUS_2933,2933 SPA-SPFm-SPFp-POL-PIL-PoT Sp9 Glut_1,CCN20230722_CLUS,CS20230722_SUPT_0718,CCN20230722_SUPT,4,2932,cluster,#5EFF26,1,377
CS20230722_CLUS_2934,2934 SPA-SPFm-SPFp-POL-PIL-PoT Sp9 Glut_1,CCN20230722_CLUS,CS20230722_SUPT_0718,CCN20230722_SUPT,4,2933,cluster,#459973,1,192
CS20230722_CLUS_2935,2935 SPA-SPFm-SPFp-POL-PIL-PoT Sp9 Glut_1,CCN20230722_CLUS,CS20230722_SUPT_0718,CCN20230722_SUPT,4,2934,cluster,#FF269B,1,386
CS20230722_CLUS_2936,2936 SPA-SPFm-SPFp-POL-PIL-PoT Sp9 Glut_1,CCN20230722_CLUS,CS20230722_SUPT_0718,CCN20230722_SUPT,4,2935,cluster,#1F5C66,1,116
CS20230722_CLUS_2937,2937 SPA-SPFm-SPFp-POL-PIL-PoT Sp9 Glut_1,CCN20230722_CLUS,CS20230722_SUPT_0718,CCN20230722_SUPT,4,2936,cluster,#663D52,1,239
CS20230722_CLUS_2938,2938 SPA-SPFm-SPFp-POL-PIL-PoT Sp9 Glut_2,CCN20230722_CLUS,CS20230722_SUPT_0719,CCN20230722_SUPT,4,2937,cluster,#FF99E1,1,24
CS20230722_CLUS_2939,2939 SPA-SPFm-SPFp-POL-PIL-PoT Sp9 Glut_2,CCN20230722_CLUS,CS20230722_SUPT_0719,CCN20230722_SUPT,4,2938,cluster,#660F52,1,44
CS20230722_CLUS_2940,2940 SPA-SPFm-SPFp-POL-PIL-PoT Sp9 Glut_2,CCN20230722_CLUS,CS20230722_SUPT_0719,CCN20230722_SUPT,4,2939,cluster,#2E6666,1,42
CS20230722_CLUS_2941,2941 SPA-SPFm-SPFp-POL-PIL-PoT Sp9 Glut_2,CCN20230722_CLUS,CS20230722_SUPT_0719,CCN20230722_SUPT,4,2940,cluster,#0D6600,1,37
CS20230722_CLUS_2942,2942 SPA-SPFm-SPFp-POL-PIL-PoT Sp9 Glut_2,CCN20230722_CLUS,CS20230722_SUPT_0719,CCN20230722_SUPT,4,2941,cluster,#99174A,1,229
CS20230722_CLUS_2943,2943 SPA-SPFm-SPFp-POL-PIL-PoT Sp9 Glut_2,CCN20230722_CLUS,CS20230722_SUPT_0719,CCN20230722_SUPT,4,2942,cluster,#CC4A3D,1,50
CS20230722_CLUS_2944,2944 SPA-SPFm-SPFp-POL-PIL-PoT Sp9 Glut_2,CCN20230722_CLUS,CS20230722_SUPT_0719,CCN20230722_SUPT,4,2943,cluster,#1FCCC2,1,10
CS20230722_CLUS_2945,2945 SPA-SPFm-SPFp-POL-PIL-PoT Sp9 Glut_2,CCN20230722_CLUS,CS20230722_SUPT_0719,CCN20230722_SUPT,4,2944,cluster,#86CC7A,1,86
CS20230722_CLUS_2946,2946 SPA-SPFm-SPFp-POL-PIL-PoT Sp9 Glut_3,CCN20230722_CLUS,CS20230722_SUPT_0720,CCN20230722_SUPT,4,2945,cluster,#5C74CC,1,242
CS20230722_CLUS_2947,2947 SPA-SPFm-SPFp-POL-PIL-PoT Sp9 Glut_3,CCN20230722_CLUS,CS20230722_SUPT_0720,CCN20230722_SUPT,4,2946,cluster,#F0FF26,1,128
CS20230722_CLUS_2948,2948 SPA-SPFm-SPFp-POL-PIL-PoT Sp9 Glut_3,CCN20230722_CLUS,CS20230722_SUPT_0720,CCN20230722_SUPT,4,2947,cluster,#000EFF,1,206
CS20230722_CLUS_2949,2949 SPA-SPFm-SPFp-POL-PIL-PoT Sp9 Glut_3,CCN20230722_CLUS,CS20230722_SUPT_0720,CCN20230722_SUPT,4,2948,cluster,#B23DCC,1,632
CS20230722_CLUS_2950,2950 SPA-SPFm-SPFp-POL-PIL-PoT Sp9 Glut_3,CCN20230722_CLUS,CS20230722_SUPT_0720,CCN20230722_SUPT,4,2949,cluster,#894599,1,138
CS20230722_CLUS_2951,2951 SPA-SPFm-SPFp-POL-PIL-PoT Sp9 Glut_3,CCN20230722_CLUS,CS20230722_SUPT_0720,CCN20230722_SUPT,4,2950,cluster,#4E1F66,1,85
CS20230722_CLUS_2952,2952 SPA-SPFm-SPFp-POL-PIL-PoT Sp9 Glut_3,CCN20230722_CLUS,CS20230722_SUPT_0720,CCN20230722_SUPT,4,2951,cluster,#2E997C,1,179
CS20230722_CLUS_2953,2953 SPA-SPFm-SPFp-POL-PIL-PoT Sp9 Glut_3,CCN20230722_CLUS,CS20230722_SUPT_0720,CCN20230722_SUPT,4,2952,cluster,#4DFDFF,1,132
CS20230722_CLUS_2954,2954 SPA-SPFm-SPFp-POL-PIL-PoT Sp9 Glut_3,CCN20230722_CLUS,CS20230722_SUPT_0720,CCN20230722_SUPT,4,2953,cluster,#008D99,1,141
CS20230722_CLUS_2955,2955 SPA-SPFm-SPFp-POL-PIL-PoT Sp9 Glut_3,CCN20230722_CLUS,CS20230722_SUPT_0720,CCN20230722_SUPT,4,2954,cluster,#570F66,1,225
CS20230722_CLUS_2956,2956 SPA-SPFm-SPFp-POL-PIL-PoT Sp9 Glut_4,CCN20230722_CLUS,CS20230722_SUPT_0721,CCN20230722_SUPT,4,2955,cluster,#661F2A,1,181
CS20230722_CLUS_2957,2957 SPA-SPFm-SPFp-POL-PIL-PoT Sp9 Glut_4,CCN20230722_CLUS,CS20230722_SUPT_0721,CCN20230722_SUPT,4,2956,cluster,#992E2E,1,425
CS20230722_CLUS_2958,2958 SPA-SPFm-SPFp-POL-PIL-PoT Sp9 Glut_4,CCN20230722_CLUS,CS20230722_SUPT_0721,CCN20230722_SUPT,4,2957,cluster,#C25CCC,1,406
CS20230722_CLUS_2959,2959 SPA-SPFm-SPFp-POL-PIL-PoT Sp9 Glut_4,CCN20230722_CLUS,CS20230722_SUPT_0721,CCN20230722_SUPT,4,2958,cluster,#00FFF9,1,54
CS20230722_CLUS_2960,2960 SPA-SPFm-SPFp-POL-PIL-PoT Sp9 Glut_4,CCN20230722_CLUS,CS20230722_SUPT_0721,CCN20230722_SUPT,4,2959,cluster,#502E66,1,174
CS20230722_CLUS_2961,2961 SPA-SPFm-SPFp-POL-PIL-PoT Sp9 Glut_4,CCN20230722_CLUS,CS20230722_SUPT_0721,CCN20230722_SUPT,4,2960,cluster,#99382E,1,123
CS20230722_CLUS_2962,2962 SPA-SPFm-SPFp-POL-PIL-PoT Sp9 Glut_4,CCN20230722_CLUS,CS20230722_SUPT_0721,CCN20230722_SUPT,4,2961,cluster,#95CC5C,1,181
CS20230722_CLUS_2963,2963 SPA-SPFm-SPFp-POL-PIL-PoT Sp9 Glut_4,CCN20230722_CLUS,CS20230722_SUPT_0721,CCN20230722_SUPT,4,2962,cluster,#FFCE73,1,380
CS20230722_CLUS_2964,2964 SPA-SPFm-SPFp-POL-PIL-PoT Sp9 Glut_4,CCN20230722_CLUS,CS20230722_SUPT_0721,CCN20230722_SUPT,4,2963,cluster,#006661,1,101
CS20230722_CLUS_2965,2965 SPA-SPFm-SPFp-POL-PIL-PoT Sp9 Glut_5,CCN20230722_CLUS,CS20230722_SUPT_0722,CCN20230722_SUPT,4,2964,cluster,#7C995C,1,190
CS20230722_CLUS_2966,2966 SPA-SPFm-SPFp-POL-PIL-PoT Sp9 Glut_5,CCN20230722_CLUS,CS20230722_SUPT_0722,CCN20230722_SUPT,4,2965,cluster,#999345,1,241
CS20230722_CLUS_2967,2967 SPA-SPFm-SPFp-POL-PIL-PoT Sp9 Glut_5,CCN20230722_CLUS,CS20230722_SUPT_0722,CCN20230722_SUPT,4,2966,cluster,#662E43,1,184
CS20230722_CLUS_2968,2968 SPA-SPFm-SPFp-POL-PIL-PoT Sp9 Glut_5,CCN20230722_CLUS,CS20230722_SUPT_0722,CCN20230722_SUPT,4,2967,cluster,#FF99FF,1,205
CS20230722_CLUS_2969,2969 SPA-SPFm-SPFp-POL-PIL-PoT Sp9 Glut_5,CCN20230722_CLUS,CS20230722_SUPT_0722,CCN20230722_SUPT,4,2968,cluster,#458099,1,74
CS20230722_CLUS_2970,2970 SPA-SPFm-SPFp-POL-PIL-PoT Sp9 Glut_5,CCN20230722_CLUS,CS20230722_SUPT_0722,CCN20230722_SUPT,4,2969,cluster,#6B3DCC,1,51
CS20230722_CLUS_2971,2971 SPA-SPFm-SPFp-POL-PIL-PoT Sp9 Glut_5,CCN20230722_CLUS,CS20230722_SUPT_0722,CCN20230722_SUPT,4,2970,cluster,#FF26E0,1,103
CS20230722_CLUS_2972,2972 SPA-SPFm-SPFp-POL-PIL-PoT Sp9 Glut_5,CCN20230722_CLUS,CS20230722_SUPT_0722,CCN20230722_SUPT,4,2971,cluster,#FF4D58,1,118
CS20230722_CLUS_2973,2973 SPA-SPFm-SPFp-POL-PIL-PoT Sp9 Glut_5,CCN20230722_CLUS,CS20230722_SUPT_0722,CCN20230722_SUPT,4,2972,cluster,#FF99D1,1,196
CS20230722_CLUS_2974,2974 SPA-SPFm-SPFp-POL-PIL-PoT Sp9 Glut_6,CCN20230722_CLUS,CS20230722_SUPT_0723,CCN20230722_SUPT,4,2973,cluster,#26FF8B,1,104
CS20230722_CLUS_2975,2975 SPA-SPFm-SPFp-POL-PIL-PoT Sp9 Glut_6,CCN20230722_CLUS,CS20230722_SUPT_0723,CCN20230722_SUPT,4,2974,cluster,#662C1F,1,123
CS20230722_CLUS_2976,2976 SPA-SPFm-SPFp-POL-PIL-PoT Sp9 Glut_6,CCN20230722_CLUS,CS20230722_SUPT_0723,CCN20230722_SUPT,4,2975,cluster,#855CCC,1,87
CS20230722_CLUS_2977,2977 SPA-SPFm-SPFp-POL-PIL-PoT Sp9 Glut_6,CCN20230722_CLUS,CS20230722_SUPT_0723,CCN20230722_SUPT,4,2976,cluster,#302E66,1,72
CS20230722_CLUS_2978,2978 SPA-SPFm-SPFp-POL-PIL-PoT Sp9 Glut_6,CCN20230722_CLUS,CS20230722_SUPT_0723,CCN20230722_SUPT,4,2977,cluster,#FFDD26,1,108
CS20230722_CLUS_2979,2979 SPA-SPFm-SPFp-POL-PIL-PoT Sp9 Glut_6,CCN20230722_CLUS,CS20230722_SUPT_0723,CCN20230722_SUPT,4,2978,cluster,#176299,1,197
CS20230722_CLUS_2980,2980 SPA-SPFm-SPFp-POL-PIL-PoT Sp9 Glut_6,CCN20230722_CLUS,CS20230722_SUPT_0723,CCN20230722_SUPT,4,2979,cluster,#665300,1,68
CS20230722_CLUS_2981,2981 SPA-SPFm-SPFp-POL-PIL-PoT Sp9 Glut_6,CCN20230722_CLUS,CS20230722_SUPT_0723,CCN20230722_SUPT,4,2980,cluster,#FFD999,1,42
CS20230722_CLUS_2982,2982 SPA-SPFm-SPFp-POL-PIL-PoT Sp9 Glut_6,CCN20230722_CLUS,CS20230722_SUPT_0723,CCN20230722_SUPT,4,2981,cluster,#CCB95C,1,42
CS20230722_CLUS_2983,2983 SPA-SPFm-SPFp-POL-PIL-PoT Sp9 Glut_7,CCN20230722_CLUS,CS20230722_SUPT_0724,CCN20230722_SUPT,4,2982,cluster,#FF8526,1,884
CS20230722_CLUS_2984,2984 SPA-SPFm-SPFp-POL-PIL-PoT Sp9 Glut_7,CCN20230722_CLUS,CS20230722_SUPT_0724,CCN20230722_SUPT,4,2983,cluster,#992E40,1,156
CS20230722_CLUS_2985,2985 SPA-SPFm-SPFp-POL-PIL-PoT Sp9 Glut_7,CCN20230722_CLUS,CS20230722_SUPT_0724,CCN20230722_SUPT,4,2984,cluster,#FF0D00,1,166
CS20230722_CLUS_2986,2986 SPA-SPFm-SPFp-POL-PIL-PoT Sp9 Glut_7,CCN20230722_CLUS,CS20230722_SUPT_0724,CCN20230722_SUPT,4,2985,cluster,#B35CCC,1,200
CS20230722_CLUS_2987,2987 SPA-SPFm-SPFp-POL-PIL-PoT Sp9 Glut_7,CCN20230722_CLUS,CS20230722_SUPT_0724,CCN20230722_SUPT,4,2986,cluster,#FFDA73,1,731
CS20230722_CLUS_2988,2988 SPA-SPFm-SPFp-POL-PIL-PoT Sp9 Glut_8,CCN20230722_CLUS,CS20230722_SUPT_0725,CCN20230722_SUPT,4,2987,cluster,#52CC1F,1,464
CS20230722_CLUS_2989,2989 SPA-SPFm-SPFp-POL-PIL-PoT Sp9 Glut_8,CCN20230722_CLUS,CS20230722_SUPT_0725,CCN20230722_SUPT,4,2988,cluster,#992E42,1,139
CS20230722_CLUS_2990,2990 SPA-SPFm-SPFp-POL-PIL-PoT Sp9 Glut_8,CCN20230722_CLUS,CS20230722_SUPT_0725,CCN20230722_SUPT,4,2989,cluster,#3E2E99,1,50
CS20230722_CLUS_2991,2991 SPA-SPFm-SPFp-POL-PIL-PoT Sp9 Glut_8,CCN20230722_CLUS,CS20230722_SUPT_0725,CCN20230722_SUPT,4,2990,cluster,#754DFF,1,161
CS20230722_CLUS_2992,2992 SPA-SPFm-SPFp-POL-PIL-PoT Sp9 Glut_8,CCN20230722_CLUS,CS20230722_SUPT_0725,CCN20230722_SUPT,4,2991,cluster,#73FF8F,1,63
CS20230722_CLUS_2993,2993 SPA-SPFm-SPFp-POL-PIL-PoT Sp9 Glut_8,CCN20230722_CLUS,CS20230722_SUPT_0725,CCN20230722_SUPT,4,2992,cluster,#9DFF99,1,87
CS20230722_CLUS_2994,2994 SPA-SPFm-SPFp-POL-PIL-PoT Sp9 Glut_8,CCN20230722_CLUS,CS20230722_SUPT_0725,CCN20230722_SUPT,4,2993,cluster,#99962E,1,130
CS20230722_CLUS_2995,2995 SPA-SPFm-SPFp-POL-PIL-PoT Sp9 Glut_9,CCN20230722_CLUS,CS20230722_SUPT_0726,CCN20230722_SUPT,4,2994,cluster,#765C99,1,98
CS20230722_CLUS_2996,2996 SPA-SPFm-SPFp-POL-PIL-PoT Sp9 Glut_9,CCN20230722_CLUS,CS20230722_SUPT_0726,CCN20230722_SUPT,4,2995,cluster,#605C99,1,86
CS20230722_CLUS_2997,2997 SPA-SPFm-SPFp-POL-PIL-PoT Sp9 Glut_9,CCN20230722_CLUS,CS20230722_SUPT_0726,CCN20230722_SUPT,4,2996,cluster,#2E5F66,1,28
CS20230722_CLUS_2998,2998 SPA-SPFm-SPFp-POL-PIL-PoT Sp9 Glut_9,CCN20230722_CLUS,CS20230722_SUPT_0726,CCN20230722_SUPT,4,2997,cluster,#45660F,1,108
CS20230722_CLUS_2999,2999 SPA-SPFm-SPFp-POL-PIL-PoT Sp9 Glut_9,CCN20230722_CLUS,CS20230722_SUPT_0726,CCN20230722_SUPT,4,2998,cluster,#0061CC,1,40
CS20230722_CLUS_3000,3000 SPA-SPFm-SPFp-POL-PIL-PoT Sp9 Glut_10,CCN20230722_CLUS,CS20230722_SUPT_0727,CCN20230722_SUPT,4,2999,cluster,#006633,1,155
CS20230722_CLUS_3001,3001 SPA-SPFm-SPFp-POL-PIL-PoT Sp9 Glut_10,CCN20230722_CLUS,CS20230722_SUPT_0727,CCN20230722_SUPT,4,3000,cluster,#0047FF,1,36
CS20230722_CLUS_3002,3002 SPA-SPFm-SPFp-POL-PIL-PoT Sp9 Glut_11,CCN20230722_CLUS,CS20230722_SUPT_0728,CCN20230722_SUPT,4,3001,cluster,#CC401F,1,133
CS20230722_CLUS_3003,3003 SPA-SPFm-SPFp-POL-PIL-PoT Sp9 Glut_11,CCN20230722_CLUS,CS20230722_SUPT_0728,CCN20230722_SUPT,4,3002,cluster,#1F36CC,1,65
CS20230722_CLUS_3004,3004 SPA-SPFm-SPFp-POL-PIL-PoT Sp9 Glut_12,CCN20230722_CLUS,CS20230722_SUPT_0729,CCN20230722_SUPT,4,3003,cluster,#994700,1,102
CS20230722_CLUS_3005,3005 SPA-SPFm-SPFp-POL-PIL-PoT Sp9 Glut_12,CCN20230722_CLUS,CS20230722_SUPT_0729,CCN20230722_SUPT,4,3004,cluster,#3D5266,1,120
CS20230722_CLUS_3006,3006 SPA-SPFm-SPFp-POL-PIL-PoT Sp9 Glut_12,CCN20230722_CLUS,CS20230722_SUPT_0729,CCN20230722_SUPT,4,3005,cluster,#2E663E,1,219
CS20230722_CLUS_3007,3007 PAG-SC Pou4f1 Zic1 Glut_1,CCN20230722_CLUS,CS20230722_SUPT_0730,CCN20230722_SUPT,4,3006,cluster,#994000,1,40
CS20230722_CLUS_3008,3008 PAG-SC Pou4f1 Zic1 Glut_1,CCN20230722_CLUS,CS20230722_SUPT_0730,CCN20230722_SUPT,4,3007,cluster,#5C6CCC,1,278
CS20230722_CLUS_3009,3009 PAG-SC Pou4f1 Zic1 Glut_1,CCN20230722_CLUS,CS20230722_SUPT_0730,CCN20230722_SUPT,4,3008,cluster,#FF4D68,1,185
CS20230722_CLUS_3010,3010 PAG-SC Pou4f1 Zic1 Glut_1,CCN20230722_CLUS,CS20230722_SUPT_0730,CCN20230722_SUPT,4,3009,cluster,#5C9991,1,887
CS20230722_CLUS_3011,3011 PAG-SC Pou4f1 Zic1 Glut_1,CCN20230722_CLUS,CS20230722_SUPT_0730,CCN20230722_SUPT,4,3010,cluster,#1E1799,1,105
CS20230722_CLUS_3012,3012 PAG-SC Pou4f1 Zic1 Glut_1,CCN20230722_CLUS,CS20230722_SUPT_0730,CCN20230722_SUPT,4,3011,cluster,#665C1F,1,216
CS20230722_CLUS_3013,3013 PAG-SC Pou4f1 Zic1 Glut_1,CCN20230722_CLUS,CS20230722_SUPT_0730,CCN20230722_SUPT,4,3012,cluster,#26FF55,1,41
CS20230722_CLUS_3014,3014 PAG-SC Pou4f1 Zic1 Glut_1,CCN20230722_CLUS,CS20230722_SUPT_0730,CCN20230722_SUPT,4,3013,cluster,#965C99,1,70
CS20230722_CLUS_3015,3015 PAG-SC Pou4f1 Zic1 Glut_1,CCN20230722_CLUS,CS20230722_SUPT_0730,CCN20230722_SUPT,4,3014,cluster,#3ECC1F,1,70
CS20230722_CLUS_3016,3016 PAG-SC Pou4f1 Zic1 Glut_1,CCN20230722_CLUS,CS20230722_SUPT_0730,CCN20230722_SUPT,4,3015,cluster,#DEFF00,1,82
CS20230722_CLUS_3017,3017 PAG-SC Pou4f1 Zic1 Glut_1,CCN20230722_CLUS,CS20230722_SUPT_0730,CCN20230722_SUPT,4,3016,cluster,#7C9900,1,57
CS20230722_CLUS_3018,3018 PAG-SC Pou4f1 Zic1 Glut_1,CCN20230722_CLUS,CS20230722_SUPT_0730,CCN20230722_SUPT,4,3017,cluster,#51663D,1,51
CS20230722_CLUS_3019,3019 PAG-SC Pou4f1 Zic1 Glut_1,CCN20230722_CLUS,CS20230722_SUPT_0730,CCN20230722_SUPT,4,3018,cluster,#663E2E,1,65
CS20230722_CLUS_3020,3020 PAG-SC Pou4f1 Zic1 Glut_1,CCN20230722_CLUS,CS20230722_SUPT_0730,CCN20230722_SUPT,4,3019,cluster,#983DCC,1,62
CS20230722_CLUS_3021,3021 PAG-SC Pou4f1 Zic1 Glut_2,CCN20230722_CLUS,CS20230722_SUPT_0731,CCN20230722_SUPT,4,3020,cluster,#5C7999,1,68
CS20230722_CLUS_3022,3022 PAG-SC Pou4f1 Zic1 Glut_2,CCN20230722_CLUS,CS20230722_SUPT_0731,CCN20230722_SUPT,4,3021,cluster,#4B9917,1,239
CS20230722_CLUS_3023,3023 PAG-SC Pou4f1 Zic1 Glut_2,CCN20230722_CLUS,CS20230722_SUPT_0731,CCN20230722_SUPT,4,3022,cluster,#00ABCC,1,155
CS20230722_CLUS_3024,3024 PAG-SC Pou4f1 Zic1 Glut_2,CCN20230722_CLUS,CS20230722_SUPT_0731,CCN20230722_SUPT,4,3023,cluster,#66000D,1,193
CS20230722_CLUS_3025,3025 PAG-SC Pou4f1 Zic1 Glut_2,CCN20230722_CLUS,CS20230722_SUPT_0731,CCN20230722_SUPT,4,3024,cluster,#523D66,1,132
CS20230722_CLUS_3026,3026 PAG-SC Pou4f1 Zic1 Glut_2,CCN20230722_CLUS,CS20230722_SUPT_0731,CCN20230722_SUPT,4,3025,cluster,#2F2E66,1,73
CS20230722_CLUS_3027,3027 PAG-SC Pou4f1 Zic1 Glut_2,CCN20230722_CLUS,CS20230722_SUPT_0731,CCN20230722_SUPT,4,3026,cluster,#99965C,1,203
CS20230722_CLUS_3028,3028 PAG-SC Pou4f1 Zic1 Glut_2,CCN20230722_CLUS,CS20230722_SUPT_0731,CCN20230722_SUPT,4,3027,cluster,#66562E,1,64
CS20230722_CLUS_3029,3029 PAG-SC Pou4f1 Zic1 Glut_2,CCN20230722_CLUS,CS20230722_SUPT_0731,CCN20230722_SUPT,4,3028,cluster,#26F9FF,1,351
CS20230722_CLUS_3030,3030 PAG-SC Pou4f1 Zic1 Glut_2,CCN20230722_CLUS,CS20230722_SUPT_0731,CCN20230722_SUPT,4,3029,cluster,#995C2E,1,45
CS20230722_CLUS_3031,3031 PAG-SC Pou4f1 Zic1 Glut_2,CCN20230722_CLUS,CS20230722_SUPT_0731,CCN20230722_SUPT,4,3030,cluster,#B9CC00,1,145
CS20230722_CLUS_3032,3032 PAG-SC Pou4f1 Zic1 Glut_2,CCN20230722_CLUS,CS20230722_SUPT_0731,CCN20230722_SUPT,4,3031,cluster,#4DFF90,1,251
CS20230722_CLUS_3033,3033 PAG-SC Pou4f1 Zic1 Glut_2,CCN20230722_CLUS,CS20230722_SUPT_0731,CCN20230722_SUPT,4,3032,cluster,#91CC7A,1,63
CS20230722_CLUS_3034,3034 PAG-SC Pou4f1 Zic1 Glut_2,CCN20230722_CLUS,CS20230722_SUPT_0731,CCN20230722_SUPT,4,3033,cluster,#720099,1,134
CS20230722_CLUS_3035,3035 PAG-SC Pou4f1 Zic1 Glut_3,CCN20230722_CLUS,CS20230722_SUPT_0732,CCN20230722_SUPT,4,3034,cluster,#1FCC8F,1,54
CS20230722_CLUS_3036,3036 PAG-SC Pou4f1 Zic1 Glut_3,CCN20230722_CLUS,CS20230722_SUPT_0732,CCN20230722_SUPT,4,3035,cluster,#5C6C99,1,66
CS20230722_CLUS_3037,3037 PAG-SC Pou4f1 Zic1 Glut_3,CCN20230722_CLUS,CS20230722_SUPT_0732,CCN20230722_SUPT,4,3036,cluster,#C699FF,1,82
CS20230722_CLUS_3038,3038 PAG-SC Pou4f1 Zic1 Glut_3,CCN20230722_CLUS,CS20230722_SUPT_0732,CCN20230722_SUPT,4,3037,cluster,#2F26FF,1,43
CS20230722_CLUS_3039,3039 PAG-SC Pou4f1 Zic1 Glut_3,CCN20230722_CLUS,CS20230722_SUPT_0732,CCN20230722_SUPT,4,3038,cluster,#00994B,1,128
CS20230722_CLUS_3040,3040 PAG-MRN Tfap2b Glut_1,CCN20230722_CLUS,CS20230722_SUPT_0733,CCN20230722_SUPT,4,3039,cluster,#37661F,1,46
CS20230722_CLUS_3041,3041 PAG-MRN Tfap2b Glut_1,CCN20230722_CLUS,CS20230722_SUPT_0733,CCN20230722_SUPT,4,3040,cluster,#FF00BF,1,89
CS20230722_CLUS_3042,3042 PAG-MRN Tfap2b Glut_1,CCN20230722_CLUS,CS20230722_SUPT_0733,CCN20230722_SUPT,4,3041,cluster,#26FFAD,1,93
CS20230722_CLUS_3043,3043 PAG-MRN Tfap2b Glut_1,CCN20230722_CLUS,CS20230722_SUPT_0733,CCN20230722_SUPT,4,3042,cluster,#331F66,1,30
CS20230722_CLUS_3044,3044 PAG-MRN Tfap2b Glut_1,CCN20230722_CLUS,CS20230722_SUPT_0733,CCN20230722_SUPT,4,3043,cluster,#CCB500,1,172
CS20230722_CLUS_3045,3045 PAG-MRN Tfap2b Glut_1,CCN20230722_CLUS,CS20230722_SUPT_0733,CCN20230722_SUPT,4,3044,cluster,#00662C,1,182
CS20230722_CLUS_3046,3046 PAG-MRN Tfap2b Glut_1,CCN20230722_CLUS,CS20230722_SUPT_0733,CCN20230722_SUPT,4,3045,cluster,#995C96,1,151
CS20230722_CLUS_3047,3047 PAG-MRN Tfap2b Glut_1,CCN20230722_CLUS,CS20230722_SUPT_0733,CCN20230722_SUPT,4,3046,cluster,#90992E,1,38
CS20230722_CLUS_3048,3048 PAG-MRN Tfap2b Glut_1,CCN20230722_CLUS,CS20230722_SUPT_0733,CCN20230722_SUPT,4,3047,cluster,#3D5DCC,1,42
CS20230722_CLUS_3049,3049 PAG-MRN Tfap2b Glut_1,CCN20230722_CLUS,CS20230722_SUPT_0733,CCN20230722_SUPT,4,3048,cluster,#B1CC3D,1,160
CS20230722_CLUS_3050,3050 PAG-MRN Tfap2b Glut_1,CCN20230722_CLUS,CS20230722_SUPT_0733,CCN20230722_SUPT,4,3049,cluster,#CC4700,1,88
CS20230722_CLUS_3051,3051 PAG-MRN Tfap2b Glut_1,CCN20230722_CLUS,CS20230722_SUPT_0733,CCN20230722_SUPT,4,3050,cluster,#E9FF99,1,67
CS20230722_CLUS_3052,3052 PAG-MRN Tfap2b Glut_1,CCN20230722_CLUS,CS20230722_SUPT_0733,CCN20230722_SUPT,4,3051,cluster,#AFCC5C,1,227
CS20230722_CLUS_3053,3053 PAG-MRN Tfap2b Glut_1,CCN20230722_CLUS,CS20230722_SUPT_0733,CCN20230722_SUPT,4,3052,cluster,#995C70,1,43
CS20230722_CLUS_3054,3054 PAG-MRN Tfap2b Glut_1,CCN20230722_CLUS,CS20230722_SUPT_0733,CCN20230722_SUPT,4,3053,cluster,#4DFFE8,1,144
CS20230722_CLUS_3055,3055 PAG-MRN Tfap2b Glut_1,CCN20230722_CLUS,CS20230722_SUPT_0733,CCN20230722_SUPT,4,3054,cluster,#00CC08,1,33
CS20230722_CLUS_3056,3056 PAG-MRN Tfap2b Glut_1,CCN20230722_CLUS,CS20230722_SUPT_0733,CCN20230722_SUPT,4,3055,cluster,#24661F,1,140
CS20230722_CLUS_3057,3057 PAG-MRN Tfap2b Glut_1,CCN20230722_CLUS,CS20230722_SUPT_0733,CCN20230722_SUPT,4,3056,cluster,#FF4526,1,121
CS20230722_CLUS_3058,3058 PAG-MRN Tfap2b Glut_1,CCN20230722_CLUS,CS20230722_SUPT_0733,CCN20230722_SUPT,4,3057,cluster,#009900,1,73
CS20230722_CLUS_3059,3059 PAG-MRN Tfap2b Glut_1,CCN20230722_CLUS,CS20230722_SUPT_0733,CCN20230722_SUPT,4,3058,cluster,#63CC5C,1,16
CS20230722_CLUS_3060,3060 PAG-MRN Tfap2b Glut_1,CCN20230722_CLUS,CS20230722_SUPT_0733,CCN20230722_SUPT,4,3059,cluster,#456F99,1,43
CS20230722_CLUS_3061,3061 PAG-MRN Tfap2b Glut_1,CCN20230722_CLUS,CS20230722_SUPT_0733,CCN20230722_SUPT,4,3060,cluster,#63FF26,1,47
CS20230722_CLUS_3062,3062 PAG-MRN Tfap2b Glut_1,CCN20230722_CLUS,CS20230722_SUPT_0733,CCN20230722_SUPT,4,3061,cluster,#73FF99,1,350
CS20230722_CLUS_3063,3063 PAG-MRN Tfap2b Glut_1,CCN20230722_CLUS,CS20230722_SUPT_0733,CCN20230722_SUPT,4,3062,cluster,#48661F,1,58
CS20230722_CLUS_3064,3064 PAG-MRN Tfap2b Glut_1,CCN20230722_CLUS,CS20230722_SUPT_0733,CCN20230722_SUPT,4,3063,cluster,#992E8F,1,236
CS20230722_CLUS_3065,3065 PAG-MRN Tfap2b Glut_1,CCN20230722_CLUS,CS20230722_SUPT_0733,CCN20230722_SUPT,4,3064,cluster,#994558,1,25
CS20230722_CLUS_3066,3066 PAG-MRN Tfap2b Glut_1,CCN20230722_CLUS,CS20230722_SUPT_0733,CCN20230722_SUPT,4,3065,cluster,#4D79FF,1,74
CS20230722_CLUS_3067,3067 PAG-MRN Tfap2b Glut_1,CCN20230722_CLUS,CS20230722_SUPT_0733,CCN20230722_SUPT,4,3066,cluster,#1F00CC,1,91
CS20230722_CLUS_3068,3068 PAG-MRN Tfap2b Glut_1,CCN20230722_CLUS,CS20230722_SUPT_0733,CCN20230722_SUPT,4,3067,cluster,#996045,1,96
CS20230722_CLUS_3069,3069 PAG-MRN Tfap2b Glut_1,CCN20230722_CLUS,CS20230722_SUPT_0733,CCN20230722_SUPT,4,3068,cluster,#1F6641,1,61
CS20230722_CLUS_3070,3070 PAG-MRN Tfap2b Glut_1,CCN20230722_CLUS,CS20230722_SUPT_0733,CCN20230722_SUPT,4,3069,cluster,#CC9100,1,99
CS20230722_CLUS_3071,3071 PAG-MRN Tfap2b Glut_1,CCN20230722_CLUS,CS20230722_SUPT_0733,CCN20230722_SUPT,4,3070,cluster,#724599,1,27
CS20230722_CLUS_3072,3072 PAG-MRN Tfap2b Glut_2,CCN20230722_CLUS,CS20230722_SUPT_0734,CCN20230722_SUPT,4,3071,cluster,#3D6665,1,218
CS20230722_CLUS_3073,3073 PAG-MRN Tfap2b Glut_2,CCN20230722_CLUS,CS20230722_SUPT_0734,CCN20230722_SUPT,4,3072,cluster,#93FF00,1,110
CS20230722_CLUS_3074,3074 PAG-MRN Tfap2b Glut_2,CCN20230722_CLUS,CS20230722_SUPT_0734,CCN20230722_SUPT,4,3073,cluster,#000866,1,62
CS20230722_CLUS_3075,3075 PAG-MRN Tfap2b Glut_2,CCN20230722_CLUS,CS20230722_SUPT_0734,CCN20230722_SUPT,4,3074,cluster,#66633D,1,89
CS20230722_CLUS_3076,3076 PAG-MRN Tfap2b Glut_2,CCN20230722_CLUS,CS20230722_SUPT_0734,CCN20230722_SUPT,4,3075,cluster,#3C661F,1,31
CS20230722_CLUS_3077,3077 PAG Pou4f1 Bnc2 Glut_1,CCN20230722_CLUS,CS20230722_SUPT_0735,CCN20230722_SUPT,4,3076,cluster,#DDFF99,1,68
CS20230722_CLUS_3078,3078 PAG Pou4f1 Bnc2 Glut_1,CCN20230722_CLUS,CS20230722_SUPT_0735,CCN20230722_SUPT,4,3077,cluster,#A83DCC,1,68
CS20230722_CLUS_3079,3079 PAG Pou4f1 Bnc2 Glut_1,CCN20230722_CLUS,CS20230722_SUPT_0735,CCN20230722_SUPT,4,3078,cluster,#662E47,1,49
CS20230722_CLUS_3080,3080 PAG Pou4f1 Bnc2 Glut_1,CCN20230722_CLUS,CS20230722_SUPT_0735,CCN20230722_SUPT,4,3079,cluster,#457999,1,108
CS20230722_CLUS_3081,3081 PAG Pou4f1 Bnc2 Glut_1,CCN20230722_CLUS,CS20230722_SUPT_0735,CCN20230722_SUPT,4,3080,cluster,#B37ACC,1,89
CS20230722_CLUS_3082,3082 PAG Pou4f1 Bnc2 Glut_1,CCN20230722_CLUS,CS20230722_SUPT_0735,CCN20230722_SUPT,4,3081,cluster,#CC7F1F,1,56
CS20230722_CLUS_3083,3083 PAG Pou4f1 Bnc2 Glut_1,CCN20230722_CLUS,CS20230722_SUPT_0735,CCN20230722_SUPT,4,3082,cluster,#A95CCC,1,42
CS20230722_CLUS_3084,3084 PAG Pou4f1 Bnc2 Glut_1,CCN20230722_CLUS,CS20230722_SUPT_0735,CCN20230722_SUPT,4,3083,cluster,#996845,1,38
CS20230722_CLUS_3085,3085 PAG Pou4f1 Bnc2 Glut_1,CCN20230722_CLUS,CS20230722_SUPT_0735,CCN20230722_SUPT,4,3084,cluster,#48663D,1,42
CS20230722_CLUS_3086,3086 PAG Pou4f1 Bnc2 Glut_1,CCN20230722_CLUS,CS20230722_SUPT_0735,CCN20230722_SUPT,4,3085,cluster,#3D3E66,1,196
CS20230722_CLUS_3087,3087 PAG Pou4f1 Bnc2 Glut_1,CCN20230722_CLUS,CS20230722_SUPT_0735,CCN20230722_SUPT,4,3086,cluster,#530099,1,81
CS20230722_CLUS_3088,3088 PAG Pou4f1 Bnc2 Glut_2,CCN20230722_CLUS,CS20230722_SUPT_0736,CCN20230722_SUPT,4,3087,cluster,#56661F,1,71
CS20230722_CLUS_3089,3089 PAG Pou4f1 Bnc2 Glut_2,CCN20230722_CLUS,CS20230722_SUPT_0736,CCN20230722_SUPT,4,3088,cluster,#179940,1,28
CS20230722_CLUS_3090,3090 PAG Pou4f1 Bnc2 Glut_2,CCN20230722_CLUS,CS20230722_SUPT_0736,CCN20230722_SUPT,4,3089,cluster,#310066,1,179
CS20230722_CLUS_3091,3091 PAG Pou4f1 Bnc2 Glut_2,CCN20230722_CLUS,CS20230722_SUPT_0736,CCN20230722_SUPT,4,3090,cluster,#A9FF99,1,47
CS20230722_CLUS_3092,3092 PAG Pou4f1 Bnc2 Glut_2,CCN20230722_CLUS,CS20230722_SUPT_0736,CCN20230722_SUPT,4,3091,cluster,#3DCC47,1,274
CS20230722_CLUS_3093,3093 PAG Pou4f1 Bnc2 Glut_2,CCN20230722_CLUS,CS20230722_SUPT_0736,CCN20230722_SUPT,4,3092,cluster,#C8CC5C,1,76
CS20230722_CLUS_3094,3094 PAG Pou4f1 Bnc2 Glut_2,CCN20230722_CLUS,CS20230722_SUPT_0736,CCN20230722_SUPT,4,3093,cluster,#1F0066,1,48
CS20230722_CLUS_3095,3095 PAG Pou4f1 Bnc2 Glut_2,CCN20230722_CLUS,CS20230722_SUPT_0736,CCN20230722_SUPT,4,3094,cluster,#FF00E7,1,49
CS20230722_CLUS_3096,3096 PAG Pou4f1 Bnc2 Glut_2,CCN20230722_CLUS,CS20230722_SUPT_0736,CCN20230722_SUPT,4,3095,cluster,#89CC1F,1,143
CS20230722_CLUS_3097,3097 PAG Pou4f1 Bnc2 Glut_2,CCN20230722_CLUS,CS20230722_SUPT_0736,CCN20230722_SUPT,4,3096,cluster,#5C9997,1,76
CS20230722_CLUS_3098,3098 PAG Pou4f1 Bnc2 Glut_2,CCN20230722_CLUS,CS20230722_SUPT_0736,CCN20230722_SUPT,4,3097,cluster,#7ACCC1,1,161
CS20230722_CLUS_3099,3099 PAG Pou4f1 Ebf2 Glut_1,CCN20230722_CLUS,CS20230722_SUPT_0737,CCN20230722_SUPT,4,3098,cluster,#5400FF,1,207
CS20230722_CLUS_3100,3100 PAG Pou4f1 Ebf2 Glut_1,CCN20230722_CLUS,CS20230722_SUPT_0737,CCN20230722_SUPT,4,3099,cluster,#1F49CC,1,91
CS20230722_CLUS_3101,3101 PAG Pou4f1 Ebf2 Glut_1,CCN20230722_CLUS,CS20230722_SUPT_0737,CCN20230722_SUPT,4,3100,cluster,#005966,1,127
CS20230722_CLUS_3102,3102 PAG Pou4f1 Ebf2 Glut_1,CCN20230722_CLUS,CS20230722_SUPT_0737,CCN20230722_SUPT,4,3101,cluster,#991791,1,94
CS20230722_CLUS_3103,3103 PAG Pou4f1 Ebf2 Glut_1,CCN20230722_CLUS,CS20230722_SUPT_0737,CCN20230722_SUPT,4,3102,cluster,#443DCC,1,105
CS20230722_CLUS_3104,3104 PAG Pou4f1 Ebf2 Glut_1,CCN20230722_CLUS,CS20230722_SUPT_0737,CCN20230722_SUPT,4,3103,cluster,#1FA7CC,1,47
CS20230722_CLUS_3105,3105 PAG Pou4f1 Ebf2 Glut_1,CCN20230722_CLUS,CS20230722_SUPT_0737,CCN20230722_SUPT,4,3104,cluster,#992500,1,73
CS20230722_CLUS_3106,3106 PAG Pou4f1 Ebf2 Glut_1,CCN20230722_CLUS,CS20230722_SUPT_0737,CCN20230722_SUPT,4,3105,cluster,#AACC3D,1,109
CS20230722_CLUS_3107,3107 PAG Pou4f1 Ebf2 Glut_1,CCN20230722_CLUS,CS20230722_SUPT_0737,CCN20230722_SUPT,4,3106,cluster,#641799,1,95
CS20230722_CLUS_3108,3108 PAG Pou4f1 Ebf2 Glut_1,CCN20230722_CLUS,CS20230722_SUPT_0737,CCN20230722_SUPT,4,3107,cluster,#179960,1,84
CS20230722_CLUS_3109,3109 PAG Pou4f1 Ebf2 Glut_2,CCN20230722_CLUS,CS20230722_SUPT_0738,CCN20230722_SUPT,4,3108,cluster,#0046CC,1,493
CS20230722_CLUS_3110,3110 PAG Pou4f1 Ebf2 Glut_2,CCN20230722_CLUS,CS20230722_SUPT_0738,CCN20230722_SUPT,4,3109,cluster,#CC5C1F,1,70
CS20230722_CLUS_3111,3111 PAG Pou4f1 Ebf2 Glut_2,CCN20230722_CLUS,CS20230722_SUPT_0738,CCN20230722_SUPT,4,3110,cluster,#2E9979,1,98
CS20230722_CLUS_3112,3112 PAG Pou4f1 Ebf2 Glut_2,CCN20230722_CLUS,CS20230722_SUPT_0738,CCN20230722_SUPT,4,3111,cluster,#66001D,1,124
CS20230722_CLUS_3113,3113 PAG Pou4f1 Ebf2 Glut_2,CCN20230722_CLUS,CS20230722_SUPT_0738,CCN20230722_SUPT,4,3112,cluster,#660F31,1,139
CS20230722_CLUS_3114,3114 PAG Pou4f1 Ebf2 Glut_2,CCN20230722_CLUS,CS20230722_SUPT_0738,CCN20230722_SUPT,4,3113,cluster,#009937,1,365
CS20230722_CLUS_3115,3115 PAG Pou4f1 Ebf2 Glut_2,CCN20230722_CLUS,CS20230722_SUPT_0738,CCN20230722_SUPT,4,3114,cluster,#2E665B,1,121
CS20230722_CLUS_3116,3116 PAG Pou4f1 Ebf2 Glut_2,CCN20230722_CLUS,CS20230722_SUPT_0738,CCN20230722_SUPT,4,3115,cluster,#43FF00,1,294
CS20230722_CLUS_3117,3117 PAG Pou4f1 Ebf2 Glut_2,CCN20230722_CLUS,CS20230722_SUPT_0738,CCN20230722_SUPT,4,3116,cluster,#FFF44D,1,255
CS20230722_CLUS_3118,3118 PAG Pou4f1 Ebf2 Glut_3,CCN20230722_CLUS,CS20230722_SUPT_0739,CCN20230722_SUPT,4,3117,cluster,#4DFFD0,1,225
CS20230722_CLUS_3119,3119 PAG Pou4f1 Ebf2 Glut_3,CCN20230722_CLUS,CS20230722_SUPT_0739,CCN20230722_SUPT,4,3118,cluster,#66652E,1,78
CS20230722_CLUS_3120,3120 PAG Pou4f1 Ebf2 Glut_3,CCN20230722_CLUS,CS20230722_SUPT_0739,CCN20230722_SUPT,4,3119,cluster,#660034,1,98
CS20230722_CLUS_3121,3121 PAG Pou4f1 Ebf2 Glut_3,CCN20230722_CLUS,CS20230722_SUPT_0739,CCN20230722_SUPT,4,3120,cluster,#CC008E,1,105
CS20230722_CLUS_3122,3122 PAG Pou4f1 Ebf2 Glut_3,CCN20230722_CLUS,CS20230722_SUPT_0739,CCN20230722_SUPT,4,3121,cluster,#17994F,1,151
CS20230722_CLUS_3123,3123 PAG Pou4f1 Ebf2 Glut_3,CCN20230722_CLUS,CS20230722_SUPT_0739,CCN20230722_SUPT,4,3122,cluster,#4DA9FF,1,263
CS20230722_CLUS_3124,3124 PAG Pou4f1 Ebf2 Glut_4,CCN20230722_CLUS,CS20230722_SUPT_0740,CCN20230722_SUPT,4,3123,cluster,#5C9998,1,25
CS20230722_CLUS_3125,3125 PAG Pou4f1 Ebf2 Glut_4,CCN20230722_CLUS,CS20230722_SUPT_0740,CCN20230722_SUPT,4,3124,cluster,#7100FF,1,51
CS20230722_CLUS_3126,3126 PAG Pou4f1 Ebf2 Glut_4,CCN20230722_CLUS,CS20230722_SUPT_0740,CCN20230722_SUPT,4,3125,cluster,#7ACC8F,1,57
CS20230722_CLUS_3127,3127 PAG Pou4f1 Ebf2 Glut_4,CCN20230722_CLUS,CS20230722_SUPT_0740,CCN20230722_SUPT,4,3126,cluster,#00CC3A,1,145
CS20230722_CLUS_3128,3128 PAG Pou4f1 Ebf2 Glut_4,CCN20230722_CLUS,CS20230722_SUPT_0740,CCN20230722_SUPT,4,3127,cluster,#94CC3D,1,146
CS20230722_CLUS_3129,3129 PAG Pou4f1 Ebf2 Glut_4,CCN20230722_CLUS,CS20230722_SUPT_0740,CCN20230722_SUPT,4,3128,cluster,#99C4FF,1,241
CS20230722_CLUS_3130,3130 PAG Pou4f1 Ebf2 Glut_4,CCN20230722_CLUS,CS20230722_SUPT_0740,CCN20230722_SUPT,4,3129,cluster,#5C663D,1,335
CS20230722_CLUS_3131,3131 PAG Pou4f1 Ebf2 Glut_4,CCN20230722_CLUS,CS20230722_SUPT_0740,CCN20230722_SUPT,4,3130,cluster,#764599,1,207
CS20230722_CLUS_3132,3132 PAG Pou4f1 Ebf2 Glut_5,CCN20230722_CLUS,CS20230722_SUPT_0741,CCN20230722_SUPT,4,3131,cluster,#000ECC,1,661
CS20230722_CLUS_3133,3133 PAG Pou4f1 Ebf2 Glut_5,CCN20230722_CLUS,CS20230722_SUPT_0741,CCN20230722_SUPT,4,3132,cluster,#4DFF80,1,259
CS20230722_CLUS_3134,3134 PAG Pou4f1 Ebf2 Glut_6,CCN20230722_CLUS,CS20230722_SUPT_0742,CCN20230722_SUPT,4,3133,cluster,#B05CCC,1,90
CS20230722_CLUS_3135,3135 PAG Pou4f1 Ebf2 Glut_6,CCN20230722_CLUS,CS20230722_SUPT_0742,CCN20230722_SUPT,4,3134,cluster,#CCC17A,1,164
CS20230722_CLUS_3136,3136 PAG Pou4f1 Ebf2 Glut_6,CCN20230722_CLUS,CS20230722_SUPT_0742,CCN20230722_SUPT,4,3135,cluster,#562E66,1,472
CS20230722_CLUS_3137,3137 PAG Pou4f1 Ebf2 Glut_6,CCN20230722_CLUS,CS20230722_SUPT_0742,CCN20230722_SUPT,4,3136,cluster,#FF99CA,1,109
CS20230722_CLUS_3138,3138 PAG Pou4f1 Ebf2 Glut_7,CCN20230722_CLUS,CS20230722_SUPT_0743,CCN20230722_SUPT,4,3137,cluster,#CC6B5C,1,32
CS20230722_CLUS_3139,3139 PAG Pou4f1 Ebf2 Glut_7,CCN20230722_CLUS,CS20230722_SUPT_0743,CCN20230722_SUPT,4,3138,cluster,#CF73FF,1,75
CS20230722_CLUS_3140,3140 PAG Pou4f1 Ebf2 Glut_7,CCN20230722_CLUS,CS20230722_SUPT_0743,CCN20230722_SUPT,4,3139,cluster,#5CCCAD,1,52
CS20230722_CLUS_3141,3141 PAG Pou4f1 Ebf2 Glut_7,CCN20230722_CLUS,CS20230722_SUPT_0743,CCN20230722_SUPT,4,3140,cluster,#6C992E,1,75
CS20230722_CLUS_3142,3142 PAG Pou4f1 Ebf2 Glut_8,CCN20230722_CLUS,CS20230722_SUPT_0744,CCN20230722_SUPT,4,3141,cluster,#2E9958,1,83
CS20230722_CLUS_3143,3143 PAG Pou4f2 Glut_1,CCN20230722_CLUS,CS20230722_SUPT_0745,CCN20230722_SUPT,4,3142,cluster,#66660F,1,151
CS20230722_CLUS_3144,3144 PAG Pou4f2 Glut_1,CCN20230722_CLUS,CS20230722_SUPT_0745,CCN20230722_SUPT,4,3143,cluster,#CC7AAA,1,144
CS20230722_CLUS_3145,3145 PAG Pou4f2 Glut_1,CCN20230722_CLUS,CS20230722_SUPT_0745,CCN20230722_SUPT,4,3144,cluster,#FF99F4,1,94
CS20230722_CLUS_3146,3146 PAG Pou4f2 Glut_1,CCN20230722_CLUS,CS20230722_SUPT_0745,CCN20230722_SUPT,4,3145,cluster,#1F45CC,1,188
CS20230722_CLUS_3147,3147 PAG Pou4f2 Glut_1,CCN20230722_CLUS,CS20230722_SUPT_0745,CCN20230722_SUPT,4,3146,cluster,#663A2E,1,182
CS20230722_CLUS_3148,3148 PAG Pou4f2 Glut_1,CCN20230722_CLUS,CS20230722_SUPT_0745,CCN20230722_SUPT,4,3147,cluster,#3A9917,1,49
CS20230722_CLUS_3149,3149 PAG Pou4f2 Glut_1,CCN20230722_CLUS,CS20230722_SUPT_0745,CCN20230722_SUPT,4,3148,cluster,#0030FF,1,28
CS20230722_CLUS_3150,3150 PAG Pou4f2 Glut_1,CCN20230722_CLUS,CS20230722_SUPT_0745,CCN20230722_SUPT,4,3149,cluster,#999AFF,1,45
CS20230722_CLUS_3151,3151 PAG Pou4f2 Glut_1,CCN20230722_CLUS,CS20230722_SUPT_0745,CCN20230722_SUPT,4,3150,cluster,#ABFF99,1,120
CS20230722_CLUS_3152,3152 PAG Pou4f2 Glut_1,CCN20230722_CLUS,CS20230722_SUPT_0745,CCN20230722_SUPT,4,3151,cluster,#99004B,1,1312
CS20230722_CLUS_3153,3153 PAG Pou4f2 Glut_1,CCN20230722_CLUS,CS20230722_SUPT_0745,CCN20230722_SUPT,4,3152,cluster,#4B2E66,1,107
CS20230722_CLUS_3154,3154 PAG Pou4f2 Glut_1,CCN20230722_CLUS,CS20230722_SUPT_0745,CCN20230722_SUPT,4,3153,cluster,#2E663D,1,70
CS20230722_CLUS_3155,3155 PAG Pou4f2 Glut_1,CCN20230722_CLUS,CS20230722_SUPT_0745,CCN20230722_SUPT,4,3154,cluster,#2E3299,1,167
CS20230722_CLUS_3156,3156 PAG Pou4f2 Glut_2,CCN20230722_CLUS,CS20230722_SUPT_0746,CCN20230722_SUPT,4,3155,cluster,#459992,1,236
CS20230722_CLUS_3157,3157 PAG Pou4f2 Glut_2,CCN20230722_CLUS,CS20230722_SUPT_0746,CCN20230722_SUPT,4,3156,cluster,#FF1800,1,339
CS20230722_CLUS_3158,3158 PAG Pou4f2 Glut_2,CCN20230722_CLUS,CS20230722_SUPT_0746,CCN20230722_SUPT,4,3157,cluster,#71995C,1,137
CS20230722_CLUS_3159,3159 PAG Pou4f2 Glut_2,CCN20230722_CLUS,CS20230722_SUPT_0746,CCN20230722_SUPT,4,3158,cluster,#5D3D66,1,178
CS20230722_CLUS_3160,3160 PAG Pou4f2 Glut_2,CCN20230722_CLUS,CS20230722_SUPT_0746,CCN20230722_SUPT,4,3159,cluster,#996E5C,1,71
CS20230722_CLUS_3161,3161 PAG Pou4f2 Glut_2,CCN20230722_CLUS,CS20230722_SUPT_0746,CCN20230722_SUPT,4,3160,cluster,#85CC1F,1,191
CS20230722_CLUS_3162,3162 PAG Pou4f2 Glut_3,CCN20230722_CLUS,CS20230722_SUPT_0747,CCN20230722_SUPT,4,3161,cluster,#CC7F5C,1,88
CS20230722_CLUS_3163,3163 PAG Pou4f2 Glut_3,CCN20230722_CLUS,CS20230722_SUPT_0747,CCN20230722_SUPT,4,3162,cluster,#3DCC97,1,85
CS20230722_CLUS_3164,3164 PAG Pou4f2 Glut_3,CCN20230722_CLUS,CS20230722_SUPT_0747,CCN20230722_SUPT,4,3163,cluster,#009911,1,162
CS20230722_CLUS_3165,3165 PAG Pou4f2 Glut_3,CCN20230722_CLUS,CS20230722_SUPT_0747,CCN20230722_SUPT,4,3164,cluster,#66561F,1,236
CS20230722_CLUS_3166,3166 PAG Pou4f2 Glut_3,CCN20230722_CLUS,CS20230722_SUPT_0747,CCN20230722_SUPT,4,3165,cluster,#D54DFF,1,161
CS20230722_CLUS_3167,3167 PAG Pou4f2 Glut_4,CCN20230722_CLUS,CS20230722_SUPT_0748,CCN20230722_SUPT,4,3166,cluster,#179946,1,67
CS20230722_CLUS_3168,3168 PAG Pou4f2 Glut_4,CCN20230722_CLUS,CS20230722_SUPT_0748,CCN20230722_SUPT,4,3167,cluster,#1F6166,1,46
CS20230722_CLUS_3169,3169 PAG Pou4f2 Glut_4,CCN20230722_CLUS,CS20230722_SUPT_0748,CCN20230722_SUPT,4,3168,cluster,#3DCCAB,1,109
CS20230722_CLUS_3170,3170 PAG Pou4f2 Glut_4,CCN20230722_CLUS,CS20230722_SUPT_0748,CCN20230722_SUPT,4,3169,cluster,#9ECC3D,1,384
CS20230722_CLUS_3171,3171 PAG Pou4f2 Glut_4,CCN20230722_CLUS,CS20230722_SUPT_0748,CCN20230722_SUPT,4,3170,cluster,#97CC3D,1,176
CS20230722_CLUS_3172,3172 PAG Pou4f2 Glut_5,CCN20230722_CLUS,CS20230722_SUPT_0749,CCN20230722_SUPT,4,3171,cluster,#2E4566,1,765
CS20230722_CLUS_3173,3173 PAG Pou4f2 Glut_5,CCN20230722_CLUS,CS20230722_SUPT_0749,CCN20230722_SUPT,4,3172,cluster,#00BAFF,1,250
CS20230722_CLUS_3174,3174 PAG Pou4f2 Glut_5,CCN20230722_CLUS,CS20230722_SUPT_0749,CCN20230722_SUPT,4,3173,cluster,#664900,1,204
CS20230722_CLUS_3175,3175 PAG Pou4f2 Glut_5,CCN20230722_CLUS,CS20230722_SUPT_0749,CCN20230722_SUPT,4,3174,cluster,#17993A,1,60
CS20230722_CLUS_3176,3176 PAG Pou4f2 Mesi2 Glut_1,CCN20230722_CLUS,CS20230722_SUPT_0750,CCN20230722_SUPT,4,3175,cluster,#F9FF99,1,245
CS20230722_CLUS_3177,3177 PAG Pou4f2 Mesi2 Glut_1,CCN20230722_CLUS,CS20230722_SUPT_0750,CCN20230722_SUPT,4,3176,cluster,#CC1F39,1,177
CS20230722_CLUS_3178,3178 PAG Pou4f2 Mesi2 Glut_1,CCN20230722_CLUS,CS20230722_SUPT_0750,CCN20230722_SUPT,4,3177,cluster,#CCA03D,1,61
CS20230722_CLUS_3179,3179 PAG Pou4f2 Mesi2 Glut_1,CCN20230722_CLUS,CS20230722_SUPT_0750,CCN20230722_SUPT,4,3178,cluster,#73AEFF,1,39
CS20230722_CLUS_3180,3180 PAG Pou4f2 Mesi2 Glut_1,CCN20230722_CLUS,CS20230722_SUPT_0750,CCN20230722_SUPT,4,3179,cluster,#3DCC7E,1,136
CS20230722_CLUS_3181,3181 PAG Pou4f2 Mesi2 Glut_2,CCN20230722_CLUS,CS20230722_SUPT_0751,CCN20230722_SUPT,4,3180,cluster,#5CCCBF,1,724
CS20230722_CLUS_3182,3182 PAG Pou4f2 Mesi2 Glut_2,CCN20230722_CLUS,CS20230722_SUPT_0751,CCN20230722_SUPT,4,3181,cluster,#BF99FF,1,129
CS20230722_CLUS_3183,3183 PAG Pou4f2 Mesi2 Glut_2,CCN20230722_CLUS,CS20230722_SUPT_0751,CCN20230722_SUPT,4,3182,cluster,#992E75,1,318
CS20230722_CLUS_3184,3184 PAG Pou4f2 Mesi2 Glut_2,CCN20230722_CLUS,CS20230722_SUPT_0751,CCN20230722_SUPT,4,3183,cluster,#73EDFF,1,132
CS20230722_CLUS_3185,3185 PAG Pou4f2 Mesi2 Glut_2,CCN20230722_CLUS,CS20230722_SUPT_0751,CCN20230722_SUPT,4,3184,cluster,#CC1F3D,1,68
CS20230722_CLUS_3186,3186 PAG Pou4f2 Mesi2 Glut_2,CCN20230722_CLUS,CS20230722_SUPT_0751,CCN20230722_SUPT,4,3185,cluster,#CCBA3D,1,205
CS20230722_CLUS_3187,3187 PAG Pou4f2 Mesi2 Glut_2,CCN20230722_CLUS,CS20230722_SUPT_0751,CCN20230722_SUPT,4,3186,cluster,#662E5B,1,115
CS20230722_CLUS_3188,3188 PAG Pou4f2 Mesi2 Glut_3,CCN20230722_CLUS,CS20230722_SUPT_0752,CCN20230722_SUPT,4,3187,cluster,#0064FF,1,180
CS20230722_CLUS_3189,3189 PAG Pou4f2 Mesi2 Glut_3,CCN20230722_CLUS,CS20230722_SUPT_0752,CCN20230722_SUPT,4,3188,cluster,#660F23,1,178
CS20230722_CLUS_3190,3190 PAG Pou4f2 Mesi2 Glut_3,CCN20230722_CLUS,CS20230722_SUPT_0752,CCN20230722_SUPT,4,3189,cluster,#FF00F2,1,491
CS20230722_CLUS_3191,3191 PAG Pou4f2 Mesi2 Glut_3,CCN20230722_CLUS,CS20230722_SUPT_0752,CCN20230722_SUPT,4,3190,cluster,#4DB9FF,1,123
CS20230722_CLUS_3192,3192 PAG Pou4f2 Mesi2 Glut_3,CCN20230722_CLUS,CS20230722_SUPT_0752,CCN20230722_SUPT,4,3191,cluster,#5B663D,1,190
CS20230722_CLUS_3193,3193 PAG Pou4f2 Mesi2 Glut_4,CCN20230722_CLUS,CS20230722_SUPT_0753,CCN20230722_SUPT,4,3192,cluster,#FF4126,1,81
CS20230722_CLUS_3194,3194 PAG Pou4f2 Mesi2 Glut_4,CCN20230722_CLUS,CS20230722_SUPT_0753,CCN20230722_SUPT,4,3193,cluster,#A5FF73,1,132
CS20230722_CLUS_3195,3195 PAG Pou4f2 Mesi2 Glut_4,CCN20230722_CLUS,CS20230722_SUPT_0753,CCN20230722_SUPT,4,3194,cluster,#6900CC,1,167
CS20230722_CLUS_3196,3196 PAG Pou4f2 Mesi2 Glut_5,CCN20230722_CLUS,CS20230722_SUPT_0754,CCN20230722_SUPT,4,3195,cluster,#3D4CCC,1,79
CS20230722_CLUS_3197,3197 PAG Pou4f2 Mesi2 Glut_5,CCN20230722_CLUS,CS20230722_SUPT_0754,CCN20230722_SUPT,4,3196,cluster,#00CC23,1,33
CS20230722_CLUS_3198,3198 PAG Pou4f2 Mesi2 Glut_5,CCN20230722_CLUS,CS20230722_SUPT_0754,CCN20230722_SUPT,4,3197,cluster,#459953,1,121
CS20230722_CLUS_3199,3199 PAG Pou4f2 Mesi2 Glut_5,CCN20230722_CLUS,CS20230722_SUPT_0754,CCN20230722_SUPT,4,3198,cluster,#CC5CA1,1,212
CS20230722_CLUS_3200,3200 PAG Pou4f2 Mesi2 Glut_6,CCN20230722_CLUS,CS20230722_SUPT_0755,CCN20230722_SUPT,4,3199,cluster,#FFED00,1,365
CS20230722_CLUS_3201,3201 PAG Pou4f2 Mesi2 Glut_6,CCN20230722_CLUS,CS20230722_SUPT_0755,CCN20230722_SUPT,4,3200,cluster,#00FFD1,1,304
CS20230722_CLUS_3202,3202 PAG Pou4f2 Mesi2 Glut_6,CCN20230722_CLUS,CS20230722_SUPT_0755,CCN20230722_SUPT,4,3201,cluster,#5C65CC,1,71
CS20230722_CLUS_3203,3203 SC Bnc2 Glut_1,CCN20230722_CLUS,CS20230722_SUPT_0756,CCN20230722_SUPT,4,3202,cluster,#CC831F,1,242
CS20230722_CLUS_3204,3204 SC Bnc2 Glut_2,CCN20230722_CLUS,CS20230722_SUPT_0757,CCN20230722_SUPT,4,3203,cluster,#11660F,1,227
CS20230722_CLUS_3205,3205 SC Bnc2 Glut_2,CCN20230722_CLUS,CS20230722_SUPT_0757,CCN20230722_SUPT,4,3204,cluster,#664C0F,1,258
CS20230722_CLUS_3206,3206 SC Bnc2 Glut_3,CCN20230722_CLUS,CS20230722_SUPT_0758,CCN20230722_SUPT,4,3205,cluster,#ABCC7A,1,143
CS20230722_CLUS_3207,3207 SC Bnc2 Glut_3,CCN20230722_CLUS,CS20230722_SUPT_0758,CCN20230722_SUPT,4,3206,cluster,#005D66,1,314
CS20230722_CLUS_3208,3208 SC Bnc2 Glut_3,CCN20230722_CLUS,CS20230722_SUPT_0758,CCN20230722_SUPT,4,3207,cluster,#0F1666,1,45
CS20230722_CLUS_3209,3209 SC Bnc2 Glut_4,CCN20230722_CLUS,CS20230722_SUPT_0759,CCN20230722_SUPT,4,3208,cluster,#3DC3CC,1,175
CS20230722_CLUS_3210,3210 SC Bnc2 Glut_4,CCN20230722_CLUS,CS20230722_SUPT_0759,CCN20230722_SUPT,4,3209,cluster,#00996E,1,77
CS20230722_CLUS_3211,3211 SCig Foxb1 Glut_1,CCN20230722_CLUS,CS20230722_SUPT_0760,CCN20230722_SUPT,4,3210,cluster,#A8CC1F,1,496
CS20230722_CLUS_3212,3212 SCig Foxb1 Glut_1,CCN20230722_CLUS,CS20230722_SUPT_0760,CCN20230722_SUPT,4,3211,cluster,#002ACC,1,358
CS20230722_CLUS_3213,3213 SCig Foxb1 Glut_1,CCN20230722_CLUS,CS20230722_SUPT_0760,CCN20230722_SUPT,4,3212,cluster,#36660F,1,165
CS20230722_CLUS_3214,3214 SCig Foxb1 Glut_1,CCN20230722_CLUS,CS20230722_SUPT_0760,CCN20230722_SUPT,4,3213,cluster,#FEFF73,1,318
CS20230722_CLUS_3215,3215 SCig Foxb1 Glut_1,CCN20230722_CLUS,CS20230722_SUPT_0760,CCN20230722_SUPT,4,3214,cluster,#1FCCAF,1,258
CS20230722_CLUS_3216,3216 SCig Foxb1 Glut_1,CCN20230722_CLUS,CS20230722_SUPT_0760,CCN20230722_SUPT,4,3215,cluster,#98CC5C,1,361
CS20230722_CLUS_3217,3217 SCig Foxb1 Glut_1,CCN20230722_CLUS,CS20230722_SUPT_0760,CCN20230722_SUPT,4,3216,cluster,#7ACC95,1,851
CS20230722_CLUS_3218,3218 SCig Foxb1 Glut_1,CCN20230722_CLUS,CS20230722_SUPT_0760,CCN20230722_SUPT,4,3217,cluster,#00AFCC,1,78
CS20230722_CLUS_3219,3219 SCig Foxb1 Glut_1,CCN20230722_CLUS,CS20230722_SUPT_0760,CCN20230722_SUPT,4,3218,cluster,#5C86CC,1,147
CS20230722_CLUS_3220,3220 SCig Foxb1 Glut_1,CCN20230722_CLUS,CS20230722_SUPT_0760,CCN20230722_SUPT,4,3219,cluster,#269CFF,1,164
CS20230722_CLUS_3221,3221 SCig Foxb1 Glut_2,CCN20230722_CLUS,CS20230722_SUPT_0761,CCN20230722_SUPT,4,3220,cluster,#73C7FF,1,245
CS20230722_CLUS_3222,3222 SCig Foxb1 Glut_2,CCN20230722_CLUS,CS20230722_SUPT_0761,CCN20230722_SUPT,4,3221,cluster,#3B662E,1,234
CS20230722_CLUS_3223,3223 SCig Foxb1 Glut_2,CCN20230722_CLUS,CS20230722_SUPT_0761,CCN20230722_SUPT,4,3222,cluster,#1FCCB6,1,213
CS20230722_CLUS_3224,3224 SCig Foxb1 Glut_2,CCN20230722_CLUS,CS20230722_SUPT_0761,CCN20230722_SUPT,4,3223,cluster,#945C99,1,213
CS20230722_CLUS_3225,3225 SCig Foxb1 Glut_2,CCN20230722_CLUS,CS20230722_SUPT_0761,CCN20230722_SUPT,4,3224,cluster,#99B4FF,1,69
CS20230722_CLUS_3226,3226 SCig Foxb1 Glut_2,CCN20230722_CLUS,CS20230722_SUPT_0761,CCN20230722_SUPT,4,3225,cluster,#37992E,1,111
CS20230722_CLUS_3227,3227 SCig Foxb1 Glut_3,CCN20230722_CLUS,CS20230722_SUPT_0762,CCN20230722_SUPT,4,3226,cluster,#4C2E66,1,173
CS20230722_CLUS_3228,3228 SCig Foxb1 Glut_3,CCN20230722_CLUS,CS20230722_SUPT_0762,CCN20230722_SUPT,4,3227,cluster,#66221F,1,54
CS20230722_CLUS_3229,3229 SCig Foxb1 Glut_3,CCN20230722_CLUS,CS20230722_SUPT_0762,CCN20230722_SUPT,4,3228,cluster,#FF8573,1,278
CS20230722_CLUS_3230,3230 SCig Foxb1 Glut_3,CCN20230722_CLUS,CS20230722_SUPT_0762,CCN20230722_SUPT,4,3229,cluster,#179499,1,200
CS20230722_CLUS_3231,3231 SCig Foxb1 Glut_3,CCN20230722_CLUS,CS20230722_SUPT_0762,CCN20230722_SUPT,4,3230,cluster,#ED99FF,1,425
CS20230722_CLUS_3232,3232 SCig Foxb1 Glut_3,CCN20230722_CLUS,CS20230722_SUPT_0762,CCN20230722_SUPT,4,3231,cluster,#65CC5C,1,292
CS20230722_CLUS_3233,3233 SCig Foxb1 Glut_3,CCN20230722_CLUS,CS20230722_SUPT_0762,CCN20230722_SUPT,4,3232,cluster,#003799,1,185
CS20230722_CLUS_3234,3234 SCig Foxb1 Glut_4,CCN20230722_CLUS,CS20230722_SUPT_0763,CCN20230722_SUPT,4,3233,cluster,#989900,1,63
CS20230722_CLUS_3235,3235 SCig Foxb1 Glut_4,CCN20230722_CLUS,CS20230722_SUPT_0763,CCN20230722_SUPT,4,3234,cluster,#3D53CC,1,50
CS20230722_CLUS_3236,3236 SCig Foxb1 Glut_4,CCN20230722_CLUS,CS20230722_SUPT_0763,CCN20230722_SUPT,4,3235,cluster,#CC291F,1,349
CS20230722_CLUS_3237,3237 SCig Foxb1 Glut_4,CCN20230722_CLUS,CS20230722_SUPT_0763,CCN20230722_SUPT,4,3236,cluster,#456600,1,132
CS20230722_CLUS_3238,3238 SCig Foxb1 Glut_4,CCN20230722_CLUS,CS20230722_SUPT_0763,CCN20230722_SUPT,4,3237,cluster,#361F66,1,141
CS20230722_CLUS_3239,3239 SCig Foxb1 Glut_4,CCN20230722_CLUS,CS20230722_SUPT_0763,CCN20230722_SUPT,4,3238,cluster,#FE73FF,1,118
CS20230722_CLUS_3240,3240 SCig Foxb1 Glut_4,CCN20230722_CLUS,CS20230722_SUPT_0763,CCN20230722_SUPT,4,3239,cluster,#FFB873,1,42
CS20230722_CLUS_3241,3241 SCig-an-PPT Foxb1 Glut_1,CCN20230722_CLUS,CS20230722_SUPT_0764,CCN20230722_SUPT,4,3240,cluster,#FBFF99,1,114
CS20230722_CLUS_3242,3242 SCig-an-PPT Foxb1 Glut_1,CCN20230722_CLUS,CS20230722_SUPT_0764,CCN20230722_SUPT,4,3241,cluster,#998A5C,1,199
CS20230722_CLUS_3243,3243 SCig-an-PPT Foxb1 Glut_1,CCN20230722_CLUS,CS20230722_SUPT_0764,CCN20230722_SUPT,4,3242,cluster,#662E57,1,49
CS20230722_CLUS_3244,3244 SCig-an-PPT Foxb1 Glut_1,CCN20230722_CLUS,CS20230722_SUPT_0764,CCN20230722_SUPT,4,3243,cluster,#99FF73,1,92
CS20230722_CLUS_3245,3245 SCig-an-PPT Foxb1 Glut_1,CCN20230722_CLUS,CS20230722_SUPT_0764,CCN20230722_SUPT,4,3244,cluster,#5C83CC,1,249
CS20230722_CLUS_3246,3246 SCig-an-PPT Foxb1 Glut_1,CCN20230722_CLUS,CS20230722_SUPT_0764,CCN20230722_SUPT,4,3245,cluster,#993A17,1,130
CS20230722_CLUS_3247,3247 SCig-an-PPT Foxb1 Glut_1,CCN20230722_CLUS,CS20230722_SUPT_0764,CCN20230722_SUPT,4,3246,cluster,#0C0066,1,205
CS20230722_CLUS_3248,3248 SCig-an-PPT Foxb1 Glut_1,CCN20230722_CLUS,CS20230722_SUPT_0764,CCN20230722_SUPT,4,3247,cluster,#CC3D59,1,87
CS20230722_CLUS_3249,3249 SCig-an-PPT Foxb1 Glut_1,CCN20230722_CLUS,CS20230722_SUPT_0764,CCN20230722_SUPT,4,3248,cluster,#995C89,1,987
CS20230722_CLUS_3250,3250 SCig-an-PPT Foxb1 Glut_1,CCN20230722_CLUS,CS20230722_SUPT_0764,CCN20230722_SUPT,4,3249,cluster,#FFD173,1,76
CS20230722_CLUS_3251,3251 SCig-an-PPT Foxb1 Glut_1,CCN20230722_CLUS,CS20230722_SUPT_0764,CCN20230722_SUPT,4,3250,cluster,#45995B,1,16
CS20230722_CLUS_3252,3252 SCig Foxb1 Otx2 Glut_1,CCN20230722_CLUS,CS20230722_SUPT_0765,CCN20230722_SUPT,4,3251,cluster,#99662E,1,53
CS20230722_CLUS_3253,3253 SCig Foxb1 Otx2 Glut_1,CCN20230722_CLUS,CS20230722_SUPT_0765,CCN20230722_SUPT,4,3252,cluster,#3D6655,1,187
CS20230722_CLUS_3254,3254 SCig Foxb1 Otx2 Glut_1,CCN20230722_CLUS,CS20230722_SUPT_0765,CCN20230722_SUPT,4,3253,cluster,#995C67,1,59
CS20230722_CLUS_3255,3255 SCig Foxb1 Otx2 Glut_1,CCN20230722_CLUS,CS20230722_SUPT_0765,CCN20230722_SUPT,4,3254,cluster,#4D8DFF,1,67
CS20230722_CLUS_3256,3256 SCdg-PAG Tfap2b Glut_1,CCN20230722_CLUS,CS20230722_SUPT_0766,CCN20230722_SUPT,4,3255,cluster,#996645,1,182
CS20230722_CLUS_3257,3257 SCdg-PAG Tfap2b Glut_1,CCN20230722_CLUS,CS20230722_SUPT_0766,CCN20230722_SUPT,4,3256,cluster,#FF26EA,1,52
CS20230722_CLUS_3258,3258 SCdg-PAG Tfap2b Glut_1,CCN20230722_CLUS,CS20230722_SUPT_0766,CCN20230722_SUPT,4,3257,cluster,#663D5F,1,203
CS20230722_CLUS_3259,3259 SCdg-PAG Tfap2b Glut_1,CCN20230722_CLUS,CS20230722_SUPT_0766,CCN20230722_SUPT,4,3258,cluster,#2E3766,1,286
CS20230722_CLUS_3260,3260 SCdg-PAG Tfap2b Glut_1,CCN20230722_CLUS,CS20230722_SUPT_0766,CCN20230722_SUPT,4,3259,cluster,#CC5500,1,300
CS20230722_CLUS_3261,3261 SCdg-PAG Tfap2b Glut_1,CCN20230722_CLUS,CS20230722_SUPT_0766,CCN20230722_SUPT,4,3260,cluster,#61663D,1,320
CS20230722_CLUS_3262,3262 SCdg-PAG Tfap2b Glut_1,CCN20230722_CLUS,CS20230722_SUPT_0766,CCN20230722_SUPT,4,3261,cluster,#910099,1,408
CS20230722_CLUS_3263,3263 SCiw Pitx2 Glut_1,CCN20230722_CLUS,CS20230722_SUPT_0767,CCN20230722_SUPT,4,3262,cluster,#2E995F,1,56
CS20230722_CLUS_3264,3264 SCiw Pitx2 Glut_1,CCN20230722_CLUS,CS20230722_SUPT_0767,CCN20230722_SUPT,4,3263,cluster,#0F1266,1,82
CS20230722_CLUS_3265,3265 SCiw Pitx2 Glut_1,CCN20230722_CLUS,CS20230722_SUPT_0767,CCN20230722_SUPT,4,3264,cluster,#F5FF00,1,81
CS20230722_CLUS_3266,3266 SCiw Pitx2 Glut_1,CCN20230722_CLUS,CS20230722_SUPT_0767,CCN20230722_SUPT,4,3265,cluster,#661F64,1,325
CS20230722_CLUS_3267,3267 SCiw Pitx2 Glut_1,CCN20230722_CLUS,CS20230722_SUPT_0767,CCN20230722_SUPT,4,3266,cluster,#40992E,1,59
CS20230722_CLUS_3268,3268 SCiw Pitx2 Glut_1,CCN20230722_CLUS,CS20230722_SUPT_0767,CCN20230722_SUPT,4,3267,cluster,#4DFF60,1,20
CS20230722_CLUS_3269,3269 SCiw Pitx2 Glut_1,CCN20230722_CLUS,CS20230722_SUPT_0767,CCN20230722_SUPT,4,3268,cluster,#100F66,1,57
CS20230722_CLUS_3270,3270 SCiw Pitx2 Glut_1,CCN20230722_CLUS,CS20230722_SUPT_0767,CCN20230722_SUPT,4,3269,cluster,#D800FF,1,43
CS20230722_CLUS_3271,3271 SCiw Pitx2 Glut_1,CCN20230722_CLUS,CS20230722_SUPT_0767,CCN20230722_SUPT,4,3270,cluster,#6E995C,1,44
CS20230722_CLUS_3272,3272 SCiw Pitx2 Glut_1,CCN20230722_CLUS,CS20230722_SUPT_0767,CCN20230722_SUPT,4,3271,cluster,#CCB47A,1,62
CS20230722_CLUS_3273,3273 SCiw Pitx2 Glut_2,CCN20230722_CLUS,CS20230722_SUPT_0768,CCN20230722_SUPT,4,3272,cluster,#C75CCC,1,91
CS20230722_CLUS_3274,3274 SCiw Pitx2 Glut_2,CCN20230722_CLUS,CS20230722_SUPT_0768,CCN20230722_SUPT,4,3273,cluster,#429900,1,468
CS20230722_CLUS_3275,3275 SCiw Pitx2 Glut_2,CCN20230722_CLUS,CS20230722_SUPT_0768,CCN20230722_SUPT,4,3274,cluster,#1F84CC,1,189
CS20230722_CLUS_3276,3276 SCiw Pitx2 Glut_2,CCN20230722_CLUS,CS20230722_SUPT_0768,CCN20230722_SUPT,4,3275,cluster,#2E4166,1,36
CS20230722_CLUS_3277,3277 SCiw Pitx2 Glut_2,CCN20230722_CLUS,CS20230722_SUPT_0768,CCN20230722_SUPT,4,3276,cluster,#269900,1,490
CS20230722_CLUS_3278,3278 SCiw Pitx2 Glut_2,CCN20230722_CLUS,CS20230722_SUPT_0768,CCN20230722_SUPT,4,3277,cluster,#3DCC77,1,106
CS20230722_CLUS_3279,3279 SCiw Pitx2 Glut_3,CCN20230722_CLUS,CS20230722_SUPT_0769,CCN20230722_SUPT,4,3278,cluster,#38662E,1,1122
CS20230722_CLUS_3280,3280 SCiw Pitx2 Glut_3,CCN20230722_CLUS,CS20230722_SUPT_0769,CCN20230722_SUPT,4,3279,cluster,#1F6643,1,1101
CS20230722_CLUS_3281,3281 SCiw Pitx2 Glut_3,CCN20230722_CLUS,CS20230722_SUPT_0769,CCN20230722_SUPT,4,3280,cluster,#66390F,1,149
CS20230722_CLUS_3282,3282 IC Tfap2d Maf Glut_1,CCN20230722_CLUS,CS20230722_SUPT_0770,CCN20230722_SUPT,4,3281,cluster,#34CC00,1,2124
CS20230722_CLUS_3283,3283 IC Tfap2d Maf Glut_1,CCN20230722_CLUS,CS20230722_SUPT_0770,CCN20230722_SUPT,4,3282,cluster,#174E99,1,123
CS20230722_CLUS_3284,3284 IC Tfap2d Maf Glut_1,CCN20230722_CLUS,CS20230722_SUPT_0770,CCN20230722_SUPT,4,3283,cluster,#7DCC7A,1,1952
CS20230722_CLUS_3285,3285 IC Tfap2d Maf Glut_1,CCN20230722_CLUS,CS20230722_SUPT_0770,CCN20230722_SUPT,4,3284,cluster,#99008C,1,277
CS20230722_CLUS_3286,3286 IC Tfap2d Maf Glut_1,CCN20230722_CLUS,CS20230722_SUPT_0770,CCN20230722_SUPT,4,3285,cluster,#3D00FF,1,1808
CS20230722_CLUS_3287,3287 IC Tfap2d Maf Glut_1,CCN20230722_CLUS,CS20230722_SUPT_0770,CCN20230722_SUPT,4,3286,cluster,#5ECC5C,1,37
CS20230722_CLUS_3288,3288 IC Tfap2d Maf Glut_1,CCN20230722_CLUS,CS20230722_SUPT_0770,CCN20230722_SUPT,4,3287,cluster,#3D663F,1,216
CS20230722_CLUS_3289,3289 IC Tfap2d Maf Glut_1,CCN20230722_CLUS,CS20230722_SUPT_0770,CCN20230722_SUPT,4,3288,cluster,#995C45,1,66
CS20230722_CLUS_3290,3290 IC Tfap2d Maf Glut_1,CCN20230722_CLUS,CS20230722_SUPT_0770,CCN20230722_SUPT,4,3289,cluster,#CC5D3D,1,127
CS20230722_CLUS_3291,3291 IC Tfap2d Maf Glut_2,CCN20230722_CLUS,CS20230722_SUPT_0771,CCN20230722_SUPT,4,3290,cluster,#995C64,1,41
CS20230722_CLUS_3292,3292 IC Tfap2d Maf Glut_2,CCN20230722_CLUS,CS20230722_SUPT_0771,CCN20230722_SUPT,4,3291,cluster,#4ECC1F,1,135
CS20230722_CLUS_3293,3293 IC Tfap2d Maf Glut_2,CCN20230722_CLUS,CS20230722_SUPT_0771,CCN20230722_SUPT,4,3292,cluster,#82CC00,1,128
CS20230722_CLUS_3294,3294 IC Tfap2d Maf Glut_2,CCN20230722_CLUS,CS20230722_SUPT_0771,CCN20230722_SUPT,4,3293,cluster,#CCB21F,1,68
CS20230722_CLUS_3295,3295 IC Tfap2d Maf Glut_2,CCN20230722_CLUS,CS20230722_SUPT_0771,CCN20230722_SUPT,4,3294,cluster,#7A93CC,1,41
CS20230722_CLUS_3296,3296 IC Tfap2d Maf Glut_2,CCN20230722_CLUS,CS20230722_SUPT_0771,CCN20230722_SUPT,4,3295,cluster,#26FF90,1,65
CS20230722_CLUS_3297,3297 IC Tfap2d Maf Glut_2,CCN20230722_CLUS,CS20230722_SUPT_0771,CCN20230722_SUPT,4,3296,cluster,#817ACC,1,79
CS20230722_CLUS_3298,3298 IC Tfap2d Maf Glut_2,CCN20230722_CLUS,CS20230722_SUPT_0771,CCN20230722_SUPT,4,3297,cluster,#00FFE2,1,87
CS20230722_CLUS_3299,3299 IC Tfap2d Maf Glut_2,CCN20230722_CLUS,CS20230722_SUPT_0771,CCN20230722_SUPT,4,3298,cluster,#997E00,1,53
CS20230722_CLUS_3300,3300 IC Tfap2d Maf Glut_2,CCN20230722_CLUS,CS20230722_SUPT_0771,CCN20230722_SUPT,4,3299,cluster,#CCC45C,1,852
CS20230722_CLUS_3301,3301 IC Tfap2d Maf Glut_2,CCN20230722_CLUS,CS20230722_SUPT_0771,CCN20230722_SUPT,4,3300,cluster,#0F663D,1,248
CS20230722_CLUS_3302,3302 IC Tfap2d Maf Glut_2,CCN20230722_CLUS,CS20230722_SUPT_0771,CCN20230722_SUPT,4,3301,cluster,#4F660F,1,35
CS20230722_CLUS_3303,3303 IC Tfap2d Maf Glut_3,CCN20230722_CLUS,CS20230722_SUPT_0772,CCN20230722_SUPT,4,3302,cluster,#990021,1,159
CS20230722_CLUS_3304,3304 IC Tfap2d Maf Glut_3,CCN20230722_CLUS,CS20230722_SUPT_0772,CCN20230722_SUPT,4,3303,cluster,#361FCC,1,622
CS20230722_CLUS_3305,3305 IC Tfap2d Maf Glut_3,CCN20230722_CLUS,CS20230722_SUPT_0772,CCN20230722_SUPT,4,3304,cluster,#7D26FF,1,820
CS20230722_CLUS_3306,3306 IC Tfap2d Maf Glut_3,CCN20230722_CLUS,CS20230722_SUPT_0772,CCN20230722_SUPT,4,3305,cluster,#63663D,1,3298
CS20230722_CLUS_3307,3307 IC Tfap2d Maf Glut_3,CCN20230722_CLUS,CS20230722_SUPT_0772,CCN20230722_SUPT,4,3306,cluster,#8E4599,1,416
CS20230722_CLUS_3308,3308 IC Tfap2d Maf Glut_3,CCN20230722_CLUS,CS20230722_SUPT_0772,CCN20230722_SUPT,4,3307,cluster,#2E0F66,1,1202
CS20230722_CLUS_3309,3309 IC Tfap2d Maf Glut_4,CCN20230722_CLUS,CS20230722_SUPT_0773,CCN20230722_SUPT,4,3308,cluster,#33661F,1,173
CS20230722_CLUS_3310,3310 IC Tfap2d Maf Glut_4,CCN20230722_CLUS,CS20230722_SUPT_0773,CCN20230722_SUPT,4,3309,cluster,#C31FCC,1,314
CS20230722_CLUS_3311,3311 IC Tfap2d Maf Glut_4,CCN20230722_CLUS,CS20230722_SUPT_0773,CCN20230722_SUPT,4,3310,cluster,#99552E,1,1307
CS20230722_CLUS_3312,3312 IC Tfap2d Maf Glut_4,CCN20230722_CLUS,CS20230722_SUPT_0773,CCN20230722_SUPT,4,3311,cluster,#992E79,1,51
CS20230722_CLUS_3313,3313 IC Tfap2d Maf Glut_4,CCN20230722_CLUS,CS20230722_SUPT_0773,CCN20230722_SUPT,4,3312,cluster,#997800,1,58
CS20230722_CLUS_3314,3314 IC Tfap2d Maf Glut_4,CCN20230722_CLUS,CS20230722_SUPT_0773,CCN20230722_SUPT,4,3313,cluster,#C9FF99,1,86
CS20230722_CLUS_3315,3315 IC Tfap2d Maf Glut_5,CCN20230722_CLUS,CS20230722_SUPT_0774,CCN20230722_SUPT,4,3314,cluster,#662E48,1,173
CS20230722_CLUS_3316,3316 IC Tfap2d Maf Glut_6,CCN20230722_CLUS,CS20230722_SUPT_0775,CCN20230722_SUPT,4,3315,cluster,#1FCC78,1,1329
CS20230722_CLUS_3317,3317 IC Tfap2d Maf Glut_6,CCN20230722_CLUS,CS20230722_SUPT_0775,CCN20230722_SUPT,4,3316,cluster,#A4FF00,1,311
CS20230722_CLUS_3318,3318 IC Tfap2d Maf Glut_6,CCN20230722_CLUS,CS20230722_SUPT_0775,CCN20230722_SUPT,4,3317,cluster,#2E9949,1,107
CS20230722_CLUS_3319,3319 IC Tfap2d Maf Glut_6,CCN20230722_CLUS,CS20230722_SUPT_0775,CCN20230722_SUPT,4,3318,cluster,#FF5200,1,1199
CS20230722_CLUS_3320,3320 CUN-PPN Evx2 Meis2 Glut_1,CCN20230722_CLUS,CS20230722_SUPT_0776,CCN20230722_SUPT,4,3319,cluster,#26FFBC,1,68
CS20230722_CLUS_3321,3321 CUN-PPN Evx2 Meis2 Glut_1,CCN20230722_CLUS,CS20230722_SUPT_0776,CCN20230722_SUPT,4,3320,cluster,#4D2E66,1,202
CS20230722_CLUS_3322,3322 CUN-PPN Evx2 Meis2 Glut_1,CCN20230722_CLUS,CS20230722_SUPT_0776,CCN20230722_SUPT,4,3321,cluster,#663D66,1,142
CS20230722_CLUS_3323,3323 CUN-PPN Evx2 Meis2 Glut_1,CCN20230722_CLUS,CS20230722_SUPT_0776,CCN20230722_SUPT,4,3322,cluster,#4A1FCC,1,54
CS20230722_CLUS_3324,3324 CUN-PPN Evx2 Meis2 Glut_1,CCN20230722_CLUS,CS20230722_SUPT_0776,CCN20230722_SUPT,4,3323,cluster,#7B5C99,1,121
CS20230722_CLUS_3325,3325 CUN-PPN Evx2 Meis2 Glut_1,CCN20230722_CLUS,CS20230722_SUPT_0776,CCN20230722_SUPT,4,3324,cluster,#71CC1F,1,128
CS20230722_CLUS_3326,3326 CUN-PPN Evx2 Meis2 Glut_1,CCN20230722_CLUS,CS20230722_SUPT_0776,CCN20230722_SUPT,4,3325,cluster,#66582E,1,111
CS20230722_CLUS_3327,3327 CUN-PPN Evx2 Meis2 Glut_1,CCN20230722_CLUS,CS20230722_SUPT_0776,CCN20230722_SUPT,4,3326,cluster,#3D664C,1,45
CS20230722_CLUS_3328,3328 CUN-PPN Evx2 Meis2 Glut_1,CCN20230722_CLUS,CS20230722_SUPT_0776,CCN20230722_SUPT,4,3327,cluster,#FF7F73,1,18
CS20230722_CLUS_3329,3329 CUN-PPN Evx2 Meis2 Glut_1,CCN20230722_CLUS,CS20230722_SUPT_0776,CCN20230722_SUPT,4,3328,cluster,#3D2E66,1,46
CS20230722_CLUS_3330,3330 CUN-PPN Evx2 Meis2 Glut_1,CCN20230722_CLUS,CS20230722_SUPT_0776,CCN20230722_SUPT,4,3329,cluster,#2E9994,1,123
CS20230722_CLUS_3331,3331 CUN-PPN Evx2 Meis2 Glut_1,CCN20230722_CLUS,CS20230722_SUPT_0776,CCN20230722_SUPT,4,3330,cluster,#8200FF,1,281
CS20230722_CLUS_3332,3332 CUN-PPN Evx2 Meis2 Glut_1,CCN20230722_CLUS,CS20230722_SUPT_0776,CCN20230722_SUPT,4,3331,cluster,#FF008B,1,129
CS20230722_CLUS_3333,3333 CUN-PPN Evx2 Meis2 Glut_1,CCN20230722_CLUS,CS20230722_SUPT_0776,CCN20230722_SUPT,4,3332,cluster,#319900,1,215
CS20230722_CLUS_3334,3334 CUN-PPN Evx2 Meis2 Glut_1,CCN20230722_CLUS,CS20230722_SUPT_0776,CCN20230722_SUPT,4,3333,cluster,#957ACC,1,155
CS20230722_CLUS_3335,3335 CUN-PPN Evx2 Meis2 Glut_1,CCN20230722_CLUS,CS20230722_SUPT_0776,CCN20230722_SUPT,4,3334,cluster,#79995C,1,214
CS20230722_CLUS_3336,3336 CUN-PPN Evx2 Meis2 Glut_2,CCN20230722_CLUS,CS20230722_SUPT_0777,CCN20230722_SUPT,4,3335,cluster,#66613D,1,98
CS20230722_CLUS_3337,3337 CUN-PPN Evx2 Meis2 Glut_2,CCN20230722_CLUS,CS20230722_SUPT_0777,CCN20230722_SUPT,4,3336,cluster,#2E665F,1,259
CS20230722_CLUS_3338,3338 CUN-PPN Evx2 Meis2 Glut_3,CCN20230722_CLUS,CS20230722_SUPT_0778,CCN20230722_SUPT,4,3337,cluster,#662E5C,1,75
CS20230722_CLUS_3339,3339 CUN-PPN Evx2 Meis2 Glut_3,CCN20230722_CLUS,CS20230722_SUPT_0778,CCN20230722_SUPT,4,3338,cluster,#26BAFF,1,107
CS20230722_CLUS_3340,3340 CUN-PPN Evx2 Meis2 Glut_3,CCN20230722_CLUS,CS20230722_SUPT_0778,CCN20230722_SUPT,4,3339,cluster,#160F66,1,29
CS20230722_CLUS_3341,3341 CUN-PPN Evx2 Meis2 Glut_3,CCN20230722_CLUS,CS20230722_SUPT_0778,CCN20230722_SUPT,4,3340,cluster,#664C00,1,35
CS20230722_CLUS_3342,3342 CUN-PPN Evx2 Meis2 Glut_4,CCN20230722_CLUS,CS20230722_SUPT_0779,CCN20230722_SUPT,4,3341,cluster,#FFBE99,1,72
CS20230722_CLUS_3343,3343 CUN-PPN Evx2 Meis2 Glut_4,CCN20230722_CLUS,CS20230722_SUPT_0779,CCN20230722_SUPT,4,3342,cluster,#00FF3C,1,54
CS20230722_CLUS_3344,3344 CUN-PPN Evx2 Meis2 Glut_4,CCN20230722_CLUS,CS20230722_SUPT_0779,CCN20230722_SUPT,4,3343,cluster,#68FF26,1,112
CS20230722_CLUS_3345,3345 CUN-PPN Evx2 Meis2 Glut_4,CCN20230722_CLUS,CS20230722_SUPT_0779,CCN20230722_SUPT,4,3344,cluster,#00CC96,1,74
CS20230722_CLUS_3346,3346 CUN-PPN Evx2 Meis2 Glut_4,CCN20230722_CLUS,CS20230722_SUPT_0779,CCN20230722_SUPT,4,3345,cluster,#992E49,1,58
CS20230722_CLUS_3347,3347 CUN-PPN Evx2 Meis2 Glut_4,CCN20230722_CLUS,CS20230722_SUPT_0779,CCN20230722_SUPT,4,3346,cluster,#FFB900,1,178
CS20230722_CLUS_3348,3348 CUN-PPN Evx2 Meis2 Glut_4,CCN20230722_CLUS,CS20230722_SUPT_0779,CCN20230722_SUPT,4,3347,cluster,#B326FF,1,51
CS20230722_CLUS_3349,3349 CUN-PPN Evx2 Meis2 Glut_5,CCN20230722_CLUS,CS20230722_SUPT_0780,CCN20230722_SUPT,4,3348,cluster,#73E1FF,1,73
CS20230722_CLUS_3350,3350 CUN-PPN Evx2 Meis2 Glut_5,CCN20230722_CLUS,CS20230722_SUPT_0780,CCN20230722_SUPT,4,3349,cluster,#B54DFF,1,105
CS20230722_CLUS_3351,3351 CUN-PPN Evx2 Meis2 Glut_5,CCN20230722_CLUS,CS20230722_SUPT_0780,CCN20230722_SUPT,4,3350,cluster,#C500CC,1,83
CS20230722_CLUS_3352,3352 PBG Mtnr1a Glut-Chol_1,CCN20230722_CLUS,CS20230722_SUPT_0781,CCN20230722_SUPT,4,3351,cluster,#99FFBC,1,28
CS20230722_CLUS_3353,3353 PAG Tcf24 Glut_1,CCN20230722_CLUS,CS20230722_SUPT_0782,CCN20230722_SUPT,4,3352,cluster,#99CDFF,1,29
CS20230722_CLUS_3354,3354 SCig Tfap2b Chrnb3 Glut_1,CCN20230722_CLUS,CS20230722_SUPT_0783,CCN20230722_SUPT,4,3353,cluster,#8C4599,1,59
CS20230722_CLUS_3355,3355 SCig Tfap2b Chrnb3 Glut_1,CCN20230722_CLUS,CS20230722_SUPT_0783,CCN20230722_SUPT,4,3354,cluster,#410F66,1,140
CS20230722_CLUS_3356,3356 SCig Tfap2b Chrnb3 Glut_1,CCN20230722_CLUS,CS20230722_SUPT_0783,CCN20230722_SUPT,4,3355,cluster,#811799,1,1037
CS20230722_CLUS_3357,3357 SCig Tfap2b Chrnb3 Glut_1,CCN20230722_CLUS,CS20230722_SUPT_0783,CCN20230722_SUPT,4,3356,cluster,#995C68,1,60
CS20230722_CLUS_3358,3358 SCop Pou4f2 Neurod2 Glut_1,CCN20230722_CLUS,CS20230722_SUPT_0784,CCN20230722_SUPT,4,3357,cluster,#1FCCBE,1,445
CS20230722_CLUS_3359,3359 SCop Pou4f2 Neurod2 Glut_1,CCN20230722_CLUS,CS20230722_SUPT_0784,CCN20230722_SUPT,4,3358,cluster,#2E9985,1,220
CS20230722_CLUS_3360,3360 SCop Pou4f2 Neurod2 Glut_1,CCN20230722_CLUS,CS20230722_SUPT_0784,CCN20230722_SUPT,4,3359,cluster,#7AB0CC,1,253
CS20230722_CLUS_3361,3361 SCsg Pde5a Glut_1,CCN20230722_CLUS,CS20230722_SUPT_0785,CCN20230722_SUPT,4,3360,cluster,#CC833D,1,476
CS20230722_CLUS_3362,3362 SCsg Pde5a Glut_1,CCN20230722_CLUS,CS20230722_SUPT_0785,CCN20230722_SUPT,4,3361,cluster,#FF73AE,1,450
CS20230722_CLUS_3363,3363 SCsg Pde5a Glut_2,CCN20230722_CLUS,CS20230722_SUPT_0786,CCN20230722_SUPT,4,3362,cluster,#5C9964,1,486
CS20230722_CLUS_3364,3364 SCsg Pde5a Glut_2,CCN20230722_CLUS,CS20230722_SUPT_0786,CCN20230722_SUPT,4,3363,cluster,#FFCB73,1,339
CS20230722_CLUS_3365,3365 SCsg Pde5a Glut_2,CCN20230722_CLUS,CS20230722_SUPT_0786,CCN20230722_SUPT,4,3364,cluster,#0F661A,1,79
CS20230722_CLUS_3366,3366 SCsg Pde5a Glut_3,CCN20230722_CLUS,CS20230722_SUPT_0787,CCN20230722_SUPT,4,3365,cluster,#692E99,1,148
CS20230722_CLUS_3367,3367 SCsg Pde5a Glut_3,CCN20230722_CLUS,CS20230722_SUPT_0787,CCN20230722_SUPT,4,3366,cluster,#00A2CC,1,261
CS20230722_CLUS_3368,3368 SCsg Pde5a Glut_3,CCN20230722_CLUS,CS20230722_SUPT_0787,CCN20230722_SUPT,4,3367,cluster,#B7CC1F,1,37
CS20230722_CLUS_3369,3369 SCsg Pde5a Glut_3,CCN20230722_CLUS,CS20230722_SUPT_0787,CCN20230722_SUPT,4,3368,cluster,#459994,1,798
CS20230722_CLUS_3370,3370 SCsg Pde5a Glut_3,CCN20230722_CLUS,CS20230722_SUPT_0787,CCN20230722_SUPT,4,3369,cluster,#0008FF,1,267
CS20230722_CLUS_3371,3371 SCop Sln Glut_1,CCN20230722_CLUS,CS20230722_SUPT_0788,CCN20230722_SUPT,4,3370,cluster,#49662E,1,456
CS20230722_CLUS_3372,3372 SCop Sln Glut_1,CCN20230722_CLUS,CS20230722_SUPT_0788,CCN20230722_SUPT,4,3371,cluster,#FFF773,1,731
CS20230722_CLUS_3373,3373 SCop Sln Glut_1,CCN20230722_CLUS,CS20230722_SUPT_0788,CCN20230722_SUPT,4,3372,cluster,#CC735C,1,363
CS20230722_CLUS_3374,3374 SCop Sln Glut_1,CCN20230722_CLUS,CS20230722_SUPT_0788,CCN20230722_SUPT,4,3373,cluster,#009DFF,1,327
CS20230722_CLUS_3375,3375 SCop Sln Glut_1,CCN20230722_CLUS,CS20230722_SUPT_0788,CCN20230722_SUPT,4,3374,cluster,#4DEDFF,1,103
CS20230722_CLUS_3376,3376 SCop Sln Glut_1,CCN20230722_CLUS,CS20230722_SUPT_0788,CCN20230722_SUPT,4,3375,cluster,#FF7400,1,88
CS20230722_CLUS_3377,3377 SCop Sln Glut_1,CCN20230722_CLUS,CS20230722_SUPT_0788,CCN20230722_SUPT,4,3376,cluster,#5C996B,1,316
CS20230722_CLUS_3378,3378 SCop Sln Glut_1,CCN20230722_CLUS,CS20230722_SUPT_0788,CCN20230722_SUPT,4,3377,cluster,#4DFF54,1,307
CS20230722_CLUS_3379,3379 SCop Sln Glut_1,CCN20230722_CLUS,CS20230722_SUPT_0788,CCN20230722_SUPT,4,3378,cluster,#3D4F66,1,94
CS20230722_CLUS_3380,3380 SCop Sln Glut_1,CCN20230722_CLUS,CS20230722_SUPT_0788,CCN20230722_SUPT,4,3379,cluster,#45992E,1,129
CS20230722_CLUS_3381,3381 SCop Sln Glut_1,CCN20230722_CLUS,CS20230722_SUPT_0788,CCN20230722_SUPT,4,3380,cluster,#002B66,1,182
CS20230722_CLUS_3382,3382 PAG Ucn Glut_1,CCN20230722_CLUS,CS20230722_SUPT_0789,CCN20230722_SUPT,4,3381,cluster,#7D4DFF,1,23
CS20230722_CLUS_3383,3383 ND-INC Foxd2 Glut_1,CCN20230722_CLUS,CS20230722_SUPT_0790,CCN20230722_SUPT,4,3382,cluster,#99FFDE,1,121
CS20230722_CLUS_3384,3384 ND-INC Foxd2 Glut_1,CCN20230722_CLUS,CS20230722_SUPT_0790,CCN20230722_SUPT,4,3383,cluster,#DBFF73,1,70
CS20230722_CLUS_3385,3385 ND-INC Foxd2 Glut_1,CCN20230722_CLUS,CS20230722_SUPT_0790,CCN20230722_SUPT,4,3384,cluster,#00CC88,1,74
CS20230722_CLUS_3386,3386 PAG-MRN Rln3 Gaba_1,CCN20230722_CLUS,CS20230722_SUPT_0791,CCN20230722_SUPT,4,3385,cluster,#346600,1,113
CS20230722_CLUS_3387,3387 PAG-MRN Rln3 Gaba_1,CCN20230722_CLUS,CS20230722_SUPT_0791,CCN20230722_SUPT,4,3386,cluster,#93995C,1,54
CS20230722_CLUS_3388,3388 PAG-MRN Rln3 Gaba_1,CCN20230722_CLUS,CS20230722_SUPT_0791,CCN20230722_SUPT,4,3387,cluster,#996D00,1,61
CS20230722_CLUS_3389,3389 PPN-CUN-PCG Otp En1 Gaba_1,CCN20230722_CLUS,CS20230722_SUPT_0792,CCN20230722_SUPT,4,3388,cluster,#B1CC5C,1,43
CS20230722_CLUS_3390,3390 PPN-CUN-PCG Otp En1 Gaba_1,CCN20230722_CLUS,CS20230722_SUPT_0792,CCN20230722_SUPT,4,3389,cluster,#CC2B00,1,51
CS20230722_CLUS_3391,3391 PPN-CUN-PCG Otp En1 Gaba_1,CCN20230722_CLUS,CS20230722_SUPT_0792,CCN20230722_SUPT,4,3390,cluster,#2E9942,1,105
CS20230722_CLUS_3392,3392 PPN-CUN-PCG Otp En1 Gaba_1,CCN20230722_CLUS,CS20230722_SUPT_0792,CCN20230722_SUPT,4,3391,cluster,#99FFB0,1,102
CS20230722_CLUS_3393,3393 PPN-CUN-PCG Otp En1 Gaba_2,CCN20230722_CLUS,CS20230722_SUPT_0793,CCN20230722_SUPT,4,3392,cluster,#00FF14,1,88
CS20230722_CLUS_3394,3394 PPN-CUN-PCG Otp En1 Gaba_2,CCN20230722_CLUS,CS20230722_SUPT_0793,CCN20230722_SUPT,4,3393,cluster,#0F6635,1,26
CS20230722_CLUS_3395,3395 PPN-CUN-PCG Otp En1 Gaba_2,CCN20230722_CLUS,CS20230722_SUPT_0793,CCN20230722_SUPT,4,3394,cluster,#CC1F77,1,41
CS20230722_CLUS_3396,3396 PPN-CUN-PCG Otp En1 Gaba_2,CCN20230722_CLUS,CS20230722_SUPT_0793,CCN20230722_SUPT,4,3395,cluster,#D273FF,1,52
CS20230722_CLUS_3397,3397 PPN-CUN-PCG Otp En1 Gaba_2,CCN20230722_CLUS,CS20230722_SUPT_0793,CCN20230722_SUPT,4,3396,cluster,#FF7397,1,28
CS20230722_CLUS_3398,3398 PPN-CUN-PCG Otp En1 Gaba_2,CCN20230722_CLUS,CS20230722_SUPT_0793,CCN20230722_SUPT,4,3397,cluster,#FF009C,1,42
CS20230722_CLUS_3399,3399 PPN-CUN-PCG Otp En1 Gaba_2,CCN20230722_CLUS,CS20230722_SUPT_0793,CCN20230722_SUPT,4,3398,cluster,#663D5E,1,64
CS20230722_CLUS_3400,3400 PPN-CUN-PCG Otp En1 Gaba_2,CCN20230722_CLUS,CS20230722_SUPT_0793,CCN20230722_SUPT,4,3399,cluster,#3DCC4D,1,26
CS20230722_CLUS_3401,3401 PPN-CUN-PCG Otp En1 Gaba_3,CCN20230722_CLUS,CS20230722_SUPT_0794,CCN20230722_SUPT,4,3400,cluster,#0F6066,1,30
CS20230722_CLUS_3402,3402 PPN-CUN-PCG Otp En1 Gaba_3,CCN20230722_CLUS,CS20230722_SUPT_0794,CCN20230722_SUPT,4,3401,cluster,#FF2D26,1,136
CS20230722_CLUS_3403,3403 PPN-CUN-PCG Otp En1 Gaba_3,CCN20230722_CLUS,CS20230722_SUPT_0794,CCN20230722_SUPT,4,3402,cluster,#FF8F73,1,85
CS20230722_CLUS_3404,3404 PPN-CUN-PCG Otp En1 Gaba_3,CCN20230722_CLUS,CS20230722_SUPT_0794,CCN20230722_SUPT,4,3403,cluster,#326600,1,92
CS20230722_CLUS_3405,3405 PPN-CUN-PCG Otp En1 Gaba_3,CCN20230722_CLUS,CS20230722_SUPT_0794,CCN20230722_SUPT,4,3404,cluster,#1F6659,1,51
CS20230722_CLUS_3406,3406 PPN-CUN-PCG Otp En1 Gaba_3,CCN20230722_CLUS,CS20230722_SUPT_0794,CCN20230722_SUPT,4,3405,cluster,#BC73FF,1,65
CS20230722_CLUS_3407,3407 PPN-CUN-PCG Otp En1 Gaba_3,CCN20230722_CLUS,CS20230722_SUPT_0794,CCN20230722_SUPT,4,3406,cluster,#660F29,1,171
CS20230722_CLUS_3408,3408 MRN-PPN-CUN Pax8 Gaba_1,CCN20230722_CLUS,CS20230722_SUPT_0795,CCN20230722_SUPT,4,3407,cluster,#2E9299,1,44
CS20230722_CLUS_3409,3409 MRN-PPN-CUN Pax8 Gaba_1,CCN20230722_CLUS,CS20230722_SUPT_0795,CCN20230722_SUPT,4,3408,cluster,#265DFF,1,94
CS20230722_CLUS_3410,3410 MRN-PPN-CUN Pax8 Gaba_1,CCN20230722_CLUS,CS20230722_SUPT_0795,CCN20230722_SUPT,4,3409,cluster,#660F21,1,96
CS20230722_CLUS_3411,3411 MRN-PPN-CUN Pax8 Gaba_1,CCN20230722_CLUS,CS20230722_SUPT_0795,CCN20230722_SUPT,4,3410,cluster,#66431F,1,39
CS20230722_CLUS_3412,3412 MRN-PPN-CUN Pax8 Gaba_1,CCN20230722_CLUS,CS20230722_SUPT_0795,CCN20230722_SUPT,4,3411,cluster,#FF267E,1,159
CS20230722_CLUS_3413,3413 MRN-PPN-CUN Pax8 Gaba_2,CCN20230722_CLUS,CS20230722_SUPT_0796,CCN20230722_SUPT,4,3412,cluster,#4DFF58,1,58
CS20230722_CLUS_3414,3414 MRN-PPN-CUN Pax8 Gaba_2,CCN20230722_CLUS,CS20230722_SUPT_0796,CCN20230722_SUPT,4,3413,cluster,#96995C,1,229
CS20230722_CLUS_3415,3415 MRN-PPN-CUN Pax8 Gaba_2,CCN20230722_CLUS,CS20230722_SUPT_0796,CCN20230722_SUPT,4,3414,cluster,#991762,1,51
CS20230722_CLUS_3416,3416 MRN-PPN-CUN Pax8 Gaba_2,CCN20230722_CLUS,CS20230722_SUPT_0796,CCN20230722_SUPT,4,3415,cluster,#8ECC5C,1,39
CS20230722_CLUS_3417,3417 MRN-PPN-CUN Pax8 Gaba_2,CCN20230722_CLUS,CS20230722_SUPT_0796,CCN20230722_SUPT,4,3416,cluster,#1F663E,1,58
CS20230722_CLUS_3418,3418 MRN-PPN-CUN Pax8 Gaba_3,CCN20230722_CLUS,CS20230722_SUPT_0797,CCN20230722_SUPT,4,3417,cluster,#D8FF00,1,45
CS20230722_CLUS_3419,3419 MRN-VTN-PPN Pax5 Cdh23 Gaba_1,CCN20230722_CLUS,CS20230722_SUPT_0798,CCN20230722_SUPT,4,3418,cluster,#3D5566,1,80
CS20230722_CLUS_3420,3420 MRN-VTN-PPN Pax5 Cdh23 Gaba_1,CCN20230722_CLUS,CS20230722_SUPT_0798,CCN20230722_SUPT,4,3419,cluster,#1F4666,1,90
CS20230722_CLUS_3421,3421 MRN-VTN-PPN Pax5 Cdh23 Gaba_1,CCN20230722_CLUS,CS20230722_SUPT_0798,CCN20230722_SUPT,4,3420,cluster,#7ACCB6,1,145
CS20230722_CLUS_3422,3422 MRN-VTN-PPN Pax5 Cdh23 Gaba_1,CCN20230722_CLUS,CS20230722_SUPT_0798,CCN20230722_SUPT,4,3421,cluster,#CC7A8D,1,186
CS20230722_CLUS_3423,3423 MRN-VTN-PPN Pax5 Cdh23 Gaba_1,CCN20230722_CLUS,CS20230722_SUPT_0798,CCN20230722_SUPT,4,3422,cluster,#110066,1,70
CS20230722_CLUS_3424,3424 MRN-VTN-PPN Pax5 Cdh23 Gaba_1,CCN20230722_CLUS,CS20230722_SUPT_0798,CCN20230722_SUPT,4,3423,cluster,#000A99,1,23
CS20230722_CLUS_3425,3425 MRN-VTN-PPN Pax5 Cdh23 Gaba_2,CCN20230722_CLUS,CS20230722_SUPT_0799,CCN20230722_SUPT,4,3424,cluster,#0098CC,1,116
CS20230722_CLUS_3426,3426 MRN-VTN-PPN Pax5 Cdh23 Gaba_2,CCN20230722_CLUS,CS20230722_SUPT_0799,CCN20230722_SUPT,4,3425,cluster,#662E54,1,77
CS20230722_CLUS_3427,3427 MRN-VTN-PPN Pax5 Cdh23 Gaba_2,CCN20230722_CLUS,CS20230722_SUPT_0799,CCN20230722_SUPT,4,3426,cluster,#CC5A3D,1,127
CS20230722_CLUS_3428,3428 MRN-VTN-PPN Pax5 Cdh23 Gaba_2,CCN20230722_CLUS,CS20230722_SUPT_0799,CCN20230722_SUPT,4,3427,cluster,#99C1FF,1,52
CS20230722_CLUS_3429,3429 MRN-VTN-PPN Pax5 Cdh23 Gaba_2,CCN20230722_CLUS,CS20230722_SUPT_0799,CCN20230722_SUPT,4,3428,cluster,#3D6664,1,39
CS20230722_CLUS_3430,3430 MRN-VTN-PPN Pax5 Cdh23 Gaba_2,CCN20230722_CLUS,CS20230722_SUPT_0799,CCN20230722_SUPT,4,3429,cluster,#8C9945,1,88
CS20230722_CLUS_3431,3431 MRN-VTN-PPN Pax5 Cdh23 Gaba_2,CCN20230722_CLUS,CS20230722_SUPT_0799,CCN20230722_SUPT,4,3430,cluster,#2D1F66,1,92
CS20230722_CLUS_3432,3432 MRN-VTN-PPN Pax5 Cdh23 Gaba_2,CCN20230722_CLUS,CS20230722_SUPT_0799,CCN20230722_SUPT,4,3431,cluster,#D9FF99,1,47
CS20230722_CLUS_3433,3433 SNr-VTA Pax5 Npas1 Gaba_1,CCN20230722_CLUS,CS20230722_SUPT_0800,CCN20230722_SUPT,4,3432,cluster,#3D93CC,1,56
CS20230722_CLUS_3434,3434 SNr-VTA Pax5 Npas1 Gaba_1,CCN20230722_CLUS,CS20230722_SUPT_0800,CCN20230722_SUPT,4,3433,cluster,#CC7ABD,1,66
CS20230722_CLUS_3435,3435 SNr-VTA Pax5 Npas1 Gaba_1,CCN20230722_CLUS,CS20230722_SUPT_0800,CCN20230722_SUPT,4,3434,cluster,#6E992E,1,41
CS20230722_CLUS_3436,3436 SNr-VTA Pax5 Npas1 Gaba_1,CCN20230722_CLUS,CS20230722_SUPT_0800,CCN20230722_SUPT,4,3435,cluster,#FF8B00,1,33
CS20230722_CLUS_3437,3437 SNr-VTA Pax5 Npas1 Gaba_1,CCN20230722_CLUS,CS20230722_SUPT_0800,CCN20230722_SUPT,4,3436,cluster,#CC5CBF,1,135
CS20230722_CLUS_3438,3438 SNr-VTA Pax5 Npas1 Gaba_1,CCN20230722_CLUS,CS20230722_SUPT_0800,CCN20230722_SUPT,4,3437,cluster,#003966,1,32
CS20230722_CLUS_3439,3439 SNr-VTA Pax5 Npas1 Gaba_1,CCN20230722_CLUS,CS20230722_SUPT_0800,CCN20230722_SUPT,4,3438,cluster,#0D00CC,1,223
CS20230722_CLUS_3440,3440 SNr-VTA Pax5 Npas1 Gaba_1,CCN20230722_CLUS,CS20230722_SUPT_0800,CCN20230722_SUPT,4,3439,cluster,#FF99B8,1,93
CS20230722_CLUS_3441,3441 SNr-VTA Pax5 Npas1 Gaba_2,CCN20230722_CLUS,CS20230722_SUPT_0801,CCN20230722_SUPT,4,3440,cluster,#CC8300,1,75
CS20230722_CLUS_3442,3442 PAG-PPN Pax5 Sox21 Gaba_1,CCN20230722_CLUS,CS20230722_SUPT_0802,CCN20230722_SUPT,4,3441,cluster,#230066,1,38
CS20230722_CLUS_3443,3443 PAG-PPN Pax5 Sox21 Gaba_1,CCN20230722_CLUS,CS20230722_SUPT_0802,CCN20230722_SUPT,4,3442,cluster,#991756,1,383
CS20230722_CLUS_3444,3444 PAG-PPN Pax5 Sox21 Gaba_1,CCN20230722_CLUS,CS20230722_SUPT_0802,CCN20230722_SUPT,4,3443,cluster,#17993D,1,133
CS20230722_CLUS_3445,3445 PAG-PPN Pax5 Sox21 Gaba_1,CCN20230722_CLUS,CS20230722_SUPT_0802,CCN20230722_SUPT,4,3444,cluster,#660028,1,67
CS20230722_CLUS_3446,3446 PAG-PPN Pax5 Sox21 Gaba_1,CCN20230722_CLUS,CS20230722_SUPT_0802,CCN20230722_SUPT,4,3445,cluster,#2E3266,1,206
CS20230722_CLUS_3447,3447 PAG-PPN Pax5 Sox21 Gaba_2,CCN20230722_CLUS,CS20230722_SUPT_0803,CCN20230722_SUPT,4,3446,cluster,#998F2E,1,56
CS20230722_CLUS_3448,3448 PAG-PPN Pax5 Sox21 Gaba_2,CCN20230722_CLUS,CS20230722_SUPT_0803,CCN20230722_SUPT,4,3447,cluster,#3DCC5A,1,90
CS20230722_CLUS_3449,3449 PAG-PPN Pax5 Sox21 Gaba_2,CCN20230722_CLUS,CS20230722_SUPT_0803,CCN20230722_SUPT,4,3448,cluster,#994B45,1,129
CS20230722_CLUS_3450,3450 PAG-PPN Pax5 Sox21 Gaba_2,CCN20230722_CLUS,CS20230722_SUPT_0803,CCN20230722_SUPT,4,3449,cluster,#000F66,1,39
CS20230722_CLUS_3451,3451 PAG-PPN Pax5 Sox21 Gaba_2,CCN20230722_CLUS,CS20230722_SUPT_0803,CCN20230722_SUPT,4,3450,cluster,#CC5C73,1,230
CS20230722_CLUS_3452,3452 PAG-PPN Pax5 Sox21 Gaba_3,CCN20230722_CLUS,CS20230722_SUPT_0804,CCN20230722_SUPT,4,3451,cluster,#00991B,1,172
CS20230722_CLUS_3453,3453 PAG-PPN Pax5 Sox21 Gaba_3,CCN20230722_CLUS,CS20230722_SUPT_0804,CCN20230722_SUPT,4,3452,cluster,#CC1E00,1,31
CS20230722_CLUS_3454,3454 PAG-PPN Pax5 Sox21 Gaba_3,CCN20230722_CLUS,CS20230722_SUPT_0804,CCN20230722_SUPT,4,3453,cluster,#CCAE7A,1,102
CS20230722_CLUS_3455,3455 PAG-PPN Pax5 Sox21 Gaba_3,CCN20230722_CLUS,CS20230722_SUPT_0804,CCN20230722_SUPT,4,3454,cluster,#2E9944,1,37
CS20230722_CLUS_3456,3456 PAG-PPN Pax5 Sox21 Gaba_3,CCN20230722_CLUS,CS20230722_SUPT_0804,CCN20230722_SUPT,4,3455,cluster,#26FF29,1,65
CS20230722_CLUS_3457,3457 PAG-PPN Pax5 Sox21 Gaba_4,CCN20230722_CLUS,CS20230722_SUPT_0805,CCN20230722_SUPT,4,3456,cluster,#2E5899,1,53
CS20230722_CLUS_3458,3458 PAG-PPN Pax5 Sox21 Gaba_4,CCN20230722_CLUS,CS20230722_SUPT_0805,CCN20230722_SUPT,4,3457,cluster,#7ABFCC,1,54
CS20230722_CLUS_3459,3459 PAG-PPN Pax5 Sox21 Gaba_4,CCN20230722_CLUS,CS20230722_SUPT_0805,CCN20230722_SUPT,4,3458,cluster,#476600,1,66
CS20230722_CLUS_3460,3460 PAG-PPN Pax5 Sox21 Gaba_4,CCN20230722_CLUS,CS20230722_SUPT_0805,CCN20230722_SUPT,4,3459,cluster,#FF99E3,1,77
CS20230722_CLUS_3461,3461 SNr Six3 Gaba_1,CCN20230722_CLUS,CS20230722_SUPT_0806,CCN20230722_SUPT,4,3460,cluster,#990900,1,271
CS20230722_CLUS_3462,3462 SNr Six3 Gaba_1,CCN20230722_CLUS,CS20230722_SUPT_0806,CCN20230722_SUPT,4,3461,cluster,#99FFA3,1,1055
CS20230722_CLUS_3463,3463 SNr Six3 Gaba_1,CCN20230722_CLUS,CS20230722_SUPT_0806,CCN20230722_SUPT,4,3462,cluster,#593D66,1,74
CS20230722_CLUS_3464,3464 SNr Six3 Gaba_1,CCN20230722_CLUS,CS20230722_SUPT_0806,CCN20230722_SUPT,4,3463,cluster,#62CC00,1,21
CS20230722_CLUS_3465,3465 IC Six3 En2 Gaba_1,CCN20230722_CLUS,CS20230722_SUPT_0807,CCN20230722_SUPT,4,3464,cluster,#FF4DB8,1,130
CS20230722_CLUS_3466,3466 IC Six3 En2 Gaba_1,CCN20230722_CLUS,CS20230722_SUPT_0807,CCN20230722_SUPT,4,3465,cluster,#E2FF4D,1,77
CS20230722_CLUS_3467,3467 IC Six3 En2 Gaba_1,CCN20230722_CLUS,CS20230722_SUPT_0807,CCN20230722_SUPT,4,3466,cluster,#663F3D,1,97
CS20230722_CLUS_3468,3468 IC Six3 En2 Gaba_1,CCN20230722_CLUS,CS20230722_SUPT_0807,CCN20230722_SUPT,4,3467,cluster,#551F66,1,106
CS20230722_CLUS_3469,3469 IC Six3 En2 Gaba_1,CCN20230722_CLUS,CS20230722_SUPT_0807,CCN20230722_SUPT,4,3468,cluster,#178099,1,203
CS20230722_CLUS_3470,3470 IC Six3 En2 Gaba_1,CCN20230722_CLUS,CS20230722_SUPT_0807,CCN20230722_SUPT,4,3469,cluster,#992800,1,100
CS20230722_CLUS_3471,3471 IC Six3 En2 Gaba_1,CCN20230722_CLUS,CS20230722_SUPT_0807,CCN20230722_SUPT,4,3470,cluster,#84992E,1,147
CS20230722_CLUS_3472,3472 IC Six3 En2 Gaba_1,CCN20230722_CLUS,CS20230722_SUPT_0807,CCN20230722_SUPT,4,3471,cluster,#002FCC,1,90
CS20230722_CLUS_3473,3473 IC Six3 En2 Gaba_1,CCN20230722_CLUS,CS20230722_SUPT_0807,CCN20230722_SUPT,4,3472,cluster,#FD4DFF,1,75
CS20230722_CLUS_3474,3474 IC Six3 En2 Gaba_1,CCN20230722_CLUS,CS20230722_SUPT_0807,CCN20230722_SUPT,4,3473,cluster,#66230F,1,89
CS20230722_CLUS_3475,3475 IC Six3 En2 Gaba_1,CCN20230722_CLUS,CS20230722_SUPT_0807,CCN20230722_SUPT,4,3474,cluster,#66643D,1,70
CS20230722_CLUS_3476,3476 IC Six3 En2 Gaba_1,CCN20230722_CLUS,CS20230722_SUPT_0807,CCN20230722_SUPT,4,3475,cluster,#00FFA9,1,49
CS20230722_CLUS_3477,3477 IC Six3 En2 Gaba_2,CCN20230722_CLUS,CS20230722_SUPT_0808,CCN20230722_SUPT,4,3476,cluster,#CC433D,1,109
CS20230722_CLUS_3478,3478 IC Six3 En2 Gaba_2,CCN20230722_CLUS,CS20230722_SUPT_0808,CCN20230722_SUPT,4,3477,cluster,#660048,1,378
CS20230722_CLUS_3479,3479 IC Six3 En2 Gaba_2,CCN20230722_CLUS,CS20230722_SUPT_0808,CCN20230722_SUPT,4,3478,cluster,#4DFFCC,1,578
CS20230722_CLUS_3480,3480 IC Six3 En2 Gaba_3,CCN20230722_CLUS,CS20230722_SUPT_0809,CCN20230722_SUPT,4,3479,cluster,#3D6366,1,56
CS20230722_CLUS_3481,3481 IC Six3 En2 Gaba_3,CCN20230722_CLUS,CS20230722_SUPT_0809,CCN20230722_SUPT,4,3480,cluster,#73FFD2,1,25
CS20230722_CLUS_3482,3482 IC Six3 En2 Gaba_3,CCN20230722_CLUS,CS20230722_SUPT_0809,CCN20230722_SUPT,4,3481,cluster,#66004D,1,130
CS20230722_CLUS_3483,3483 IC Six3 En2 Gaba_3,CCN20230722_CLUS,CS20230722_SUPT_0809,CCN20230722_SUPT,4,3482,cluster,#660F10,1,27
CS20230722_CLUS_3484,3484 IC Six3 En2 Gaba_3,CCN20230722_CLUS,CS20230722_SUPT_0809,CCN20230722_SUPT,4,3483,cluster,#0058FF,1,104
CS20230722_CLUS_3485,3485 IC Six3 En2 Gaba_3,CCN20230722_CLUS,CS20230722_SUPT_0809,CCN20230722_SUPT,4,3484,cluster,#CC5C5F,1,24
CS20230722_CLUS_3486,3486 IC Six3 En2 Gaba_3,CCN20230722_CLUS,CS20230722_SUPT_0809,CCN20230722_SUPT,4,3485,cluster,#FF73CA,1,67
CS20230722_CLUS_3487,3487 IC Six3 En2 Gaba_3,CCN20230722_CLUS,CS20230722_SUPT_0809,CCN20230722_SUPT,4,3486,cluster,#992F00,1,39
CS20230722_CLUS_3488,3488 IC Six3 En2 Gaba_4,CCN20230722_CLUS,CS20230722_SUPT_0810,CCN20230722_SUPT,4,3487,cluster,#32662E,1,75
CS20230722_CLUS_3489,3489 IC Six3 En2 Gaba_4,CCN20230722_CLUS,CS20230722_SUPT_0810,CCN20230722_SUPT,4,3488,cluster,#3D9917,1,65
CS20230722_CLUS_3490,3490 IC Six3 En2 Gaba_4,CCN20230722_CLUS,CS20230722_SUPT_0810,CCN20230722_SUPT,4,3489,cluster,#A6FF4D,1,90
CS20230722_CLUS_3491,3491 IC Six3 En2 Gaba_4,CCN20230722_CLUS,CS20230722_SUPT_0810,CCN20230722_SUPT,4,3490,cluster,#CC7A94,1,29
CS20230722_CLUS_3492,3492 IC Six3 En2 Gaba_4,CCN20230722_CLUS,CS20230722_SUPT_0810,CCN20230722_SUPT,4,3491,cluster,#622E99,1,91
CS20230722_CLUS_3493,3493 IC Six3 En2 Gaba_4,CCN20230722_CLUS,CS20230722_SUPT_0810,CCN20230722_SUPT,4,3492,cluster,#CC1FA2,1,157
CS20230722_CLUS_3494,3494 IC Six3 En2 Gaba_4,CCN20230722_CLUS,CS20230722_SUPT_0810,CCN20230722_SUPT,4,3493,cluster,#8900CC,1,96
CS20230722_CLUS_3495,3495 IC Six3 En2 Gaba_5,CCN20230722_CLUS,CS20230722_SUPT_0811,CCN20230722_SUPT,4,3494,cluster,#179969,1,52
CS20230722_CLUS_3496,3496 IC Six3 En2 Gaba_5,CCN20230722_CLUS,CS20230722_SUPT_0811,CCN20230722_SUPT,4,3495,cluster,#664E1F,1,71
CS20230722_CLUS_3497,3497 IC Six3 En2 Gaba_5,CCN20230722_CLUS,CS20230722_SUPT_0811,CCN20230722_SUPT,4,3496,cluster,#66211F,1,109
CS20230722_CLUS_3498,3498 IC Six3 En2 Gaba_5,CCN20230722_CLUS,CS20230722_SUPT_0811,CCN20230722_SUPT,4,3497,cluster,#4D55FF,1,42
CS20230722_CLUS_3499,3499 IC Six3 En2 Gaba_5,CCN20230722_CLUS,CS20230722_SUPT_0811,CCN20230722_SUPT,4,3498,cluster,#5C9986,1,215
CS20230722_CLUS_3500,3500 IC Six3 En2 Gaba_5,CCN20230722_CLUS,CS20230722_SUPT_0811,CCN20230722_SUPT,4,3499,cluster,#00998D,1,157
CS20230722_CLUS_3501,3501 IC Six3 En2 Gaba_6,CCN20230722_CLUS,CS20230722_SUPT_0812,CCN20230722_SUPT,4,3500,cluster,#26E6FF,1,67
CS20230722_CLUS_3502,3502 IC Six3 En2 Gaba_6,CCN20230722_CLUS,CS20230722_SUPT_0812,CCN20230722_SUPT,4,3501,cluster,#B6FF4D,1,108
CS20230722_CLUS_3503,3503 IC Six3 En2 Gaba_6,CCN20230722_CLUS,CS20230722_SUPT_0812,CCN20230722_SUPT,4,3502,cluster,#99175F,1,116
CS20230722_CLUS_3504,3504 IC Six3 En2 Gaba_6,CCN20230722_CLUS,CS20230722_SUPT_0812,CCN20230722_SUPT,4,3503,cluster,#00C0FF,1,59
CS20230722_CLUS_3505,3505 IC Six3 En2 Gaba_6,CCN20230722_CLUS,CS20230722_SUPT_0812,CCN20230722_SUPT,4,3504,cluster,#99171B,1,84
CS20230722_CLUS_3506,3506 IC Six3 En2 Gaba_7,CCN20230722_CLUS,CS20230722_SUPT_0813,CCN20230722_SUPT,4,3505,cluster,#5C9985,1,96
CS20230722_CLUS_3507,3507 IC Six3 En2 Gaba_7,CCN20230722_CLUS,CS20230722_SUPT_0813,CCN20230722_SUPT,4,3506,cluster,#FF6F4D,1,23
CS20230722_CLUS_3508,3508 IC Six3 En2 Gaba_7,CCN20230722_CLUS,CS20230722_SUPT_0813,CCN20230722_SUPT,4,3507,cluster,#FFEB26,1,34
CS20230722_CLUS_3509,3509 PAG-MRN-RN Foxa2 Gaba_1,CCN20230722_CLUS,CS20230722_SUPT_0814,CCN20230722_SUPT,4,3508,cluster,#6D4DFF,1,39
CS20230722_CLUS_3510,3510 PAG-MRN-RN Foxa2 Gaba_1,CCN20230722_CLUS,CS20230722_SUPT_0814,CCN20230722_SUPT,4,3509,cluster,#A94DFF,1,47
CS20230722_CLUS_3511,3511 PAG-MRN-RN Foxa2 Gaba_1,CCN20230722_CLUS,CS20230722_SUPT_0814,CCN20230722_SUPT,4,3510,cluster,#551FCC,1,9
CS20230722_CLUS_3512,3512 PAG-MRN-RN Foxa2 Gaba_1,CCN20230722_CLUS,CS20230722_SUPT_0814,CCN20230722_SUPT,4,3511,cluster,#7FFF73,1,132
CS20230722_CLUS_3513,3513 PAG-MRN-RN Foxa2 Gaba_1,CCN20230722_CLUS,CS20230722_SUPT_0814,CCN20230722_SUPT,4,3512,cluster,#006648,1,79
CS20230722_CLUS_3514,3514 PAG-MRN-RN Foxa2 Gaba_1,CCN20230722_CLUS,CS20230722_SUPT_0814,CCN20230722_SUPT,4,3513,cluster,#3E3DCC,1,117
CS20230722_CLUS_3515,3515 PAG-MRN-RN Foxa2 Gaba_2,CCN20230722_CLUS,CS20230722_SUPT_0815,CCN20230722_SUPT,4,3514,cluster,#2E6656,1,37
CS20230722_CLUS_3516,3516 PAG-MRN-RN Foxa2 Gaba_2,CCN20230722_CLUS,CS20230722_SUPT_0815,CCN20230722_SUPT,4,3515,cluster,#CC7F7A,1,27
CS20230722_CLUS_3517,3517 PAG-MRN-RN Foxa2 Gaba_2,CCN20230722_CLUS,CS20230722_SUPT_0815,CCN20230722_SUPT,4,3516,cluster,#4C3D66,1,38
CS20230722_CLUS_3518,3518 PAG-MRN-RN Foxa2 Gaba_2,CCN20230722_CLUS,CS20230722_SUPT_0815,CCN20230722_SUPT,4,3517,cluster,#CCCA3D,1,25
CS20230722_CLUS_3519,3519 PAG-MRN-RN Foxa2 Gaba_2,CCN20230722_CLUS,CS20230722_SUPT_0815,CCN20230722_SUPT,4,3518,cluster,#FF7391,1,183
CS20230722_CLUS_3520,3520 PAG-MRN-RN Foxa2 Gaba_2,CCN20230722_CLUS,CS20230722_SUPT_0815,CCN20230722_SUPT,4,3519,cluster,#340099,1,46
CS20230722_CLUS_3521,3521 PAG-MRN-RN Foxa2 Gaba_3,CCN20230722_CLUS,CS20230722_SUPT_0816,CCN20230722_SUPT,4,3520,cluster,#00CC15,1,43
CS20230722_CLUS_3522,3522 PAG-MRN-RN Foxa2 Gaba_3,CCN20230722_CLUS,CS20230722_SUPT_0816,CCN20230722_SUPT,4,3521,cluster,#993F2E,1,41
CS20230722_CLUS_3523,3523 PAG-MRN-RN Foxa2 Gaba_3,CCN20230722_CLUS,CS20230722_SUPT_0816,CCN20230722_SUPT,4,3522,cluster,#000666,1,75
CS20230722_CLUS_3524,3524 PAG-MRN-RN Foxa2 Gaba_3,CCN20230722_CLUS,CS20230722_SUPT_0816,CCN20230722_SUPT,4,3523,cluster,#573D66,1,80
CS20230722_CLUS_3525,3525 PAG-MRN-RN Foxa2 Gaba_4,CCN20230722_CLUS,CS20230722_SUPT_0817,CCN20230722_SUPT,4,3524,cluster,#AACC5C,1,52
CS20230722_CLUS_3526,3526 PAG-MRN-RN Foxa2 Gaba_4,CCN20230722_CLUS,CS20230722_SUPT_0817,CCN20230722_SUPT,4,3525,cluster,#454F99,1,132
CS20230722_CLUS_3527,3527 PAG-MRN-RN Foxa2 Gaba_4,CCN20230722_CLUS,CS20230722_SUPT_0817,CCN20230722_SUPT,4,3526,cluster,#5CCC6E,1,43
CS20230722_CLUS_3528,3528 PAG-MRN-RN Foxa2 Gaba_4,CCN20230722_CLUS,CS20230722_SUPT_0817,CCN20230722_SUPT,4,3527,cluster,#3DA7CC,1,61
CS20230722_CLUS_3529,3529 PAG-MRN-RN Foxa2 Gaba_4,CCN20230722_CLUS,CS20230722_SUPT_0817,CCN20230722_SUPT,4,3528,cluster,#CC006E,1,41
CS20230722_CLUS_3530,3530 PAG-MRN-RN Foxa2 Gaba_4,CCN20230722_CLUS,CS20230722_SUPT_0817,CCN20230722_SUPT,4,3529,cluster,#73FFDB,1,166
CS20230722_CLUS_3531,3531 PAG-MRN-RN Foxa2 Gaba_4,CCN20230722_CLUS,CS20230722_SUPT_0817,CCN20230722_SUPT,4,3530,cluster,#2E6644,1,96
CS20230722_CLUS_3532,3532 PAG-ND-PCG Onecut1 Gaba_1,CCN20230722_CLUS,CS20230722_SUPT_0818,CCN20230722_SUPT,4,3531,cluster,#EEFF73,1,15
CS20230722_CLUS_3533,3533 PAG-ND-PCG Onecut1 Gaba_1,CCN20230722_CLUS,CS20230722_SUPT_0818,CCN20230722_SUPT,4,3532,cluster,#00FF4D,1,53
CS20230722_CLUS_3534,3534 PAG-ND-PCG Onecut1 Gaba_1,CCN20230722_CLUS,CS20230722_SUPT_0818,CCN20230722_SUPT,4,3533,cluster,#FFCE26,1,39
CS20230722_CLUS_3535,3535 PAG-ND-PCG Onecut1 Gaba_1,CCN20230722_CLUS,CS20230722_SUPT_0818,CCN20230722_SUPT,4,3534,cluster,#457799,1,90
CS20230722_CLUS_3536,3536 PAG-ND-PCG Onecut1 Gaba_1,CCN20230722_CLUS,CS20230722_SUPT_0818,CCN20230722_SUPT,4,3535,cluster,#AD7ACC,1,42
CS20230722_CLUS_3537,3537 PAG-ND-PCG Onecut1 Gaba_1,CCN20230722_CLUS,CS20230722_SUPT_0818,CCN20230722_SUPT,4,3536,cluster,#CC3D83,1,72
CS20230722_CLUS_3538,3538 PAG-ND-PCG Onecut1 Gaba_1,CCN20230722_CLUS,CS20230722_SUPT_0818,CCN20230722_SUPT,4,3537,cluster,#00FFDD,1,105
CS20230722_CLUS_3539,3539 PAG-ND-PCG Onecut1 Gaba_1,CCN20230722_CLUS,CS20230722_SUPT_0818,CCN20230722_SUPT,4,3538,cluster,#5CCC7B,1,34
CS20230722_CLUS_3540,3540 PAG-ND-PCG Onecut1 Gaba_1,CCN20230722_CLUS,CS20230722_SUPT_0818,CCN20230722_SUPT,4,3539,cluster,#FFE773,1,49
CS20230722_CLUS_3541,3541 PAG-ND-PCG Onecut1 Gaba_1,CCN20230722_CLUS,CS20230722_SUPT_0818,CCN20230722_SUPT,4,3540,cluster,#66593D,1,44
CS20230722_CLUS_3542,3542 PAG-ND-PCG Onecut1 Gaba_1,CCN20230722_CLUS,CS20230722_SUPT_0818,CCN20230722_SUPT,4,3541,cluster,#719917,1,65
CS20230722_CLUS_3543,3543 PAG-ND-PCG Onecut1 Gaba_2,CCN20230722_CLUS,CS20230722_SUPT_0819,CCN20230722_SUPT,4,3542,cluster,#3D6656,1,62
CS20230722_CLUS_3544,3544 PAG-ND-PCG Onecut1 Gaba_2,CCN20230722_CLUS,CS20230722_SUPT_0819,CCN20230722_SUPT,4,3543,cluster,#73BEFF,1,49
CS20230722_CLUS_3545,3545 PAG-ND-PCG Onecut1 Gaba_2,CCN20230722_CLUS,CS20230722_SUPT_0819,CCN20230722_SUPT,4,3544,cluster,#663D50,1,58
CS20230722_CLUS_3546,3546 PAG-ND-PCG Onecut1 Gaba_2,CCN20230722_CLUS,CS20230722_SUPT_0819,CCN20230722_SUPT,4,3545,cluster,#3D76CC,1,26
CS20230722_CLUS_3547,3547 PAG-ND-PCG Onecut1 Gaba_2,CCN20230722_CLUS,CS20230722_SUPT_0819,CCN20230722_SUPT,4,3546,cluster,#C4CC3D,1,106
CS20230722_CLUS_3548,3548 PAG-ND-PCG Onecut1 Gaba_2,CCN20230722_CLUS,CS20230722_SUPT_0819,CCN20230722_SUPT,4,3547,cluster,#FEFF99,1,71
CS20230722_CLUS_3549,3549 PAG-ND-PCG Onecut1 Gaba_2,CCN20230722_CLUS,CS20230722_SUPT_0819,CCN20230722_SUPT,4,3548,cluster,#5B9945,1,162
CS20230722_CLUS_3550,3550 PAG-ND-PCG Onecut1 Gaba_3,CCN20230722_CLUS,CS20230722_SUPT_0820,CCN20230722_SUPT,4,3549,cluster,#995C6C,1,116
CS20230722_CLUS_3551,3551 PAG-ND-PCG Onecut1 Gaba_3,CCN20230722_CLUS,CS20230722_SUPT_0820,CCN20230722_SUPT,4,3550,cluster,#178B99,1,69
CS20230722_CLUS_3552,3552 PAG-ND-PCG Onecut1 Gaba_3,CCN20230722_CLUS,CS20230722_SUPT_0820,CCN20230722_SUPT,4,3551,cluster,#995C6F,1,190
CS20230722_CLUS_3553,3553 PAG-ND-PCG Onecut1 Gaba_4,CCN20230722_CLUS,CS20230722_SUPT_0821,CCN20230722_SUPT,4,3552,cluster,#995C8C,1,115
CS20230722_CLUS_3554,3554 PAG-ND-PCG Onecut1 Gaba_5,CCN20230722_CLUS,CS20230722_SUPT_0822,CCN20230722_SUPT,4,3553,cluster,#8D4DFF,1,20
CS20230722_CLUS_3555,3555 PAG-ND-PCG Onecut1 Gaba_5,CCN20230722_CLUS,CS20230722_SUPT_0822,CCN20230722_SUPT,4,3554,cluster,#1F97CC,1,29
CS20230722_CLUS_3556,3556 PAG-ND-PCG Onecut1 Gaba_5,CCN20230722_CLUS,CS20230722_SUPT_0822,CCN20230722_SUPT,4,3555,cluster,#43660F,1,10
CS20230722_CLUS_3557,3557 PAG-ND-PCG Onecut1 Gaba_5,CCN20230722_CLUS,CS20230722_SUPT_0822,CCN20230722_SUPT,4,3556,cluster,#A27ACC,1,33
CS20230722_CLUS_3558,3558 PAG-RN Nkx2-2 Otx1 Gaba_1,CCN20230722_CLUS,CS20230722_SUPT_0823,CCN20230722_SUPT,4,3557,cluster,#7A82CC,1,53
CS20230722_CLUS_3559,3559 PAG-RN Nkx2-2 Otx1 Gaba_1,CCN20230722_CLUS,CS20230722_SUPT_0823,CCN20230722_SUPT,4,3558,cluster,#3D6660,1,54
CS20230722_CLUS_3560,3560 PAG-RN Nkx2-2 Otx1 Gaba_1,CCN20230722_CLUS,CS20230722_SUPT_0823,CCN20230722_SUPT,4,3559,cluster,#0F4166,1,139
CS20230722_CLUS_3561,3561 PAG-RN Nkx2-2 Otx1 Gaba_1,CCN20230722_CLUS,CS20230722_SUPT_0823,CCN20230722_SUPT,4,3560,cluster,#FF266F,1,125
CS20230722_CLUS_3562,3562 PAG-RN Nkx2-2 Otx1 Gaba_1,CCN20230722_CLUS,CS20230722_SUPT_0823,CCN20230722_SUPT,4,3561,cluster,#007F99,1,28
CS20230722_CLUS_3563,3563 PAG-RN Nkx2-2 Otx1 Gaba_1,CCN20230722_CLUS,CS20230722_SUPT_0823,CCN20230722_SUPT,4,3562,cluster,#994B17,1,100
CS20230722_CLUS_3564,3564 PAG-RN Nkx2-2 Otx1 Gaba_1,CCN20230722_CLUS,CS20230722_SUPT_0823,CCN20230722_SUPT,4,3563,cluster,#663D47,1,37
CS20230722_CLUS_3565,3565 PAG-RN Nkx2-2 Otx1 Gaba_2,CCN20230722_CLUS,CS20230722_SUPT_0824,CCN20230722_SUPT,4,3564,cluster,#3DCC6A,1,68
CS20230722_CLUS_3566,3566 PAG-RN Nkx2-2 Otx1 Gaba_2,CCN20230722_CLUS,CS20230722_SUPT_0824,CCN20230722_SUPT,4,3565,cluster,#17996F,1,60
CS20230722_CLUS_3567,3567 PAG-RN Nkx2-2 Otx1 Gaba_2,CCN20230722_CLUS,CS20230722_SUPT_0824,CCN20230722_SUPT,4,3566,cluster,#675CCC,1,70
CS20230722_CLUS_3568,3568 PAG-RN Nkx2-2 Otx1 Gaba_2,CCN20230722_CLUS,CS20230722_SUPT_0824,CCN20230722_SUPT,4,3567,cluster,#FF9826,1,117
CS20230722_CLUS_3569,3569 PAG-RN Nkx2-2 Otx1 Gaba_2,CCN20230722_CLUS,CS20230722_SUPT_0824,CCN20230722_SUPT,4,3568,cluster,#662E33,1,120
CS20230722_CLUS_3570,3570 PAG-RN Nkx2-2 Otx1 Gaba_2,CCN20230722_CLUS,CS20230722_SUPT_0824,CCN20230722_SUPT,4,3569,cluster,#1F6650,1,129
CS20230722_CLUS_3571,3571 PAG-RN Nkx2-2 Otx1 Gaba_2,CCN20230722_CLUS,CS20230722_SUPT_0824,CCN20230722_SUPT,4,3570,cluster,#7385FF,1,42
CS20230722_CLUS_3572,3572 PAG-RN Nkx2-2 Otx1 Gaba_3,CCN20230722_CLUS,CS20230722_SUPT_0825,CCN20230722_SUPT,4,3571,cluster,#CC827A,1,174
CS20230722_CLUS_3573,3573 PAG-RN Nkx2-2 Otx1 Gaba_3,CCN20230722_CLUS,CS20230722_SUPT_0825,CCN20230722_SUPT,4,3572,cluster,#CC5900,1,53
CS20230722_CLUS_3574,3574 PAG-RN Nkx2-2 Otx1 Gaba_3,CCN20230722_CLUS,CS20230722_SUPT_0825,CCN20230722_SUPT,4,3573,cluster,#00FF6F,1,157
CS20230722_CLUS_3575,3575 PAG-RN Nkx2-2 Otx1 Gaba_3,CCN20230722_CLUS,CS20230722_SUPT_0825,CCN20230722_SUPT,4,3574,cluster,#5C8099,1,157
CS20230722_CLUS_3576,3576 PAG-RN Nkx2-2 Otx1 Gaba_3,CCN20230722_CLUS,CS20230722_SUPT_0825,CCN20230722_SUPT,4,3575,cluster,#3D6650,1,37
CS20230722_CLUS_3577,3577 PAG-RN Nkx2-2 Otx1 Gaba_3,CCN20230722_CLUS,CS20230722_SUPT_0825,CCN20230722_SUPT,4,3576,cluster,#7A9ECC,1,162
CS20230722_CLUS_3578,3578 PAG-RN Nkx2-2 Otx1 Gaba_3,CCN20230722_CLUS,CS20230722_SUPT_0825,CCN20230722_SUPT,4,3577,cluster,#FFBE73,1,180
CS20230722_CLUS_3579,3579 PAG-RN Nkx2-2 Otx1 Gaba_3,CCN20230722_CLUS,CS20230722_SUPT_0825,CCN20230722_SUPT,4,3578,cluster,#4DFF88,1,124
CS20230722_CLUS_3580,3580 PAG-RN Nkx2-2 Otx1 Gaba_3,CCN20230722_CLUS,CS20230722_SUPT_0825,CCN20230722_SUPT,4,3579,cluster,#002266,1,60
CS20230722_CLUS_3581,3581 PAG-RN Nkx2-2 Otx1 Gaba_3,CCN20230722_CLUS,CS20230722_SUPT_0825,CCN20230722_SUPT,4,3580,cluster,#FFD04D,1,50
CS20230722_CLUS_3582,3582 PAG-RN Nkx2-2 Otx1 Gaba_3,CCN20230722_CLUS,CS20230722_SUPT_0825,CCN20230722_SUPT,4,3581,cluster,#5C9960,1,76
CS20230722_CLUS_3583,3583 PAG-RN Nkx2-2 Otx1 Gaba_3,CCN20230722_CLUS,CS20230722_SUPT_0825,CCN20230722_SUPT,4,3582,cluster,#2F661F,1,151
CS20230722_CLUS_3584,3584 PAG-RN Nkx2-2 Otx1 Gaba_3,CCN20230722_CLUS,CS20230722_SUPT_0825,CCN20230722_SUPT,4,3583,cluster,#99007B,1,61
CS20230722_CLUS_3585,3585 PAG-RN Nkx2-2 Otx1 Gaba_4,CCN20230722_CLUS,CS20230722_SUPT_0826,CCN20230722_SUPT,4,3584,cluster,#3D4166,1,117
CS20230722_CLUS_3586,3586 PAG-RN Nkx2-2 Otx1 Gaba_4,CCN20230722_CLUS,CS20230722_SUPT_0826,CCN20230722_SUPT,4,3585,cluster,#FFFE99,1,61
CS20230722_CLUS_3587,3587 PAG-RN Nkx2-2 Otx1 Gaba_4,CCN20230722_CLUS,CS20230722_SUPT_0826,CCN20230722_SUPT,4,3586,cluster,#991767,1,64
CS20230722_CLUS_3588,3588 PAG-RN Nkx2-2 Otx1 Gaba_5,CCN20230722_CLUS,CS20230722_SUPT_0827,CCN20230722_SUPT,4,3587,cluster,#2E2E66,1,122
CS20230722_CLUS_3589,3589 PAG-RN Nkx2-2 Otx1 Gaba_5,CCN20230722_CLUS,CS20230722_SUPT_0827,CCN20230722_SUPT,4,3588,cluster,#ED4DFF,1,72
CS20230722_CLUS_3590,3590 PAG-RN Nkx2-2 Otx1 Gaba_5,CCN20230722_CLUS,CS20230722_SUPT_0827,CCN20230722_SUPT,4,3589,cluster,#992E6D,1,73
CS20230722_CLUS_3591,3591 PAG-RN Nkx2-2 Otx1 Gaba_5,CCN20230722_CLUS,CS20230722_SUPT_0827,CCN20230722_SUPT,4,3590,cluster,#55662E,1,36
CS20230722_CLUS_3592,3592 PAG-RN Nkx2-2 Otx1 Gaba_6,CCN20230722_CLUS,CS20230722_SUPT_0828,CCN20230722_SUPT,4,3591,cluster,#CCB67A,1,45
CS20230722_CLUS_3593,3593 PAG-RN Nkx2-2 Otx1 Gaba_6,CCN20230722_CLUS,CS20230722_SUPT_0828,CCN20230722_SUPT,4,3592,cluster,#CC8C5C,1,109
CS20230722_CLUS_3594,3594 PAG-RN Nkx2-2 Otx1 Gaba_6,CCN20230722_CLUS,CS20230722_SUPT_0828,CCN20230722_SUPT,4,3593,cluster,#653DCC,1,60
CS20230722_CLUS_3595,3595 PAG-RN Nkx2-2 Otx1 Gaba_6,CCN20230722_CLUS,CS20230722_SUPT_0828,CCN20230722_SUPT,4,3594,cluster,#CC2200,1,109
CS20230722_CLUS_3596,3596 PRT Tcf7l2 Gaba_1,CCN20230722_CLUS,CS20230722_SUPT_0829,CCN20230722_SUPT,4,3595,cluster,#CC7AB2,1,41
CS20230722_CLUS_3597,3597 PRT Tcf7l2 Gaba_1,CCN20230722_CLUS,CS20230722_SUPT_0829,CCN20230722_SUPT,4,3596,cluster,#4DFF94,1,160
CS20230722_CLUS_3598,3598 PRT Tcf7l2 Gaba_1,CCN20230722_CLUS,CS20230722_SUPT_0829,CCN20230722_SUPT,4,3597,cluster,#CC825C,1,209
CS20230722_CLUS_3599,3599 PRT Tcf7l2 Gaba_1,CCN20230722_CLUS,CS20230722_SUPT_0829,CCN20230722_SUPT,4,3598,cluster,#FFD473,1,91
CS20230722_CLUS_3600,3600 PRT Tcf7l2 Gaba_1,CCN20230722_CLUS,CS20230722_SUPT_0829,CCN20230722_SUPT,4,3599,cluster,#A07ACC,1,98
CS20230722_CLUS_3601,3601 PRT Tcf7l2 Gaba_1,CCN20230722_CLUS,CS20230722_SUPT_0829,CCN20230722_SUPT,4,3600,cluster,#003666,1,396
CS20230722_CLUS_3602,3602 PRT Tcf7l2 Gaba_1,CCN20230722_CLUS,CS20230722_SUPT_0829,CCN20230722_SUPT,4,3601,cluster,#994597,1,203
CS20230722_CLUS_3603,3603 PRT Tcf7l2 Gaba_1,CCN20230722_CLUS,CS20230722_SUPT_0829,CCN20230722_SUPT,4,3602,cluster,#4DFF78,1,182
CS20230722_CLUS_3604,3604 PRT Tcf7l2 Gaba_1,CCN20230722_CLUS,CS20230722_SUPT_0829,CCN20230722_SUPT,4,3603,cluster,#73FFFB,1,22
CS20230722_CLUS_3605,3605 PRT Tcf7l2 Gaba_1,CCN20230722_CLUS,CS20230722_SUPT_0829,CCN20230722_SUPT,4,3604,cluster,#9F26FF,1,49
CS20230722_CLUS_3606,3606 PRT Tcf7l2 Gaba_1,CCN20230722_CLUS,CS20230722_SUPT_0829,CCN20230722_SUPT,4,3605,cluster,#1F6665,1,400
CS20230722_CLUS_3607,3607 PRT Tcf7l2 Gaba_2,CCN20230722_CLUS,CS20230722_SUPT_0830,CCN20230722_SUPT,4,3606,cluster,#99174D,1,154
CS20230722_CLUS_3608,3608 PRT Tcf7l2 Gaba_2,CCN20230722_CLUS,CS20230722_SUPT_0830,CCN20230722_SUPT,4,3607,cluster,#180099,1,92
CS20230722_CLUS_3609,3609 PRT Tcf7l2 Gaba_2,CCN20230722_CLUS,CS20230722_SUPT_0830,CCN20230722_SUPT,4,3608,cluster,#CC3DC0,1,43
CS20230722_CLUS_3610,3610 PRT Tcf7l2 Gaba_2,CCN20230722_CLUS,CS20230722_SUPT_0830,CCN20230722_SUPT,4,3609,cluster,#AAFF00,1,472
CS20230722_CLUS_3611,3611 PRT Tcf7l2 Gaba_2,CCN20230722_CLUS,CS20230722_SUPT_0830,CCN20230722_SUPT,4,3610,cluster,#6C9945,1,80
CS20230722_CLUS_3612,3612 PRT Tcf7l2 Gaba_2,CCN20230722_CLUS,CS20230722_SUPT_0830,CCN20230722_SUPT,4,3611,cluster,#1F3466,1,63
CS20230722_CLUS_3613,3613 PRT Tcf7l2 Gaba_3,CCN20230722_CLUS,CS20230722_SUPT_0831,CCN20230722_SUPT,4,3612,cluster,#2D9900,1,181
CS20230722_CLUS_3614,3614 PRT Tcf7l2 Gaba_3,CCN20230722_CLUS,CS20230722_SUPT_0831,CCN20230722_SUPT,4,3613,cluster,#CC251F,1,300
CS20230722_CLUS_3615,3615 PRT Tcf7l2 Gaba_3,CCN20230722_CLUS,CS20230722_SUPT_0831,CCN20230722_SUPT,4,3614,cluster,#691FCC,1,284
CS20230722_CLUS_3616,3616 PRT Tcf7l2 Gaba_3,CCN20230722_CLUS,CS20230722_SUPT_0831,CCN20230722_SUPT,4,3615,cluster,#FF4DA4,1,271
CS20230722_CLUS_3617,3617 PRT Tcf7l2 Gaba_3,CCN20230722_CLUS,CS20230722_SUPT_0831,CCN20230722_SUPT,4,3616,cluster,#660054,1,186
CS20230722_CLUS_3618,3618 PRT Tcf7l2 Gaba_3,CCN20230722_CLUS,CS20230722_SUPT_0831,CCN20230722_SUPT,4,3617,cluster,#ED26FF,1,114
CS20230722_CLUS_3619,3619 PRT Tcf7l2 Gaba_3,CCN20230722_CLUS,CS20230722_SUPT_0831,CCN20230722_SUPT,4,3618,cluster,#99722E,1,140
CS20230722_CLUS_3620,3620 PRT Tcf7l2 Gaba_3,CCN20230722_CLUS,CS20230722_SUPT_0831,CCN20230722_SUPT,4,3619,cluster,#FF00D6,1,79
CS20230722_CLUS_3621,3621 PRT Tcf7l2 Gaba_3,CCN20230722_CLUS,CS20230722_SUPT_0831,CCN20230722_SUPT,4,3620,cluster,#F4FF73,1,93
CS20230722_CLUS_3622,3622 PRT Tcf7l2 Gaba_4,CCN20230722_CLUS,CS20230722_SUPT_0832,CCN20230722_SUPT,4,3621,cluster,#459599,1,90
CS20230722_CLUS_3623,3623 PRT Tcf7l2 Gaba_4,CCN20230722_CLUS,CS20230722_SUPT_0832,CCN20230722_SUPT,4,3622,cluster,#99852E,1,171
CS20230722_CLUS_3624,3624 PRT Tcf7l2 Gaba_4,CCN20230722_CLUS,CS20230722_SUPT_0832,CCN20230722_SUPT,4,3623,cluster,#7375FF,1,24
CS20230722_CLUS_3625,3625 PRT Tcf7l2 Gaba_4,CCN20230722_CLUS,CS20230722_SUPT_0832,CCN20230722_SUPT,4,3624,cluster,#5CCCC4,1,79
CS20230722_CLUS_3626,3626 PRT Tcf7l2 Gaba_4,CCN20230722_CLUS,CS20230722_SUPT_0832,CCN20230722_SUPT,4,3625,cluster,#994D2E,1,166
CS20230722_CLUS_3627,3627 PRT Tcf7l2 Gaba_4,CCN20230722_CLUS,CS20230722_SUPT_0832,CCN20230722_SUPT,4,3626,cluster,#B17ACC,1,172
CS20230722_CLUS_3628,3628 PRT Tcf7l2 Gaba_4,CCN20230722_CLUS,CS20230722_SUPT_0832,CCN20230722_SUPT,4,3627,cluster,#660F54,1,80
CS20230722_CLUS_3629,3629 PRT Tcf7l2 Gaba_4,CCN20230722_CLUS,CS20230722_SUPT_0832,CCN20230722_SUPT,4,3628,cluster,#2B661F,1,113
CS20230722_CLUS_3630,3630 PRT Tcf7l2 Gaba_4,CCN20230722_CLUS,CS20230722_SUPT_0832,CCN20230722_SUPT,4,3629,cluster,#66005B,1,132
CS20230722_CLUS_3631,3631 PRT Tcf7l2 Gaba_5,CCN20230722_CLUS,CS20230722_SUPT_0833,CCN20230722_SUPT,4,3630,cluster,#739BFF,1,177
CS20230722_CLUS_3632,3632 PRT Tcf7l2 Gaba_5,CCN20230722_CLUS,CS20230722_SUPT_0833,CCN20230722_SUPT,4,3631,cluster,#7A8CCC,1,107
CS20230722_CLUS_3633,3633 LGv-SPFp-SPFm Nkx2-2 Tcf7l2 Gaba_1,CCN20230722_CLUS,CS20230722_SUPT_0834,CCN20230722_SUPT,4,3632,cluster,#FFE84D,1,65
CS20230722_CLUS_3634,3634 LGv-SPFp-SPFm Nkx2-2 Tcf7l2 Gaba_1,CCN20230722_CLUS,CS20230722_SUPT_0834,CCN20230722_SUPT,4,3633,cluster,#F199FF,1,62
CS20230722_CLUS_3635,3635 LGv-SPFp-SPFm Nkx2-2 Tcf7l2 Gaba_1,CCN20230722_CLUS,CS20230722_SUPT_0834,CCN20230722_SUPT,4,3634,cluster,#3100FF,1,43
CS20230722_CLUS_3636,3636 LGv-SPFp-SPFm Nkx2-2 Tcf7l2 Gaba_1,CCN20230722_CLUS,CS20230722_SUPT_0834,CCN20230722_SUPT,4,3635,cluster,#00FF25,1,59
CS20230722_CLUS_3637,3637 LGv-SPFp-SPFm Nkx2-2 Tcf7l2 Gaba_1,CCN20230722_CLUS,CS20230722_SUPT_0834,CCN20230722_SUPT,4,3636,cluster,#FF99A8,1,143
CS20230722_CLUS_3638,3638 LGv-SPFp-SPFm Nkx2-2 Tcf7l2 Gaba_1,CCN20230722_CLUS,CS20230722_SUPT_0834,CCN20230722_SUPT,4,3637,cluster,#EFFF00,1,29
CS20230722_CLUS_3639,3639 LGv-SPFp-SPFm Nkx2-2 Tcf7l2 Gaba_1,CCN20230722_CLUS,CS20230722_SUPT_0834,CCN20230722_SUPT,4,3638,cluster,#5D9917,1,117
CS20230722_CLUS_3640,3640 LGv-SPFp-SPFm Nkx2-2 Tcf7l2 Gaba_1,CCN20230722_CLUS,CS20230722_SUPT_0834,CCN20230722_SUPT,4,3639,cluster,#F726FF,1,48
CS20230722_CLUS_3641,3641 LGv-SPFp-SPFm Nkx2-2 Tcf7l2 Gaba_2,CCN20230722_CLUS,CS20230722_SUPT_0835,CCN20230722_SUPT,4,3640,cluster,#004D66,1,112
CS20230722_CLUS_3642,3642 LGv-SPFp-SPFm Nkx2-2 Tcf7l2 Gaba_2,CCN20230722_CLUS,CS20230722_SUPT_0835,CCN20230722_SUPT,4,3641,cluster,#002466,1,412
CS20230722_CLUS_3643,3643 LGv-SPFp-SPFm Nkx2-2 Tcf7l2 Gaba_2,CCN20230722_CLUS,CS20230722_SUPT_0835,CCN20230722_SUPT,4,3642,cluster,#456999,1,357
CS20230722_CLUS_3644,3644 LGv-SPFp-SPFm Nkx2-2 Tcf7l2 Gaba_2,CCN20230722_CLUS,CS20230722_SUPT_0835,CCN20230722_SUPT,4,3643,cluster,#530F66,1,209
CS20230722_CLUS_3645,3645 LGv-SPFp-SPFm Nkx2-2 Tcf7l2 Gaba_2,CCN20230722_CLUS,CS20230722_SUPT_0835,CCN20230722_SUPT,4,3644,cluster,#B4FF99,1,470
CS20230722_CLUS_3646,3646 LGv-SPFp-SPFm Nkx2-2 Tcf7l2 Gaba_2,CCN20230722_CLUS,CS20230722_SUPT_0835,CCN20230722_SUPT,4,3645,cluster,#37CC1F,1,370
CS20230722_CLUS_3647,3647 LGv-SPFp-SPFm Nkx2-2 Tcf7l2 Gaba_3,CCN20230722_CLUS,CS20230722_SUPT_0836,CCN20230722_SUPT,4,3646,cluster,#99AFFF,1,99
CS20230722_CLUS_3648,3648 LGv-SPFp-SPFm Nkx2-2 Tcf7l2 Gaba_3,CCN20230722_CLUS,CS20230722_SUPT_0836,CCN20230722_SUPT,4,3647,cluster,#CCAA5C,1,291
CS20230722_CLUS_3649,3649 LGv-SPFp-SPFm Nkx2-2 Tcf7l2 Gaba_3,CCN20230722_CLUS,CS20230722_SUPT_0836,CCN20230722_SUPT,4,3648,cluster,#1F6633,1,158
CS20230722_CLUS_3650,3650 LGv-SPFp-SPFm Nkx2-2 Tcf7l2 Gaba_3,CCN20230722_CLUS,CS20230722_SUPT_0836,CCN20230722_SUPT,4,3649,cluster,#FF00ED,1,117
CS20230722_CLUS_3651,3651 LGv-SPFp-SPFm Nkx2-2 Tcf7l2 Gaba_3,CCN20230722_CLUS,CS20230722_SUPT_0836,CCN20230722_SUPT,4,3650,cluster,#99865C,1,87
CS20230722_CLUS_3652,3652 LGv-SPFp-SPFm Nkx2-2 Tcf7l2 Gaba_3,CCN20230722_CLUS,CS20230722_SUPT_0836,CCN20230722_SUPT,4,3651,cluster,#CC733D,1,40
CS20230722_CLUS_3653,3653 LGv-SPFp-SPFm Nkx2-2 Tcf7l2 Gaba_4,CCN20230722_CLUS,CS20230722_SUPT_0837,CCN20230722_SUPT,4,3652,cluster,#AB1FCC,1,165
CS20230722_CLUS_3654,3654 LGv-SPFp-SPFm Nkx2-2 Tcf7l2 Gaba_4,CCN20230722_CLUS,CS20230722_SUPT_0837,CCN20230722_SUPT,4,3653,cluster,#CC7B1F,1,195
CS20230722_CLUS_3655,3655 LGv-SPFp-SPFm Nkx2-2 Tcf7l2 Gaba_4,CCN20230722_CLUS,CS20230722_SUPT_0837,CCN20230722_SUPT,4,3654,cluster,#3D5166,1,160
CS20230722_CLUS_3656,3656 LGv-SPFp-SPFm Nkx2-2 Tcf7l2 Gaba_4,CCN20230722_CLUS,CS20230722_SUPT_0837,CCN20230722_SUPT,4,3655,cluster,#66460F,1,205
CS20230722_CLUS_3657,3657 LGv-SPFp-SPFm Nkx2-2 Tcf7l2 Gaba_4,CCN20230722_CLUS,CS20230722_SUPT_0837,CCN20230722_SUPT,4,3656,cluster,#7AA0CC,1,162
CS20230722_CLUS_3658,3658 LGv-SPFp-SPFm Nkx2-2 Tcf7l2 Gaba_5,CCN20230722_CLUS,CS20230722_SUPT_0838,CCN20230722_SUPT,4,3657,cluster,#00C2CC,1,271
CS20230722_CLUS_3659,3659 LGv-SPFp-SPFm Nkx2-2 Tcf7l2 Gaba_5,CCN20230722_CLUS,CS20230722_SUPT_0838,CCN20230722_SUPT,4,3658,cluster,#7AC3CC,1,117
CS20230722_CLUS_3660,3660 LGv-SPFp-SPFm Nkx2-2 Tcf7l2 Gaba_5,CCN20230722_CLUS,CS20230722_SUPT_0838,CCN20230722_SUPT,4,3659,cluster,#FF73CD,1,178
CS20230722_CLUS_3661,3661 LGv-SPFp-SPFm Nkx2-2 Tcf7l2 Gaba_5,CCN20230722_CLUS,CS20230722_SUPT_0838,CCN20230722_SUPT,4,3660,cluster,#2C1799,1,66
CS20230722_CLUS_3662,3662 LGv-SPFp-SPFm Nkx2-2 Tcf7l2 Gaba_5,CCN20230722_CLUS,CS20230722_SUPT_0838,CCN20230722_SUPT,4,3661,cluster,#542E66,1,131
CS20230722_CLUS_3663,3663 LGv-SPFp-SPFm Nkx2-2 Tcf7l2 Gaba_6,CCN20230722_CLUS,CS20230722_SUPT_0839,CCN20230722_SUPT,4,3662,cluster,#991741,1,155
CS20230722_CLUS_3664,3664 LGv-SPFp-SPFm Nkx2-2 Tcf7l2 Gaba_6,CCN20230722_CLUS,CS20230722_SUPT_0839,CCN20230722_SUPT,4,3663,cluster,#991796,1,68
CS20230722_CLUS_3665,3665 LGv-SPFp-SPFm Nkx2-2 Tcf7l2 Gaba_6,CCN20230722_CLUS,CS20230722_SUPT_0839,CCN20230722_SUPT,4,3664,cluster,#66000A,1,60
CS20230722_CLUS_3666,3666 LGv-SPFp-SPFm Nkx2-2 Tcf7l2 Gaba_6,CCN20230722_CLUS,CS20230722_SUPT_0839,CCN20230722_SUPT,4,3665,cluster,#FF4DFD,1,124
CS20230722_CLUS_3667,3667 LGv-SPFp-SPFm Nkx2-2 Tcf7l2 Gaba_7,CCN20230722_CLUS,CS20230722_SUPT_0840,CCN20230722_SUPT,4,3666,cluster,#653D66,1,438
CS20230722_CLUS_3668,3668 LGv-SPFp-SPFm Nkx2-2 Tcf7l2 Gaba_7,CCN20230722_CLUS,CS20230722_SUPT_0840,CCN20230722_SUPT,4,3667,cluster,#00CC2C,1,325
CS20230722_CLUS_3669,3669 SC Otx2 Gcnt4 Gaba_1,CCN20230722_CLUS,CS20230722_SUPT_0841,CCN20230722_SUPT,4,3668,cluster,#995C77,1,181
CS20230722_CLUS_3670,3670 SC Otx2 Gcnt4 Gaba_1,CCN20230722_CLUS,CS20230722_SUPT_0841,CCN20230722_SUPT,4,3669,cluster,#CCB25C,1,64
CS20230722_CLUS_3671,3671 SC Otx2 Gcnt4 Gaba_1,CCN20230722_CLUS,CS20230722_SUPT_0841,CCN20230722_SUPT,4,3670,cluster,#FFFF26,1,29
CS20230722_CLUS_3672,3672 SC Otx2 Gcnt4 Gaba_2,CCN20230722_CLUS,CS20230722_SUPT_0842,CCN20230722_SUPT,4,3671,cluster,#C97ACC,1,762
CS20230722_CLUS_3673,3673 SC-PAG Lef1 Emx2 Gaba_1,CCN20230722_CLUS,CS20230722_SUPT_0843,CCN20230722_SUPT,4,3672,cluster,#B8FF73,1,524
CS20230722_CLUS_3674,3674 SC-PAG Lef1 Emx2 Gaba_1,CCN20230722_CLUS,CS20230722_SUPT_0843,CCN20230722_SUPT,4,3673,cluster,#1FCC6C,1,139
CS20230722_CLUS_3675,3675 SC-PAG Lef1 Emx2 Gaba_1,CCN20230722_CLUS,CS20230722_SUPT_0843,CCN20230722_SUPT,4,3674,cluster,#179199,1,72
CS20230722_CLUS_3676,3676 SC-PAG Lef1 Emx2 Gaba_1,CCN20230722_CLUS,CS20230722_SUPT_0843,CCN20230722_SUPT,4,3675,cluster,#00FF36,1,168
CS20230722_CLUS_3677,3677 SC-PAG Lef1 Emx2 Gaba_1,CCN20230722_CLUS,CS20230722_SUPT_0843,CCN20230722_SUPT,4,3676,cluster,#1F2566,1,320
CS20230722_CLUS_3678,3678 SC-PAG Lef1 Emx2 Gaba_1,CCN20230722_CLUS,CS20230722_SUPT_0843,CCN20230722_SUPT,4,3677,cluster,#46662E,1,38
CS20230722_CLUS_3679,3679 SC-PAG Lef1 Emx2 Gaba_1,CCN20230722_CLUS,CS20230722_SUPT_0843,CCN20230722_SUPT,4,3678,cluster,#87CC00,1,105
CS20230722_CLUS_3680,3680 SC-PAG Lef1 Emx2 Gaba_1,CCN20230722_CLUS,CS20230722_SUPT_0843,CCN20230722_SUPT,4,3679,cluster,#9A99FF,1,133
CS20230722_CLUS_3681,3681 SC-PAG Lef1 Emx2 Gaba_2,CCN20230722_CLUS,CS20230722_SUPT_0844,CCN20230722_SUPT,4,3680,cluster,#89992E,1,180
CS20230722_CLUS_3682,3682 SC-PAG Lef1 Emx2 Gaba_2,CCN20230722_CLUS,CS20230722_SUPT_0844,CCN20230722_SUPT,4,3681,cluster,#DA26FF,1,502
CS20230722_CLUS_3683,3683 SC-PAG Lef1 Emx2 Gaba_2,CCN20230722_CLUS,CS20230722_SUPT_0844,CCN20230722_SUPT,4,3682,cluster,#FC26FF,1,278
CS20230722_CLUS_3684,3684 SC-PAG Lef1 Emx2 Gaba_2,CCN20230722_CLUS,CS20230722_SUPT_0844,CCN20230722_SUPT,4,3683,cluster,#991799,1,336
CS20230722_CLUS_3685,3685 SC-PAG Lef1 Emx2 Gaba_2,CCN20230722_CLUS,CS20230722_SUPT_0844,CCN20230722_SUPT,4,3684,cluster,#26FFA3,1,270
CS20230722_CLUS_3686,3686 SC-PAG Lef1 Emx2 Gaba_2,CCN20230722_CLUS,CS20230722_SUPT_0844,CCN20230722_SUPT,4,3685,cluster,#CC7D5C,1,383
CS20230722_CLUS_3687,3687 SC-PAG Lef1 Emx2 Gaba_2,CCN20230722_CLUS,CS20230722_SUPT_0844,CCN20230722_SUPT,4,3686,cluster,#FF99FA,1,156
CS20230722_CLUS_3688,3688 SC-PAG Lef1 Emx2 Gaba_2,CCN20230722_CLUS,CS20230722_SUPT_0844,CCN20230722_SUPT,4,3687,cluster,#D200FF,1,451
CS20230722_CLUS_3689,3689 SC-PAG Lef1 Emx2 Gaba_2,CCN20230722_CLUS,CS20230722_SUPT_0844,CCN20230722_SUPT,4,3688,cluster,#CC895C,1,178
CS20230722_CLUS_3690,3690 SC-PAG Lef1 Emx2 Gaba_2,CCN20230722_CLUS,CS20230722_SUPT_0844,CCN20230722_SUPT,4,3689,cluster,#7A7DCC,1,93
CS20230722_CLUS_3691,3691 SC-PAG Lef1 Emx2 Gaba_3,CCN20230722_CLUS,CS20230722_SUPT_0845,CCN20230722_SUPT,4,3690,cluster,#FFE399,1,215
CS20230722_CLUS_3692,3692 SC-PAG Lef1 Emx2 Gaba_3,CCN20230722_CLUS,CS20230722_SUPT_0845,CCN20230722_SUPT,4,3691,cluster,#99612E,1,213
CS20230722_CLUS_3693,3693 SC-PAG Lef1 Emx2 Gaba_3,CCN20230722_CLUS,CS20230722_SUPT_0845,CCN20230722_SUPT,4,3692,cluster,#662E38,1,197
CS20230722_CLUS_3694,3694 SC-PAG Lef1 Emx2 Gaba_3,CCN20230722_CLUS,CS20230722_SUPT_0845,CCN20230722_SUPT,4,3693,cluster,#977ACC,1,137
CS20230722_CLUS_3695,3695 SC-PAG Lef1 Emx2 Gaba_4,CCN20230722_CLUS,CS20230722_SUPT_0846,CCN20230722_SUPT,4,3694,cluster,#995345,1,1406
CS20230722_CLUS_3696,3696 SC-PAG Lef1 Emx2 Gaba_4,CCN20230722_CLUS,CS20230722_SUPT_0846,CCN20230722_SUPT,4,3695,cluster,#3D7DCC,1,1161
CS20230722_CLUS_3697,3697 SC-PAG Lef1 Emx2 Gaba_4,CCN20230722_CLUS,CS20230722_SUPT_0846,CCN20230722_SUPT,4,3696,cluster,#3D3F66,1,196
CS20230722_CLUS_3698,3698 SC-PAG Lef1 Emx2 Gaba_4,CCN20230722_CLUS,CS20230722_SUPT_0846,CCN20230722_SUPT,4,3697,cluster,#7C0099,1,323
CS20230722_CLUS_3699,3699 SC-PAG Lef1 Emx2 Gaba_5,CCN20230722_CLUS,CS20230722_SUPT_0847,CCN20230722_SUPT,4,3698,cluster,#4DFFB0,1,75
CS20230722_CLUS_3700,3700 SC-PAG Lef1 Emx2 Gaba_5,CCN20230722_CLUS,CS20230722_SUPT_0847,CCN20230722_SUPT,4,3699,cluster,#83CC7A,1,134
CS20230722_CLUS_3701,3701 SCm-PAG Cdh23 Gaba_1,CCN20230722_CLUS,CS20230722_SUPT_0848,CCN20230722_SUPT,4,3700,cluster,#991F17,1,697
CS20230722_CLUS_3702,3702 SCm-PAG Cdh23 Gaba_1,CCN20230722_CLUS,CS20230722_SUPT_0848,CCN20230722_SUPT,4,3701,cluster,#660F5E,1,98
CS20230722_CLUS_3703,3703 SCm-PAG Cdh23 Gaba_1,CCN20230722_CLUS,CS20230722_SUPT_0848,CCN20230722_SUPT,4,3702,cluster,#2A0066,1,411
CS20230722_CLUS_3704,3704 SCm-PAG Cdh23 Gaba_1,CCN20230722_CLUS,CS20230722_SUPT_0848,CCN20230722_SUPT,4,3703,cluster,#2E5666,1,207
CS20230722_CLUS_3705,3705 SCm-PAG Cdh23 Gaba_1,CCN20230722_CLUS,CS20230722_SUPT_0848,CCN20230722_SUPT,4,3704,cluster,#9073FF,1,159
CS20230722_CLUS_3706,3706 SCm-PAG Cdh23 Gaba_1,CCN20230722_CLUS,CS20230722_SUPT_0848,CCN20230722_SUPT,4,3705,cluster,#3D4066,1,150
CS20230722_CLUS_3707,3707 SCm-PAG Cdh23 Gaba_1,CCN20230722_CLUS,CS20230722_SUPT_0848,CCN20230722_SUPT,4,3706,cluster,#2E4866,1,177
CS20230722_CLUS_3708,3708 SCm-PAG Cdh23 Gaba_1,CCN20230722_CLUS,CS20230722_SUPT_0848,CCN20230722_SUPT,4,3707,cluster,#FFFD73,1,125
CS20230722_CLUS_3709,3709 SCm-PAG Cdh23 Gaba_1,CCN20230722_CLUS,CS20230722_SUPT_0848,CCN20230722_SUPT,4,3708,cluster,#1F4966,1,80
CS20230722_CLUS_3710,3710 SCm-PAG Cdh23 Gaba_2,CCN20230722_CLUS,CS20230722_SUPT_0849,CCN20230722_SUPT,4,3709,cluster,#1F5766,1,540
CS20230722_CLUS_3711,3711 SCm-PAG Cdh23 Gaba_2,CCN20230722_CLUS,CS20230722_SUPT_0849,CCN20230722_SUPT,4,3710,cluster,#609917,1,443
CS20230722_CLUS_3712,3712 SCm-PAG Cdh23 Gaba_2,CCN20230722_CLUS,CS20230722_SUPT_0849,CCN20230722_SUPT,4,3711,cluster,#3D70CC,1,125
CS20230722_CLUS_3713,3713 SCm-PAG Cdh23 Gaba_2,CCN20230722_CLUS,CS20230722_SUPT_0849,CCN20230722_SUPT,4,3712,cluster,#2E6999,1,286
CS20230722_CLUS_3714,3714 SCm-PAG Cdh23 Gaba_3,CCN20230722_CLUS,CS20230722_SUPT_0850,CCN20230722_SUPT,4,3713,cluster,#524599,1,93
CS20230722_CLUS_3715,3715 SCm-PAG Cdh23 Gaba_3,CCN20230722_CLUS,CS20230722_SUPT_0850,CCN20230722_SUPT,4,3714,cluster,#B6FF26,1,73
CS20230722_CLUS_3716,3716 SCm-PAG Cdh23 Gaba_3,CCN20230722_CLUS,CS20230722_SUPT_0850,CCN20230722_SUPT,4,3715,cluster,#FFA873,1,340
CS20230722_CLUS_3717,3717 SCm-PAG Cdh23 Gaba_3,CCN20230722_CLUS,CS20230722_SUPT_0850,CCN20230722_SUPT,4,3716,cluster,#B700CC,1,204
CS20230722_CLUS_3718,3718 SCm-PAG Cdh23 Gaba_3,CCN20230722_CLUS,CS20230722_SUPT_0850,CCN20230722_SUPT,4,3717,cluster,#4DC5FF,1,167
CS20230722_CLUS_3719,3719 SCm-PAG Cdh23 Gaba_3,CCN20230722_CLUS,CS20230722_SUPT_0850,CCN20230722_SUPT,4,3718,cluster,#99FFD3,1,189
CS20230722_CLUS_3720,3720 SCm-PAG Cdh23 Gaba_4,CCN20230722_CLUS,CS20230722_SUPT_0851,CCN20230722_SUPT,4,3719,cluster,#73FF7C,1,402
CS20230722_CLUS_3721,3721 SCm-PAG Cdh23 Gaba_4,CCN20230722_CLUS,CS20230722_SUPT_0851,CCN20230722_SUPT,4,3720,cluster,#995C8D,1,66
CS20230722_CLUS_3722,3722 SCs Dmbx1 Gaba_1,CCN20230722_CLUS,CS20230722_SUPT_0852,CCN20230722_SUPT,4,3721,cluster,#4E6600,1,131
CS20230722_CLUS_3723,3723 SCs Dmbx1 Gaba_1,CCN20230722_CLUS,CS20230722_SUPT_0852,CCN20230722_SUPT,4,3722,cluster,#4D99FF,1,129
CS20230722_CLUS_3724,3724 SCs Dmbx1 Gaba_1,CCN20230722_CLUS,CS20230722_SUPT_0852,CCN20230722_SUPT,4,3723,cluster,#549917,1,317
CS20230722_CLUS_3725,3725 SCs Dmbx1 Gaba_1,CCN20230722_CLUS,CS20230722_SUPT_0852,CCN20230722_SUPT,4,3724,cluster,#2649FF,1,215
CS20230722_CLUS_3726,3726 SCs Dmbx1 Gaba_1,CCN20230722_CLUS,CS20230722_SUPT_0852,CCN20230722_SUPT,4,3725,cluster,#AA99FF,1,261
CS20230722_CLUS_3727,3727 SCs Dmbx1 Gaba_1,CCN20230722_CLUS,CS20230722_SUPT_0852,CCN20230722_SUPT,4,3726,cluster,#1F6639,1,61
CS20230722_CLUS_3728,3728 SCs Dmbx1 Gaba_1,CCN20230722_CLUS,CS20230722_SUPT_0852,CCN20230722_SUPT,4,3727,cluster,#660F35,1,245
CS20230722_CLUS_3729,3729 SCs Dmbx1 Gaba_2,CCN20230722_CLUS,CS20230722_SUPT_0853,CCN20230722_SUPT,4,3728,cluster,#0F1A66,1,999
CS20230722_CLUS_3730,3730 SCs Dmbx1 Gaba_2,CCN20230722_CLUS,CS20230722_SUPT_0853,CCN20230722_SUPT,4,3729,cluster,#50663D,1,213
CS20230722_CLUS_3731,3731 SCs Dmbx1 Gaba_2,CCN20230722_CLUS,CS20230722_SUPT_0853,CCN20230722_SUPT,4,3730,cluster,#1F88CC,1,966
CS20230722_CLUS_3732,3732 SCs Dmbx1 Gaba_3,CCN20230722_CLUS,CS20230722_SUPT_0854,CCN20230722_SUPT,4,3731,cluster,#661F65,1,322
CS20230722_CLUS_3733,3733 SCs Dmbx1 Gaba_3,CCN20230722_CLUS,CS20230722_SUPT_0854,CCN20230722_SUPT,4,3732,cluster,#CCAC7A,1,629
CS20230722_CLUS_3734,3734 SCs Dmbx1 Gaba_4,CCN20230722_CLUS,CS20230722_SUPT_0855,CCN20230722_SUPT,4,3733,cluster,#8ACC7A,1,71
CS20230722_CLUS_3735,3735 SCs Dmbx1 Gaba_4,CCN20230722_CLUS,CS20230722_SUPT_0855,CCN20230722_SUPT,4,3734,cluster,#206600,1,389
CS20230722_CLUS_3736,3736 SCs Dmbx1 Gaba_4,CCN20230722_CLUS,CS20230722_SUPT_0855,CCN20230722_SUPT,4,3735,cluster,#1F6658,1,174
CS20230722_CLUS_3737,3737 SCs Dmbx1 Gaba_4,CCN20230722_CLUS,CS20230722_SUPT_0855,CCN20230722_SUPT,4,3736,cluster,#1F2766,1,245
CS20230722_CLUS_3738,3738 SCs Dmbx1 Gaba_4,CCN20230722_CLUS,CS20230722_SUPT_0855,CCN20230722_SUPT,4,3737,cluster,#FF26D1,1,81
CS20230722_CLUS_3739,3739 SCs Dmbx1 Gaba_4,CCN20230722_CLUS,CS20230722_SUPT_0855,CCN20230722_SUPT,4,3738,cluster,#C2FF99,1,137
CS20230722_CLUS_3740,3740 SCs Dmbx1 Gaba_5,CCN20230722_CLUS,CS20230722_SUPT_0856,CCN20230722_SUPT,4,3739,cluster,#44662E,1,27
CS20230722_CLUS_3741,3741 SC Lef1 Otx2 Gaba_1,CCN20230722_CLUS,CS20230722_SUPT_0857,CCN20230722_SUPT,4,3740,cluster,#120099,1,916
CS20230722_CLUS_3742,3742 SC Lef1 Otx2 Gaba_1,CCN20230722_CLUS,CS20230722_SUPT_0857,CCN20230722_SUPT,4,3741,cluster,#00665C,1,1160
CS20230722_CLUS_3743,3743 SC Lef1 Otx2 Gaba_1,CCN20230722_CLUS,CS20230722_SUPT_0857,CCN20230722_SUPT,4,3742,cluster,#29661F,1,166
CS20230722_CLUS_3744,3744 SC Lef1 Otx2 Gaba_1,CCN20230722_CLUS,CS20230722_SUPT_0857,CCN20230722_SUPT,4,3743,cluster,#FF73A4,1,144
CS20230722_CLUS_3745,3745 SC Lef1 Otx2 Gaba_2,CCN20230722_CLUS,CS20230722_SUPT_0858,CCN20230722_SUPT,4,3744,cluster,#A8FF73,1,16
CS20230722_CLUS_3746,3746 SCs Pax7 Nfia Gaba_1,CCN20230722_CLUS,CS20230722_SUPT_0859,CCN20230722_SUPT,4,3745,cluster,#560066,1,112
CS20230722_CLUS_3747,3747 SCs Pax7 Nfia Gaba_1,CCN20230722_CLUS,CS20230722_SUPT_0859,CCN20230722_SUPT,4,3746,cluster,#5CCC94,1,131
CS20230722_CLUS_3748,3748 SCs Pax7 Nfia Gaba_1,CCN20230722_CLUS,CS20230722_SUPT_0859,CCN20230722_SUPT,4,3747,cluster,#CF99FF,1,218
CS20230722_CLUS_3749,3749 SCs Pax7 Nfia Gaba_1,CCN20230722_CLUS,CS20230722_SUPT_0859,CCN20230722_SUPT,4,3748,cluster,#1F3ECC,1,126
CS20230722_CLUS_3750,3750 SCs Pax7 Nfia Gaba_1,CCN20230722_CLUS,CS20230722_SUPT_0859,CCN20230722_SUPT,4,3749,cluster,#37662E,1,340
CS20230722_CLUS_3751,3751 SCs Pax7 Nfia Gaba_2,CCN20230722_CLUS,CS20230722_SUPT_0860,CCN20230722_SUPT,4,3750,cluster,#2E9969,1,463
CS20230722_CLUS_3752,3752 SCs Pax7 Nfia Gaba_2,CCN20230722_CLUS,CS20230722_SUPT_0860,CCN20230722_SUPT,4,3751,cluster,#66482E,1,207
CS20230722_CLUS_3753,3753 SCs Pax7 Nfia Gaba_2,CCN20230722_CLUS,CS20230722_SUPT_0860,CCN20230722_SUPT,4,3752,cluster,#4D663D,1,274
CS20230722_CLUS_3754,3754 SCs Pax7 Nfia Gaba_2,CCN20230722_CLUS,CS20230722_SUPT_0860,CCN20230722_SUPT,4,3753,cluster,#CCCC00,1,106
CS20230722_CLUS_3755,3755 SCs Pax7 Nfia Gaba_2,CCN20230722_CLUS,CS20230722_SUPT_0860,CCN20230722_SUPT,4,3754,cluster,#26CDFF,1,324
CS20230722_CLUS_3756,3756 SCs Pax7 Nfia Gaba_3,CCN20230722_CLUS,CS20230722_SUPT_0861,CCN20230722_SUPT,4,3755,cluster,#81CC7A,1,411
CS20230722_CLUS_3757,3757 SCs Pax7 Nfia Gaba_3,CCN20230722_CLUS,CS20230722_SUPT_0861,CCN20230722_SUPT,4,3756,cluster,#54FF26,1,326
CS20230722_CLUS_3758,3758 SCs Pax7 Nfia Gaba_4,CCN20230722_CLUS,CS20230722_SUPT_0862,CCN20230722_SUPT,4,3757,cluster,#915C99,1,129
CS20230722_CLUS_3759,3759 SCs Pax7 Nfia Gaba_5,CCN20230722_CLUS,CS20230722_SUPT_0863,CCN20230722_SUPT,4,3758,cluster,#73B1FF,1,154
CS20230722_CLUS_3760,3760 PRT Mecom Gaba_1,CCN20230722_CLUS,CS20230722_SUPT_0864,CCN20230722_SUPT,4,3759,cluster,#26FF2E,1,78
CS20230722_CLUS_3761,3761 PRT Mecom Gaba_1,CCN20230722_CLUS,CS20230722_SUPT_0864,CCN20230722_SUPT,4,3760,cluster,#1F1FCC,1,193
CS20230722_CLUS_3762,3762 PRT Mecom Gaba_1,CCN20230722_CLUS,CS20230722_SUPT_0864,CCN20230722_SUPT,4,3761,cluster,#5E3D66,1,83
CS20230722_CLUS_3763,3763 PRT Mecom Gaba_1,CCN20230722_CLUS,CS20230722_SUPT_0864,CCN20230722_SUPT,4,3762,cluster,#66493D,1,48
CS20230722_CLUS_3764,3764 PRT Mecom Gaba_1,CCN20230722_CLUS,CS20230722_SUPT_0864,CCN20230722_SUPT,4,3763,cluster,#472E99,1,49
CS20230722_CLUS_3765,3765 PRT Mecom Gaba_1,CCN20230722_CLUS,CS20230722_SUPT_0864,CCN20230722_SUPT,4,3764,cluster,#FF999C,1,96
CS20230722_CLUS_3766,3766 PRT Mecom Gaba_1,CCN20230722_CLUS,CS20230722_SUPT_0864,CCN20230722_SUPT,4,3765,cluster,#F54DFF,1,162
CS20230722_CLUS_3767,3767 PRT Mecom Gaba_1,CCN20230722_CLUS,CS20230722_SUPT_0864,CCN20230722_SUPT,4,3766,cluster,#99982E,1,137
CS20230722_CLUS_3768,3768 PRT Mecom Gaba_1,CCN20230722_CLUS,CS20230722_SUPT_0864,CCN20230722_SUPT,4,3767,cluster,#00CC3F,1,46
CS20230722_CLUS_3769,3769 PRT Mecom Gaba_1,CCN20230722_CLUS,CS20230722_SUPT_0864,CCN20230722_SUPT,4,3768,cluster,#0F6643,1,52
CS20230722_CLUS_3770,3770 PRT Mecom Gaba_1,CCN20230722_CLUS,CS20230722_SUPT_0864,CCN20230722_SUPT,4,3769,cluster,#FF73FC,1,85
CS20230722_CLUS_3771,3771 PRT Mecom Gaba_2,CCN20230722_CLUS,CS20230722_SUPT_0865,CCN20230722_SUPT,4,3770,cluster,#CC5E5C,1,495
CS20230722_CLUS_3772,3772 PRT Mecom Gaba_2,CCN20230722_CLUS,CS20230722_SUPT_0865,CCN20230722_SUPT,4,3771,cluster,#CC7A8F,1,118
CS20230722_CLUS_3773,3773 PRT Mecom Gaba_2,CCN20230722_CLUS,CS20230722_SUPT_0865,CCN20230722_SUPT,4,3772,cluster,#319917,1,185
CS20230722_CLUS_3774,3774 PRT Mecom Gaba_3,CCN20230722_CLUS,CS20230722_SUPT_0866,CCN20230722_SUPT,4,3773,cluster,#FFE599,1,199
CS20230722_CLUS_3775,3775 PRT Mecom Gaba_3,CCN20230722_CLUS,CS20230722_SUPT_0866,CCN20230722_SUPT,4,3774,cluster,#899917,1,56
CS20230722_CLUS_3776,3776 PRT Mecom Gaba_3,CCN20230722_CLUS,CS20230722_SUPT_0866,CCN20230722_SUPT,4,3775,cluster,#FF26CC,1,18
CS20230722_CLUS_3777,3777 PRT Mecom Gaba_3,CCN20230722_CLUS,CS20230722_SUPT_0866,CCN20230722_SUPT,4,3776,cluster,#663D49,1,202
CS20230722_CLUS_3778,3778 PRT Mecom Gaba_3,CCN20230722_CLUS,CS20230722_SUPT_0866,CCN20230722_SUPT,4,3777,cluster,#CCC51F,1,55
CS20230722_CLUS_3779,3779 PRT Mecom Gaba_3,CCN20230722_CLUS,CS20230722_SUPT_0866,CCN20230722_SUPT,4,3778,cluster,#EF73FF,1,58
CS20230722_CLUS_3780,3780 PRT Mecom Gaba_3,CCN20230722_CLUS,CS20230722_SUPT_0866,CCN20230722_SUPT,4,3779,cluster,#1FCC7C,1,80
CS20230722_CLUS_3781,3781 SC Tnnt1 Gli3 Gaba_1,CCN20230722_CLUS,CS20230722_SUPT_0867,CCN20230722_SUPT,4,3780,cluster,#26EFFF,1,625
CS20230722_CLUS_3782,3782 SC Tnnt1 Gli3 Gaba_1,CCN20230722_CLUS,CS20230722_SUPT_0867,CCN20230722_SUPT,4,3781,cluster,#663D4D,1,30
CS20230722_CLUS_3783,3783 SC Tnnt1 Gli3 Gaba_2,CCN20230722_CLUS,CS20230722_SUPT_0868,CCN20230722_SUPT,4,3782,cluster,#CC3C1F,1,81
CS20230722_CLUS_3784,3784 SC Tnnt1 Gli3 Gaba_2,CCN20230722_CLUS,CS20230722_SUPT_0868,CCN20230722_SUPT,4,3783,cluster,#179963,1,93
CS20230722_CLUS_3785,3785 SC Tnnt1 Gli3 Gaba_2,CCN20230722_CLUS,CS20230722_SUPT_0868,CCN20230722_SUPT,4,3784,cluster,#1FCC84,1,77
CS20230722_CLUS_3786,3786 SC Tnnt1 Gli3 Gaba_2,CCN20230722_CLUS,CS20230722_SUPT_0868,CCN20230722_SUPT,4,3785,cluster,#991730,1,200
CS20230722_CLUS_3787,3787 SC Tnnt1 Gli3 Gaba_2,CCN20230722_CLUS,CS20230722_SUPT_0868,CCN20230722_SUPT,4,3786,cluster,#7ACC84,1,371
CS20230722_CLUS_3788,3788 SC Tnnt1 Gli3 Gaba_2,CCN20230722_CLUS,CS20230722_SUPT_0868,CCN20230722_SUPT,4,3787,cluster,#CCA37A,1,162
CS20230722_CLUS_3789,3789 SCs Lef1 Gli3 Gaba_1,CCN20230722_CLUS,CS20230722_SUPT_0869,CCN20230722_SUPT,4,3788,cluster,#2B9917,1,30
CS20230722_CLUS_3790,3790 SCs Lef1 Gli3 Gaba_1,CCN20230722_CLUS,CS20230722_SUPT_0869,CCN20230722_SUPT,4,3789,cluster,#4DFFD8,1,553
CS20230722_CLUS_3791,3791 SCs Lef1 Gli3 Gaba_1,CCN20230722_CLUS,CS20230722_SUPT_0869,CCN20230722_SUPT,4,3790,cluster,#26FF81,1,562
CS20230722_CLUS_3792,3792 SCs Lef1 Gli3 Gaba_1,CCN20230722_CLUS,CS20230722_SUPT_0869,CCN20230722_SUPT,4,3791,cluster,#643D66,1,393
CS20230722_CLUS_3793,3793 SCs Lef1 Gli3 Gaba_2,CCN20230722_CLUS,CS20230722_SUPT_0870,CCN20230722_SUPT,4,3792,cluster,#3D6644,1,66
CS20230722_CLUS_3794,3794 SCs Lef1 Gli3 Gaba_2,CCN20230722_CLUS,CS20230722_SUPT_0870,CCN20230722_SUPT,4,3793,cluster,#175499,1,267
CS20230722_CLUS_3795,3795 SCs Lef1 Gli3 Gaba_3,CCN20230722_CLUS,CS20230722_SUPT_0871,CCN20230722_SUPT,4,3794,cluster,#69995C,1,66
CS20230722_CLUS_3796,3796 SCs Lef1 Gli3 Gaba_3,CCN20230722_CLUS,CS20230722_SUPT_0871,CCN20230722_SUPT,4,3795,cluster,#D8FF26,1,203
CS20230722_CLUS_3797,3797 SCsg Gabrr2 Gaba_1,CCN20230722_CLUS,CS20230722_SUPT_0872,CCN20230722_SUPT,4,3796,cluster,#3D8ACC,1,1305
CS20230722_CLUS_3798,3798 SCsg Gabrr2 Gaba_1,CCN20230722_CLUS,CS20230722_SUPT_0872,CCN20230722_SUPT,4,3797,cluster,#AE26FF,1,950
CS20230722_CLUS_3799,3799 SCsg Gabrr2 Gaba_1,CCN20230722_CLUS,CS20230722_SUPT_0872,CCN20230722_SUPT,4,3798,cluster,#3A1F66,1,742
CS20230722_CLUS_3800,3800 SCsg Gabrr2 Gaba_1,CCN20230722_CLUS,CS20230722_SUPT_0872,CCN20230722_SUPT,4,3799,cluster,#26660F,1,679
CS20230722_CLUS_3801,3801 SCsg Gabrr2 Gaba_1,CCN20230722_CLUS,CS20230722_SUPT_0872,CCN20230722_SUPT,4,3800,cluster,#26FFC1,1,227
CS20230722_CLUS_3802,3802 SCsg Gabrr2 Gaba_1,CCN20230722_CLUS,CS20230722_SUPT_0872,CCN20230722_SUPT,4,3801,cluster,#CEFF4D,1,113
CS20230722_CLUS_3803,3803 SCsg Gabrr2 Gaba_1,CCN20230722_CLUS,CS20230722_SUPT_0872,CCN20230722_SUPT,4,3802,cluster,#3426FF,1,273
CS20230722_CLUS_3804,3804 SCsg Gabrr2 Gaba_1,CCN20230722_CLUS,CS20230722_SUPT_0872,CCN20230722_SUPT,4,3803,cluster,#663D48,1,431
CS20230722_CLUS_3805,3805 SCsg Gabrr2 Gaba_1,CCN20230722_CLUS,CS20230722_SUPT_0872,CCN20230722_SUPT,4,3804,cluster,#CC5C5D,1,176
CS20230722_CLUS_3806,3806 SCsg Gabrr2 Gaba_1,CCN20230722_CLUS,CS20230722_SUPT_0872,CCN20230722_SUPT,4,3805,cluster,#FF4600,1,103
CS20230722_CLUS_3807,3807 SCsg Gabrr2 Gaba_1,CCN20230722_CLUS,CS20230722_SUPT_0872,CCN20230722_SUPT,4,3806,cluster,#CC5C97,1,356
CS20230722_CLUS_3808,3808 SCsg Gabrr2 Gaba_2,CCN20230722_CLUS,CS20230722_SUPT_0873,CCN20230722_SUPT,4,3807,cluster,#649945,1,343
CS20230722_CLUS_3809,3809 SCsg Gabrr2 Gaba_2,CCN20230722_CLUS,CS20230722_SUPT_0873,CCN20230722_SUPT,4,3808,cluster,#614599,1,751
CS20230722_CLUS_3810,3810 SCsg Gabrr2 Gaba_2,CCN20230722_CLUS,CS20230722_SUPT_0873,CCN20230722_SUPT,4,3809,cluster,#CC7A91,1,1335
CS20230722_CLUS_3811,3811 SCsg Gabrr2 Gaba_2,CCN20230722_CLUS,CS20230722_SUPT_0873,CCN20230722_SUPT,4,3810,cluster,#00CBCC,1,445
CS20230722_CLUS_3812,3812 SCsg Gabrr2 Gaba_2,CCN20230722_CLUS,CS20230722_SUPT_0873,CCN20230722_SUPT,4,3811,cluster,#CC867A,1,175
CS20230722_CLUS_3813,3813 SCsg Gabrr2 Gaba_2,CCN20230722_CLUS,CS20230722_SUPT_0873,CCN20230722_SUPT,4,3812,cluster,#1F70CC,1,714
CS20230722_CLUS_3814,3814 SCsg Gabrr2 Gaba_2,CCN20230722_CLUS,CS20230722_SUPT_0873,CCN20230722_SUPT,4,3813,cluster,#483DCC,1,70
CS20230722_CLUS_3815,3815 SCsg Gabrr2 Gaba_3,CCN20230722_CLUS,CS20230722_SUPT_0874,CCN20230722_SUPT,4,3814,cluster,#A4CC1F,1,311
CS20230722_CLUS_3816,3816 SCsg Gabrr2 Gaba_3,CCN20230722_CLUS,CS20230722_SUPT_0874,CCN20230722_SUPT,4,3815,cluster,#99665C,1,327
CS20230722_CLUS_3817,3817 SCsg Gabrr2 Gaba_3,CCN20230722_CLUS,CS20230722_SUPT_0874,CCN20230722_SUPT,4,3816,cluster,#CC5C6E,1,499
CS20230722_CLUS_3818,3818 SCsg Gabrr2 Gaba_3,CCN20230722_CLUS,CS20230722_SUPT_0874,CCN20230722_SUPT,4,3817,cluster,#AFFF73,1,216
CS20230722_CLUS_3819,3819 SCsg Gabrr2 Gaba_3,CCN20230722_CLUS,CS20230722_SUPT_0874,CCN20230722_SUPT,4,3818,cluster,#6DCC3D,1,223
CS20230722_CLUS_3820,3820 SCsg Gabrr2 Gaba_3,CCN20230722_CLUS,CS20230722_SUPT_0874,CCN20230722_SUPT,4,3819,cluster,#5C662E,1,894
CS20230722_CLUS_3821,3821 SCsg Gabrr2 Gaba_4,CCN20230722_CLUS,CS20230722_SUPT_0875,CCN20230722_SUPT,4,3820,cluster,#66471F,1,233
CS20230722_CLUS_3822,3822 SCsg Gabrr2 Gaba_4,CCN20230722_CLUS,CS20230722_SUPT_0875,CCN20230722_SUPT,4,3821,cluster,#2E9992,1,92
CS20230722_CLUS_3823,3823 SCsg Gabrr2 Gaba_4,CCN20230722_CLUS,CS20230722_SUPT_0875,CCN20230722_SUPT,4,3822,cluster,#2E4766,1,234
CS20230722_CLUS_3824,3824 SCsg Gabrr2 Gaba_4,CCN20230722_CLUS,CS20230722_SUPT_0875,CCN20230722_SUPT,4,3823,cluster,#73DAFF,1,1945
CS20230722_CLUS_3825,3825 SCsg Gabrr2 Gaba_4,CCN20230722_CLUS,CS20230722_SUPT_0875,CCN20230722_SUPT,4,3824,cluster,#049900,1,488
CS20230722_CLUS_3826,3826 SCsg Gabrr2 Gaba_5,CCN20230722_CLUS,CS20230722_SUPT_0876,CCN20230722_SUPT,4,3825,cluster,#40663D,1,201
CS20230722_CLUS_3827,3827 SCsg Gabrr2 Gaba_5,CCN20230722_CLUS,CS20230722_SUPT_0876,CCN20230722_SUPT,4,3826,cluster,#2000FF,1,948
CS20230722_CLUS_3828,3828 IPN Otp Crisp1 Gaba_1,CCN20230722_CLUS,CS20230722_SUPT_0877,CCN20230722_SUPT,4,3827,cluster,#009903,1,60
CS20230722_CLUS_3829,3829 IPN Otp Crisp1 Gaba_1,CCN20230722_CLUS,CS20230722_SUPT_0877,CCN20230722_SUPT,4,3828,cluster,#421FCC,1,355
CS20230722_CLUS_3830,3830 IPN Otp Crisp1 Gaba_1,CCN20230722_CLUS,CS20230722_SUPT_0877,CCN20230722_SUPT,4,3829,cluster,#FF99BF,1,129
CS20230722_CLUS_3831,3831 IPN Otp Crisp1 Gaba_2,CCN20230722_CLUS,CS20230722_SUPT_0878,CCN20230722_SUPT,4,3830,cluster,#00CBFF,1,911
CS20230722_CLUS_3832,3832 IPN Otp Crisp1 Gaba_2,CCN20230722_CLUS,CS20230722_SUPT_0878,CCN20230722_SUPT,4,3831,cluster,#7AA7CC,1,180
CS20230722_CLUS_3833,3833 IPN Otp Crisp1 Gaba_2,CCN20230722_CLUS,CS20230722_SUPT_0878,CCN20230722_SUPT,4,3832,cluster,#A65CCC,1,567
CS20230722_CLUS_3834,3834 IPN Otp Crisp1 Gaba_2,CCN20230722_CLUS,CS20230722_SUPT_0878,CCN20230722_SUPT,4,3833,cluster,#FFE700,1,673
CS20230722_CLUS_3835,3835 IPN Otp Crisp1 Gaba_2,CCN20230722_CLUS,CS20230722_SUPT_0878,CCN20230722_SUPT,4,3834,cluster,#45FF26,1,125
CS20230722_CLUS_3836,3836 IPN Otp Crisp1 Gaba_3,CCN20230722_CLUS,CS20230722_SUPT_0879,CCN20230722_SUPT,4,3835,cluster,#45996E,1,87
CS20230722_CLUS_3837,3837 SNc-VTA-RAmb Foxa1 Dopa_1,CCN20230722_CLUS,CS20230722_SUPT_0880,CCN20230722_SUPT,4,3836,cluster,#F573FF,1,67
CS20230722_CLUS_3838,3838 SNc-VTA-RAmb Foxa1 Dopa_1,CCN20230722_CLUS,CS20230722_SUPT_0880,CCN20230722_SUPT,4,3837,cluster,#995C86,1,99
CS20230722_CLUS_3839,3839 SNc-VTA-RAmb Foxa1 Dopa_1,CCN20230722_CLUS,CS20230722_SUPT_0880,CCN20230722_SUPT,4,3838,cluster,#003466,1,48
CS20230722_CLUS_3840,3840 SNc-VTA-RAmb Foxa1 Dopa_1,CCN20230722_CLUS,CS20230722_SUPT_0880,CCN20230722_SUPT,4,3839,cluster,#99FFAC,1,83
CS20230722_CLUS_3841,3841 SNc-VTA-RAmb Foxa1 Dopa_1,CCN20230722_CLUS,CS20230722_SUPT_0880,CCN20230722_SUPT,4,3840,cluster,#5C9399,1,89
CS20230722_CLUS_3842,3842 SNc-VTA-RAmb Foxa1 Dopa_1,CCN20230722_CLUS,CS20230722_SUPT_0880,CCN20230722_SUPT,4,3841,cluster,#553DCC,1,94
CS20230722_CLUS_3843,3843 SNc-VTA-RAmb Foxa1 Dopa_1,CCN20230722_CLUS,CS20230722_SUPT_0880,CCN20230722_SUPT,4,3842,cluster,#1F6653,1,54
CS20230722_CLUS_3844,3844 SNc-VTA-RAmb Foxa1 Dopa_1,CCN20230722_CLUS,CS20230722_SUPT_0880,CCN20230722_SUPT,4,3843,cluster,#53661F,1,148
CS20230722_CLUS_3845,3845 SNc-VTA-RAmb Foxa1 Dopa_2,CCN20230722_CLUS,CS20230722_SUPT_0881,CCN20230722_SUPT,4,3844,cluster,#4A0066,1,34
CS20230722_CLUS_3846,3846 SNc-VTA-RAmb Foxa1 Dopa_2,CCN20230722_CLUS,CS20230722_SUPT_0881,CCN20230722_SUPT,4,3845,cluster,#73F0FF,1,81
CS20230722_CLUS_3847,3847 SNc-VTA-RAmb Foxa1 Dopa_2,CCN20230722_CLUS,CS20230722_SUPT_0881,CCN20230722_SUPT,4,3846,cluster,#991724,1,43
CS20230722_CLUS_3848,3848 SNc-VTA-RAmb Foxa1 Dopa_2,CCN20230722_CLUS,CS20230722_SUPT_0881,CCN20230722_SUPT,4,3847,cluster,#665C2E,1,39
CS20230722_CLUS_3849,3849 SNc-VTA-RAmb Foxa1 Dopa_2,CCN20230722_CLUS,CS20230722_SUPT_0881,CCN20230722_SUPT,4,3848,cluster,#FFB300,1,116
CS20230722_CLUS_3850,3850 SNc-VTA-RAmb Foxa1 Dopa_2,CCN20230722_CLUS,CS20230722_SUPT_0881,CCN20230722_SUPT,4,3849,cluster,#660038,1,25
CS20230722_CLUS_3851,3851 SNc-VTA-RAmb Foxa1 Dopa_2,CCN20230722_CLUS,CS20230722_SUPT_0881,CCN20230722_SUPT,4,3850,cluster,#74CC5C,1,62
CS20230722_CLUS_3852,3852 SNc-VTA-RAmb Foxa1 Dopa_2,CCN20230722_CLUS,CS20230722_SUPT_0881,CCN20230722_SUPT,4,3851,cluster,#00DDFF,1,63
CS20230722_CLUS_3853,3853 SNc-VTA-RAmb Foxa1 Dopa_3,CCN20230722_CLUS,CS20230722_SUPT_0882,CCN20230722_SUPT,4,3852,cluster,#5CCCB2,1,151
CS20230722_CLUS_3854,3854 SNc-VTA-RAmb Foxa1 Dopa_3,CCN20230722_CLUS,CS20230722_SUPT_0882,CCN20230722_SUPT,4,3853,cluster,#FF4DF9,1,66
CS20230722_CLUS_3855,3855 SNc-VTA-RAmb Foxa1 Dopa_3,CCN20230722_CLUS,CS20230722_SUPT_0882,CCN20230722_SUPT,4,3854,cluster,#CC1FAE,1,198
CS20230722_CLUS_3856,3856 SNc-VTA-RAmb Foxa1 Dopa_3,CCN20230722_CLUS,CS20230722_SUPT_0882,CCN20230722_SUPT,4,3855,cluster,#A54DFF,1,118
CS20230722_CLUS_3857,3857 SNc-VTA-RAmb Foxa1 Dopa_3,CCN20230722_CLUS,CS20230722_SUPT_0882,CCN20230722_SUPT,4,3856,cluster,#2F0066,1,174
CS20230722_CLUS_3858,3858 SNc-VTA-RAmb Foxa1 Dopa_3,CCN20230722_CLUS,CS20230722_SUPT_0882,CCN20230722_SUPT,4,3857,cluster,#00A6CC,1,154
CS20230722_CLUS_3859,3859 SNc-VTA-RAmb Foxa1 Dopa_3,CCN20230722_CLUS,CS20230722_SUPT_0882,CCN20230722_SUPT,4,3858,cluster,#2E663F,1,42
CS20230722_CLUS_3860,3860 SNc-VTA-RAmb Foxa1 Dopa_4,CCN20230722_CLUS,CS20230722_SUPT_0883,CCN20230722_SUPT,4,3859,cluster,#26FF4B,1,124
CS20230722_CLUS_3861,3861 SNc-VTA-RAmb Foxa1 Dopa_4,CCN20230722_CLUS,CS20230722_SUPT_0883,CCN20230722_SUPT,4,3860,cluster,#1F5966,1,177
CS20230722_CLUS_3862,3862 SNc-VTA-RAmb Foxa1 Dopa_4,CCN20230722_CLUS,CS20230722_SUPT_0883,CCN20230722_SUPT,4,3861,cluster,#421F66,1,196
CS20230722_CLUS_3863,3863 SNc-VTA-RAmb Foxa1 Dopa_4,CCN20230722_CLUS,CS20230722_SUPT_0883,CCN20230722_SUPT,4,3862,cluster,#7AADCC,1,290
CS20230722_CLUS_3864,3864 SNc-VTA-RAmb Foxa1 Dopa_4,CCN20230722_CLUS,CS20230722_SUPT_0883,CCN20230722_SUPT,4,3863,cluster,#5C9965,1,297
CS20230722_CLUS_3865,3865 SNc-VTA-RAmb Foxa1 Dopa_4,CCN20230722_CLUS,CS20230722_SUPT_0883,CCN20230722_SUPT,4,3864,cluster,#601F66,1,77
CS20230722_CLUS_3866,3866 SNc-VTA-RAmb Foxa1 Dopa_4,CCN20230722_CLUS,CS20230722_SUPT_0883,CCN20230722_SUPT,4,3865,cluster,#FFA74D,1,81
CS20230722_CLUS_3867,3867 SNc-VTA-RAmb Foxa1 Dopa_5,CCN20230722_CLUS,CS20230722_SUPT_0884,CCN20230722_SUPT,4,3866,cluster,#A41FCC,1,57
CS20230722_CLUS_3868,3868 SNc-VTA-RAmb Foxa1 Dopa_5,CCN20230722_CLUS,CS20230722_SUPT_0884,CCN20230722_SUPT,4,3867,cluster,#450F66,1,73
CS20230722_CLUS_3869,3869 SNc-VTA-RAmb Foxa1 Dopa_5,CCN20230722_CLUS,CS20230722_SUPT_0884,CCN20230722_SUPT,4,3868,cluster,#2E3B99,1,113
CS20230722_CLUS_3870,3870 SNc-VTA-RAmb Foxa1 Dopa_5,CCN20230722_CLUS,CS20230722_SUPT_0884,CCN20230722_SUPT,4,3869,cluster,#3D665B,1,54
CS20230722_CLUS_3871,3871 SNc-VTA-RAmb Foxa1 Dopa_6,CCN20230722_CLUS,CS20230722_SUPT_0885,CCN20230722_SUPT,4,3870,cluster,#997F5C,1,95
CS20230722_CLUS_3872,3872 SNc-VTA-RAmb Foxa1 Dopa_6,CCN20230722_CLUS,CS20230722_SUPT_0885,CCN20230722_SUPT,4,3871,cluster,#663D5B,1,79
CS20230722_CLUS_3873,3873 SNc-VTA-RAmb Foxa1 Dopa_6,CCN20230722_CLUS,CS20230722_SUPT_0885,CCN20230722_SUPT,4,3872,cluster,#7ACCB4,1,28
CS20230722_CLUS_3874,3874 SNc-VTA-RAmb Foxa1 Dopa_6,CCN20230722_CLUS,CS20230722_SUPT_0885,CCN20230722_SUPT,4,3873,cluster,#66593D,1,71
CS20230722_CLUS_3875,3875 SNc-VTA-RAmb Foxa1 Dopa_7,CCN20230722_CLUS,CS20230722_SUPT_0886,CCN20230722_SUPT,4,3874,cluster,#B94DFF,1,70
CS20230722_CLUS_3876,3876 SNc-VTA-RAmb Foxa1 Dopa_7,CCN20230722_CLUS,CS20230722_SUPT_0886,CCN20230722_SUPT,4,3875,cluster,#3D73CC,1,51
CS20230722_CLUS_3877,3877 SNc-VTA-RAmb Foxa1 Dopa_8,CCN20230722_CLUS,CS20230722_SUPT_0887,CCN20230722_SUPT,4,3876,cluster,#69992E,1,90
CS20230722_CLUS_3878,3878 SNc-VTA-RAmb Foxa1 Dopa_8,CCN20230722_CLUS,CS20230722_SUPT_0887,CCN20230722_SUPT,4,3877,cluster,#459984,1,48
CS20230722_CLUS_3879,3879 SNc-VTA-RAmb Foxa1 Dopa_8,CCN20230722_CLUS,CS20230722_SUPT_0887,CCN20230722_SUPT,4,3878,cluster,#FF4D84,1,182
CS20230722_CLUS_3880,3880 MB-MY Tph2 Glut-Sero_1,CCN20230722_CLUS,CS20230722_SUPT_0888,CCN20230722_SUPT,4,3879,cluster,#FF8F26,1,77
CS20230722_CLUS_3881,3881 MB-MY Tph2 Glut-Sero_1,CCN20230722_CLUS,CS20230722_SUPT_0888,CCN20230722_SUPT,4,3880,cluster,#CC003C,1,69
CS20230722_CLUS_3882,3882 MB-MY Tph2 Glut-Sero_1,CCN20230722_CLUS,CS20230722_SUPT_0888,CCN20230722_SUPT,4,3881,cluster,#1FCC87,1,81
CS20230722_CLUS_3883,3883 MB-MY Tph2 Glut-Sero_1,CCN20230722_CLUS,CS20230722_SUPT_0888,CCN20230722_SUPT,4,3882,cluster,#995C79,1,91
CS20230722_CLUS_3884,3884 MB-MY Tph2 Glut-Sero_1,CCN20230722_CLUS,CS20230722_SUPT_0888,CCN20230722_SUPT,4,3883,cluster,#7B9945,1,102
CS20230722_CLUS_3885,3885 MB-MY Tph2 Glut-Sero_1,CCN20230722_CLUS,CS20230722_SUPT_0888,CCN20230722_SUPT,4,3884,cluster,#002D66,1,135
CS20230722_CLUS_3886,3886 MB-MY Tph2 Glut-Sero_1,CCN20230722_CLUS,CS20230722_SUPT_0888,CCN20230722_SUPT,4,3885,cluster,#00993A,1,40
CS20230722_CLUS_3887,3887 MB-MY Tph2 Glut-Sero_1,CCN20230722_CLUS,CS20230722_SUPT_0888,CCN20230722_SUPT,4,3886,cluster,#994745,1,66
CS20230722_CLUS_3888,3888 MB-MY Tph2 Glut-Sero_2,CCN20230722_CLUS,CS20230722_SUPT_0889,CCN20230722_SUPT,4,3887,cluster,#02CC00,1,68
CS20230722_CLUS_3889,3889 MB-MY Tph2 Glut-Sero_2,CCN20230722_CLUS,CS20230722_SUPT_0889,CCN20230722_SUPT,4,3888,cluster,#2E5199,1,95
CS20230722_CLUS_3890,3890 MB-MY Tph2 Glut-Sero_2,CCN20230722_CLUS,CS20230722_SUPT_0889,CCN20230722_SUPT,4,3889,cluster,#CCC37A,1,124
CS20230722_CLUS_3891,3891 MB-MY Tph2 Glut-Sero_2,CCN20230722_CLUS,CS20230722_SUPT_0889,CCN20230722_SUPT,4,3890,cluster,#5CCC7D,1,85
CS20230722_CLUS_3892,3892 MB-MY Tph2 Glut-Sero_2,CCN20230722_CLUS,CS20230722_SUPT_0889,CCN20230722_SUPT,4,3891,cluster,#CA99FF,1,53
CS20230722_CLUS_3893,3893 MB-MY Tph2 Glut-Sero_2,CCN20230722_CLUS,CS20230722_SUPT_0889,CCN20230722_SUPT,4,3892,cluster,#CC007C,1,75
CS20230722_CLUS_3894,3894 MB-MY Tph2 Glut-Sero_2,CCN20230722_CLUS,CS20230722_SUPT_0889,CCN20230722_SUPT,4,3893,cluster,#66503D,1,44
CS20230722_CLUS_3895,3895 MB-MY Tph2 Glut-Sero_2,CCN20230722_CLUS,CS20230722_SUPT_0889,CCN20230722_SUPT,4,3894,cluster,#A6CC7A,1,84
CS20230722_CLUS_3896,3896 MB-MY Tph2 Glut-Sero_3,CCN20230722_CLUS,CS20230722_SUPT_0890,CCN20230722_SUPT,4,3895,cluster,#62662E,1,55
CS20230722_CLUS_3897,3897 MB-MY Tph2 Glut-Sero_3,CCN20230722_CLUS,CS20230722_SUPT_0890,CCN20230722_SUPT,4,3896,cluster,#F2FF99,1,104
CS20230722_CLUS_3898,3898 MB-MY Tph2 Glut-Sero_3,CCN20230722_CLUS,CS20230722_SUPT_0890,CCN20230722_SUPT,4,3897,cluster,#662E34,1,198
CS20230722_CLUS_3899,3899 MB-MY Tph2 Glut-Sero_3,CCN20230722_CLUS,CS20230722_SUPT_0890,CCN20230722_SUPT,4,3898,cluster,#662E2F,1,55
CS20230722_CLUS_3900,3900 MB-MY Tph2 Glut-Sero_3,CCN20230722_CLUS,CS20230722_SUPT_0890,CCN20230722_SUPT,4,3899,cluster,#F7FF99,1,36
CS20230722_CLUS_3901,3901 MB-MY Tph2 Glut-Sero_3,CCN20230722_CLUS,CS20230722_SUPT_0890,CCN20230722_SUPT,4,3900,cluster,#66004B,1,59
CS20230722_CLUS_3902,3902 MB-MY Tph2 Glut-Sero_4,CCN20230722_CLUS,CS20230722_SUPT_0891,CCN20230722_SUPT,4,3901,cluster,#66995C,1,70
CS20230722_CLUS_3903,3903 MB-MY Tph2 Glut-Sero_4,CCN20230722_CLUS,CS20230722_SUPT_0891,CCN20230722_SUPT,4,3902,cluster,#9ECC7A,1,53
CS20230722_CLUS_3904,3904 MB-MY Tph2 Glut-Sero_4,CCN20230722_CLUS,CS20230722_SUPT_0891,CCN20230722_SUPT,4,3903,cluster,#459960,1,107
CS20230722_CLUS_3905,3905 MB-MY Tph2 Glut-Sero_4,CCN20230722_CLUS,CS20230722_SUPT_0891,CCN20230722_SUPT,4,3904,cluster,#CC8B7A,1,25
CS20230722_CLUS_3906,3906 MB-MY Tph2 Glut-Sero_4,CCN20230722_CLUS,CS20230722_SUPT_0891,CCN20230722_SUPT,4,3905,cluster,#4F0066,1,16
CS20230722_CLUS_3907,3907 MB-MY Tph2 Glut-Sero_5,CCN20230722_CLUS,CS20230722_SUPT_0892,CCN20230722_SUPT,4,3906,cluster,#3D4366,1,29
CS20230722_CLUS_3908,3908 MB-MY Tph2 Glut-Sero_5,CCN20230722_CLUS,CS20230722_SUPT_0892,CCN20230722_SUPT,4,3907,cluster,#45998E,1,80
CS20230722_CLUS_3909,3909 MB-MY Tph2 Glut-Sero_5,CCN20230722_CLUS,CS20230722_SUPT_0892,CCN20230722_SUPT,4,3908,cluster,#453D66,1,29
CS20230722_CLUS_3910,3910 MB-MY Tph2 Glut-Sero_6,CCN20230722_CLUS,CS20230722_SUPT_0893,CCN20230722_SUPT,4,3909,cluster,#99FFF5,1,217
CS20230722_CLUS_3911,3911 MB-MY Tph2 Glut-Sero_7,CCN20230722_CLUS,CS20230722_SUPT_0894,CCN20230722_SUPT,4,3910,cluster,#179917,1,44
CS20230722_CLUS_3912,3912 PB Lmx1a Glut_1,CCN20230722_CLUS,CS20230722_SUPT_0895,CCN20230722_SUPT,4,3911,cluster,#990006,1,65
CS20230722_CLUS_3913,3913 PB Lmx1a Glut_1,CCN20230722_CLUS,CS20230722_SUPT_0895,CCN20230722_SUPT,4,3912,cluster,#55FF4D,1,39
CS20230722_CLUS_3914,3914 PB Lmx1a Glut_1,CCN20230722_CLUS,CS20230722_SUPT_0895,CCN20230722_SUPT,4,3913,cluster,#3D6657,1,23
CS20230722_CLUS_3915,3915 PB Lmx1a Glut_1,CCN20230722_CLUS,CS20230722_SUPT_0895,CCN20230722_SUPT,4,3914,cluster,#5C9993,1,58
CS20230722_CLUS_3916,3916 PB Lmx1a Glut_1,CCN20230722_CLUS,CS20230722_SUPT_0895,CCN20230722_SUPT,4,3915,cluster,#B899FF,1,50
CS20230722_CLUS_3917,3917 PB Lmx1a Glut_1,CCN20230722_CLUS,CS20230722_SUPT_0895,CCN20230722_SUPT,4,3916,cluster,#2E6650,1,37
CS20230722_CLUS_3918,3918 PB Lmx1a Glut_1,CCN20230722_CLUS,CS20230722_SUPT_0895,CCN20230722_SUPT,4,3917,cluster,#BF73FF,1,73
CS20230722_CLUS_3919,3919 PB Lmx1a Glut_1,CCN20230722_CLUS,CS20230722_SUPT_0895,CCN20230722_SUPT,4,3918,cluster,#738FFF,1,20
CS20230722_CLUS_3920,3920 PB Lmx1a Glut_1,CCN20230722_CLUS,CS20230722_SUPT_0895,CCN20230722_SUPT,4,3919,cluster,#99CBFF,1,25
CS20230722_CLUS_3921,3921 PB Lmx1a Glut_1,CCN20230722_CLUS,CS20230722_SUPT_0895,CCN20230722_SUPT,4,3920,cluster,#7AFF4D,1,27
CS20230722_CLUS_3922,3922 PB Lmx1a Glut_1,CCN20230722_CLUS,CS20230722_SUPT_0895,CCN20230722_SUPT,4,3921,cluster,#45998A,1,26
CS20230722_CLUS_3923,3923 PB Lmx1a Glut_1,CCN20230722_CLUS,CS20230722_SUPT_0895,CCN20230722_SUPT,4,3922,cluster,#26661F,1,19
CS20230722_CLUS_3924,3924 PB Lmx1a Glut_1,CCN20230722_CLUS,CS20230722_SUPT_0895,CCN20230722_SUPT,4,3923,cluster,#3DCC6E,1,64
CS20230722_CLUS_3925,3925 PB Lmx1a Glut_1,CCN20230722_CLUS,CS20230722_SUPT_0895,CCN20230722_SUPT,4,3924,cluster,#990090,1,61
CS20230722_CLUS_3926,3926 PB Lmx1a Glut_2,CCN20230722_CLUS,CS20230722_SUPT_0896,CCN20230722_SUPT,4,3925,cluster,#458499,1,71
CS20230722_CLUS_3927,3927 PB Lmx1a Glut_3,CCN20230722_CLUS,CS20230722_SUPT_0897,CCN20230722_SUPT,4,3926,cluster,#3DA3CC,1,36
CS20230722_CLUS_3928,3928 PB Lmx1a Glut_3,CCN20230722_CLUS,CS20230722_SUPT_0897,CCN20230722_SUPT,4,3927,cluster,#B0FF00,1,116
CS20230722_CLUS_3929,3929 PB Lmx1a Glut_3,CCN20230722_CLUS,CS20230722_SUPT_0897,CCN20230722_SUPT,4,3928,cluster,#992E33,1,34
CS20230722_CLUS_3930,3930 PB Lmx1a Glut_3,CCN20230722_CLUS,CS20230722_SUPT_0897,CCN20230722_SUPT,4,3929,cluster,#EBFF73,1,28
CS20230722_CLUS_3931,3931 PB Lmx1a Glut_3,CCN20230722_CLUS,CS20230722_SUPT_0897,CCN20230722_SUPT,4,3930,cluster,#0F6633,1,53
CS20230722_CLUS_3932,3932 PB Lmx1a Glut_3,CCN20230722_CLUS,CS20230722_SUPT_0897,CCN20230722_SUPT,4,3931,cluster,#994617,1,34
CS20230722_CLUS_3933,3933 PB Lmx1a Glut_3,CCN20230722_CLUS,CS20230722_SUPT_0897,CCN20230722_SUPT,4,3932,cluster,#5B4599,1,27
CS20230722_CLUS_3934,3934 PB Lmx1a Glut_3,CCN20230722_CLUS,CS20230722_SUPT_0897,CCN20230722_SUPT,4,3933,cluster,#5CCC85,1,25
CS20230722_CLUS_3935,3935 PB Lmx1a Glut_3,CCN20230722_CLUS,CS20230722_SUPT_0897,CCN20230722_SUPT,4,3934,cluster,#F94DFF,1,68
CS20230722_CLUS_3936,3936 PB Lmx1a Glut_4,CCN20230722_CLUS,CS20230722_SUPT_0898,CCN20230722_SUPT,4,3935,cluster,#1F7CCC,1,72
CS20230722_CLUS_3937,3937 PB Lmx1a Glut_4,CCN20230722_CLUS,CS20230722_SUPT_0898,CCN20230722_SUPT,4,3936,cluster,#FF8000,1,275
CS20230722_CLUS_3938,3938 PB Lmx1a Glut_4,CCN20230722_CLUS,CS20230722_SUPT_0898,CCN20230722_SUPT,4,3937,cluster,#CC3D42,1,177
CS20230722_CLUS_3939,3939 PB Lmx1a Glut_4,CCN20230722_CLUS,CS20230722_SUPT_0898,CCN20230722_SUPT,4,3938,cluster,#CCC95C,1,68
CS20230722_CLUS_3940,3940 PB Lmx1a Glut_4,CCN20230722_CLUS,CS20230722_SUPT_0898,CCN20230722_SUPT,4,3939,cluster,#FF2648,1,54
CS20230722_CLUS_3941,3941 PB Lmx1a Glut_4,CCN20230722_CLUS,CS20230722_SUPT_0898,CCN20230722_SUPT,4,3940,cluster,#4B6600,1,37
CS20230722_CLUS_3942,3942 PB Lmx1a Glut_4,CCN20230722_CLUS,CS20230722_SUPT_0898,CCN20230722_SUPT,4,3941,cluster,#51992E,1,24
CS20230722_CLUS_3943,3943 PB Lmx1a Glut_4,CCN20230722_CLUS,CS20230722_SUPT_0898,CCN20230722_SUPT,4,3942,cluster,#FF2692,1,54
CS20230722_CLUS_3944,3944 PB Lmx1a Glut_5,CCN20230722_CLUS,CS20230722_SUPT_0899,CCN20230722_SUPT,4,3943,cluster,#761799,1,64
CS20230722_CLUS_3945,3945 PB Lmx1a Glut_5,CCN20230722_CLUS,CS20230722_SUPT_0899,CCN20230722_SUPT,4,3944,cluster,#99845C,1,43
CS20230722_CLUS_3946,3946 PB Lmx1a Glut_5,CCN20230722_CLUS,CS20230722_SUPT_0899,CCN20230722_SUPT,4,3945,cluster,#2667FF,1,41
CS20230722_CLUS_3947,3947 PB Lmx1a Glut_5,CCN20230722_CLUS,CS20230722_SUPT_0899,CCN20230722_SUPT,4,3946,cluster,#0B6600,1,34
CS20230722_CLUS_3948,3948 PB Lmx1a Glut_5,CCN20230722_CLUS,CS20230722_SUPT_0899,CCN20230722_SUPT,4,3947,cluster,#CCBD1F,1,55
CS20230722_CLUS_3949,3949 PB Lmx1a Glut_5,CCN20230722_CLUS,CS20230722_SUPT_0899,CCN20230722_SUPT,4,3948,cluster,#5C5DCC,1,41
CS20230722_CLUS_3950,3950 PB Lmx1a Glut_5,CCN20230722_CLUS,CS20230722_SUPT_0899,CCN20230722_SUPT,4,3949,cluster,#992E70,1,37
CS20230722_CLUS_3951,3951 PB Lmx1a Glut_6,CCN20230722_CLUS,CS20230722_SUPT_0900,CCN20230722_SUPT,4,3950,cluster,#99FFB3,1,43
CS20230722_CLUS_3952,3952 PB Lmx1a Glut_6,CCN20230722_CLUS,CS20230722_SUPT_0900,CCN20230722_SUPT,4,3951,cluster,#0F3566,1,32
CS20230722_CLUS_3953,3953 PB Lmx1a Glut_6,CCN20230722_CLUS,CS20230722_SUPT_0900,CCN20230722_SUPT,4,3952,cluster,#37FF26,1,27
CS20230722_CLUS_3954,3954 PB Lmx1a Glut_6,CCN20230722_CLUS,CS20230722_SUPT_0900,CCN20230722_SUPT,4,3953,cluster,#CC7A80,1,44
CS20230722_CLUS_3955,3955 PB Lmx1a Glut_6,CCN20230722_CLUS,CS20230722_SUPT_0900,CCN20230722_SUPT,4,3954,cluster,#99FFC7,1,37
CS20230722_CLUS_3956,3956 PB Lmx1a Glut_7,CCN20230722_CLUS,CS20230722_SUPT_0901,CCN20230722_SUPT,4,3955,cluster,#61662E,1,24
CS20230722_CLUS_3957,3957 PB Lmx1a Glut_7,CCN20230722_CLUS,CS20230722_SUPT_0901,CCN20230722_SUPT,4,3956,cluster,#99BBFF,1,30
CS20230722_CLUS_3958,3958 PB Lmx1a Glut_7,CCN20230722_CLUS,CS20230722_SUPT_0901,CCN20230722_SUPT,4,3957,cluster,#3D6653,1,35
CS20230722_CLUS_3959,3959 PSV Lmx1a Trpv6 Glut_1,CCN20230722_CLUS,CS20230722_SUPT_0902,CCN20230722_SUPT,4,3958,cluster,#661F35,1,14
CS20230722_CLUS_3960,3960 PSV Lmx1a Trpv6 Glut_1,CCN20230722_CLUS,CS20230722_SUPT_0902,CCN20230722_SUPT,4,3959,cluster,#626600,1,37
CS20230722_CLUS_3961,3961 PSV Lmx1a Trpv6 Glut_1,CCN20230722_CLUS,CS20230722_SUPT_0902,CCN20230722_SUPT,4,3960,cluster,#54FF00,1,56
CS20230722_CLUS_3962,3962 PSV Lmx1a Trpv6 Glut_1,CCN20230722_CLUS,CS20230722_SUPT_0902,CCN20230722_SUPT,4,3961,cluster,#51663D,1,93
CS20230722_CLUS_3963,3963 PB-SUT Tlx3 Lhx2 Glut_1,CCN20230722_CLUS,CS20230722_SUPT_0903,CCN20230722_SUPT,4,3962,cluster,#4D91FF,1,77
CS20230722_CLUS_3964,3964 PB-SUT Tlx3 Lhx2 Glut_1,CCN20230722_CLUS,CS20230722_SUPT_0903,CCN20230722_SUPT,4,3963,cluster,#66002F,1,39
CS20230722_CLUS_3965,3965 PB Pax5 Glut_1,CCN20230722_CLUS,CS20230722_SUPT_0904,CCN20230722_SUPT,4,3964,cluster,#66005F,1,88
CS20230722_CLUS_3966,3966 PB Pax5 Glut_1,CCN20230722_CLUS,CS20230722_SUPT_0904,CCN20230722_SUPT,4,3965,cluster,#995C7D,1,67
CS20230722_CLUS_3967,3967 PB Pax5 Glut_1,CCN20230722_CLUS,CS20230722_SUPT_0904,CCN20230722_SUPT,4,3966,cluster,#7A88CC,1,115
CS20230722_CLUS_3968,3968 PB Pax5 Glut_1,CCN20230722_CLUS,CS20230722_SUPT_0904,CCN20230722_SUPT,4,3967,cluster,#CC5C69,1,30
CS20230722_CLUS_3969,3969 PB Pax5 Glut_1,CCN20230722_CLUS,CS20230722_SUPT_0904,CCN20230722_SUPT,4,3968,cluster,#5C995C,1,43
CS20230722_CLUS_3970,3970 PB Pax5 Glut_1,CCN20230722_CLUS,CS20230722_SUPT_0904,CCN20230722_SUPT,4,3969,cluster,#473D66,1,95
CS20230722_CLUS_3971,3971 PB Pax5 Glut_1,CCN20230722_CLUS,CS20230722_SUPT_0904,CCN20230722_SUPT,4,3970,cluster,#5C6099,1,60
CS20230722_CLUS_3972,3972 PB Pax5 Glut_2,CCN20230722_CLUS,CS20230722_SUPT_0905,CCN20230722_SUPT,4,3971,cluster,#5C9962,1,101
CS20230722_CLUS_3973,3973 PB Pax5 Glut_2,CCN20230722_CLUS,CS20230722_SUPT_0905,CCN20230722_SUPT,4,3972,cluster,#3E0099,1,15
CS20230722_CLUS_3974,3974 LDT-PCG Vsx2 Lhx4 Glut_1,CCN20230722_CLUS,CS20230722_SUPT_0906,CCN20230722_SUPT,4,3973,cluster,#73FFA2,1,76
CS20230722_CLUS_3975,3975 LDT-PCG Vsx2 Lhx4 Glut_1,CCN20230722_CLUS,CS20230722_SUPT_0906,CCN20230722_SUPT,4,3974,cluster,#665E0F,1,58
CS20230722_CLUS_3976,3976 LDT-PCG Vsx2 Lhx4 Glut_1,CCN20230722_CLUS,CS20230722_SUPT_0906,CCN20230722_SUPT,4,3975,cluster,#CCB45C,1,31
CS20230722_CLUS_3977,3977 LDT-PCG Vsx2 Lhx4 Glut_1,CCN20230722_CLUS,CS20230722_SUPT_0906,CCN20230722_SUPT,4,3976,cluster,#0F1466,1,112
CS20230722_CLUS_3978,3978 LDT-PCG Vsx2 Lhx4 Glut_1,CCN20230722_CLUS,CS20230722_SUPT_0906,CCN20230722_SUPT,4,3977,cluster,#181799,1,277
CS20230722_CLUS_3979,3979 LDT-PCG Vsx2 Lhx4 Glut_1,CCN20230722_CLUS,CS20230722_SUPT_0906,CCN20230722_SUPT,4,3978,cluster,#86995C,1,131
CS20230722_CLUS_3980,3980 LDT-PCG Vsx2 Lhx4 Glut_2,CCN20230722_CLUS,CS20230722_SUPT_0907,CCN20230722_SUPT,4,3979,cluster,#5CCC9C,1,67
CS20230722_CLUS_3981,3981 LDT-PCG Vsx2 Lhx4 Glut_2,CCN20230722_CLUS,CS20230722_SUPT_0907,CCN20230722_SUPT,4,3980,cluster,#661F3A,1,105
CS20230722_CLUS_3982,3982 LDT-PCG Vsx2 Lhx4 Glut_2,CCN20230722_CLUS,CS20230722_SUPT_0907,CCN20230722_SUPT,4,3981,cluster,#619900,1,20
CS20230722_CLUS_3983,3983 LDT-PCG Vsx2 Lhx4 Glut_2,CCN20230722_CLUS,CS20230722_SUPT_0907,CCN20230722_SUPT,4,3982,cluster,#3D66CC,1,104
CS20230722_CLUS_3984,3984 LDT-PCG Vsx2 Lhx4 Glut_2,CCN20230722_CLUS,CS20230722_SUPT_0907,CCN20230722_SUPT,4,3983,cluster,#5C6FCC,1,40
CS20230722_CLUS_3985,3985 LDT-PCG Vsx2 Lhx4 Glut_2,CCN20230722_CLUS,CS20230722_SUPT_0907,CCN20230722_SUPT,4,3984,cluster,#8973FF,1,49
CS20230722_CLUS_3986,3986 LDT-PCG Vsx2 Lhx4 Glut_2,CCN20230722_CLUS,CS20230722_SUPT_0907,CCN20230722_SUPT,4,3985,cluster,#99772E,1,242
CS20230722_CLUS_3987,3987 LDT-PCG Vsx2 Lhx4 Glut_3,CCN20230722_CLUS,CS20230722_SUPT_0908,CCN20230722_SUPT,4,3986,cluster,#99875C,1,112
CS20230722_CLUS_3988,3988 LDT-PCG Vsx2 Lhx4 Glut_3,CCN20230722_CLUS,CS20230722_SUPT_0908,CCN20230722_SUPT,4,3987,cluster,#0900FF,1,191
CS20230722_CLUS_3989,3989 LDT-PCG Vsx2 Lhx4 Glut_3,CCN20230722_CLUS,CS20230722_SUPT_0908,CCN20230722_SUPT,4,3988,cluster,#4C2E99,1,148
CS20230722_CLUS_3990,3990 LDT-PCG Vsx2 Lhx4 Glut_3,CCN20230722_CLUS,CS20230722_SUPT_0908,CCN20230722_SUPT,4,3989,cluster,#66361F,1,81
CS20230722_CLUS_3991,3991 LDT-PCG Vsx2 Lhx4 Glut_3,CCN20230722_CLUS,CS20230722_SUPT_0908,CCN20230722_SUPT,4,3990,cluster,#B1FF26,1,139
CS20230722_CLUS_3992,3992 LDT-PCG Vsx2 Lhx4 Glut_4,CCN20230722_CLUS,CS20230722_SUPT_0909,CCN20230722_SUPT,4,3991,cluster,#FFC84D,1,94
CS20230722_CLUS_3993,3993 LDT-PCG Vsx2 Lhx4 Glut_4,CCN20230722_CLUS,CS20230722_SUPT_0909,CCN20230722_SUPT,4,3992,cluster,#1A660F,1,211
CS20230722_CLUS_3994,3994 LDT-PCG Vsx2 Lhx4 Glut_4,CCN20230722_CLUS,CS20230722_SUPT_0909,CCN20230722_SUPT,4,3993,cluster,#663D62,1,66
CS20230722_CLUS_3995,3995 LDT-PCG Vsx2 Lhx4 Glut_4,CCN20230722_CLUS,CS20230722_SUPT_0909,CCN20230722_SUPT,4,3994,cluster,#E1FF73,1,276
CS20230722_CLUS_3996,3996 LDT-PCG Vsx2 Lhx4 Glut_4,CCN20230722_CLUS,CS20230722_SUPT_0909,CCN20230722_SUPT,4,3995,cluster,#7EFF4D,1,126
CS20230722_CLUS_3997,3997 LDT-PCG Vsx2 Lhx4 Glut_4,CCN20230722_CLUS,CS20230722_SUPT_0909,CCN20230722_SUPT,4,3996,cluster,#66004F,1,67
CS20230722_CLUS_3998,3998 LDT-PCG Vsx2 Lhx4 Glut_4,CCN20230722_CLUS,CS20230722_SUPT_0909,CCN20230722_SUPT,4,3997,cluster,#0F6629,1,34
CS20230722_CLUS_3999,3999 LDT-PCG Vsx2 Lhx4 Glut_5,CCN20230722_CLUS,CS20230722_SUPT_0910,CCN20230722_SUPT,4,3998,cluster,#665F1F,1,46
CS20230722_CLUS_4000,4000 LDT-PCG Vsx2 Lhx4 Glut_5,CCN20230722_CLUS,CS20230722_SUPT_0910,CCN20230722_SUPT,4,3999,cluster,#FF73AA,1,58
CS20230722_CLUS_4001,4001 LDT-PCG Vsx2 Lhx4 Glut_5,CCN20230722_CLUS,CS20230722_SUPT_0910,CCN20230722_SUPT,4,4000,cluster,#8E0099,1,123
CS20230722_CLUS_4002,4002 LDT-PCG Vsx2 Lhx4 Glut_5,CCN20230722_CLUS,CS20230722_SUPT_0910,CCN20230722_SUPT,4,4001,cluster,#990002,1,69
CS20230722_CLUS_4003,4003 LDT-PCG Vsx2 Lhx4 Glut_5,CCN20230722_CLUS,CS20230722_SUPT_0910,CCN20230722_SUPT,4,4002,cluster,#959900,1,100
CS20230722_CLUS_4004,4004 LDT-PCG Vsx2 Lhx4 Glut_5,CCN20230722_CLUS,CS20230722_SUPT_0910,CCN20230722_SUPT,4,4003,cluster,#661F32,1,101
CS20230722_CLUS_4005,4005 LDT-PCG Vsx2 Lhx4 Glut_6,CCN20230722_CLUS,CS20230722_SUPT_0911,CCN20230722_SUPT,4,4004,cluster,#994582,1,95
CS20230722_CLUS_4006,4006 LDT-PCG Vsx2 Lhx4 Glut_6,CCN20230722_CLUS,CS20230722_SUPT_0911,CCN20230722_SUPT,4,4005,cluster,#A199FF,1,598
CS20230722_CLUS_4007,4007 LDT-PCG Vsx2 Lhx4 Glut_6,CCN20230722_CLUS,CS20230722_SUPT_0911,CCN20230722_SUPT,4,4006,cluster,#57CC3D,1,152
CS20230722_CLUS_4008,4008 LDT-PCG Vsx2 Lhx4 Glut_6,CCN20230722_CLUS,CS20230722_SUPT_0911,CCN20230722_SUPT,4,4007,cluster,#3DB7CC,1,117
CS20230722_CLUS_4009,4009 LDT-PCG Vsx2 Lhx4 Glut_7,CCN20230722_CLUS,CS20230722_SUPT_0912,CCN20230722_SUPT,4,4008,cluster,#00FF1F,1,50
CS20230722_CLUS_4010,4010 LDT-PCG Vsx2 Lhx4 Glut_7,CCN20230722_CLUS,CS20230722_SUPT_0912,CCN20230722_SUPT,4,4009,cluster,#924599,1,64
CS20230722_CLUS_4011,4011 LDT-PCG Vsx2 Lhx4 Glut_7,CCN20230722_CLUS,CS20230722_SUPT_0912,CCN20230722_SUPT,4,4010,cluster,#602E66,1,212
CS20230722_CLUS_4012,4012 LDT-PCG Vsx2 Lhx4 Glut_7,CCN20230722_CLUS,CS20230722_SUPT_0912,CCN20230722_SUPT,4,4011,cluster,#CCB13D,1,160
CS20230722_CLUS_4013,4013 LDT-PCG Vsx2 Lhx4 Glut_7,CCN20230722_CLUS,CS20230722_SUPT_0912,CCN20230722_SUPT,4,4012,cluster,#99685C,1,42
CS20230722_CLUS_4014,4014 LDT-PCG Vsx2 Lhx4 Glut_7,CCN20230722_CLUS,CS20230722_SUPT_0912,CCN20230722_SUPT,4,4013,cluster,#001F66,1,107
CS20230722_CLUS_4015,4015 LDT-PCG Vsx2 Lhx4 Glut_8,CCN20230722_CLUS,CS20230722_SUPT_0913,CCN20230722_SUPT,4,4014,cluster,#45994D,1,160
CS20230722_CLUS_4016,4016 LDT-PCG Vsx2 Lhx4 Glut_8,CCN20230722_CLUS,CS20230722_SUPT_0913,CCN20230722_SUPT,4,4015,cluster,#3DB0CC,1,52
CS20230722_CLUS_4017,4017 LDT-PCG Vsx2 Lhx4 Glut_8,CCN20230722_CLUS,CS20230722_SUPT_0913,CCN20230722_SUPT,4,4016,cluster,#FF738E,1,60
CS20230722_CLUS_4018,4018 PB Evx2 Glut_1,CCN20230722_CLUS,CS20230722_SUPT_0914,CCN20230722_SUPT,4,4017,cluster,#99632E,1,97
CS20230722_CLUS_4019,4019 PB Evx2 Glut_1,CCN20230722_CLUS,CS20230722_SUPT_0914,CCN20230722_SUPT,4,4018,cluster,#00664A,1,19
CS20230722_CLUS_4020,4020 PB Evx2 Glut_1,CCN20230722_CLUS,CS20230722_SUPT_0914,CCN20230722_SUPT,4,4019,cluster,#99FFEE,1,99
CS20230722_CLUS_4021,4021 PB Evx2 Glut_1,CCN20230722_CLUS,CS20230722_SUPT_0914,CCN20230722_SUPT,4,4020,cluster,#73EAFF,1,166
CS20230722_CLUS_4022,4022 PB Evx2 Glut_1,CCN20230722_CLUS,CS20230722_SUPT_0914,CCN20230722_SUPT,4,4021,cluster,#B57ACC,1,77
CS20230722_CLUS_4023,4023 PB Evx2 Glut_1,CCN20230722_CLUS,CS20230722_SUPT_0914,CCN20230722_SUPT,4,4022,cluster,#CC7A8B,1,44
CS20230722_CLUS_4024,4024 PB Evx2 Glut_2,CCN20230722_CLUS,CS20230722_SUPT_0915,CCN20230722_SUPT,4,4023,cluster,#99002F,1,44
CS20230722_CLUS_4025,4025 PB Evx2 Glut_2,CCN20230722_CLUS,CS20230722_SUPT_0915,CCN20230722_SUPT,4,4024,cluster,#006ACC,1,34
CS20230722_CLUS_4026,4026 PB Evx2 Glut_2,CCN20230722_CLUS,CS20230722_SUPT_0915,CCN20230722_SUPT,4,4025,cluster,#1F80CC,1,30
CS20230722_CLUS_4027,4027 PB Evx2 Glut_2,CCN20230722_CLUS,CS20230722_SUPT_0915,CCN20230722_SUPT,4,4026,cluster,#7ABACC,1,83
CS20230722_CLUS_4028,4028 PB Evx2 Glut_2,CCN20230722_CLUS,CS20230722_SUPT_0915,CCN20230722_SUPT,4,4027,cluster,#664599,1,61
CS20230722_CLUS_4029,4029 PB Evx2 Glut_2,CCN20230722_CLUS,CS20230722_SUPT_0915,CCN20230722_SUPT,4,4028,cluster,#FF99B1,1,79
CS20230722_CLUS_4030,4030 PB Evx2 Glut_2,CCN20230722_CLUS,CS20230722_SUPT_0915,CCN20230722_SUPT,4,4029,cluster,#CC7B7A,1,61
CS20230722_CLUS_4031,4031 PB Evx2 Glut_2,CCN20230722_CLUS,CS20230722_SUPT_0915,CCN20230722_SUPT,4,4030,cluster,#FFA34D,1,51
CS20230722_CLUS_4032,4032 PB Evx2 Glut_2,CCN20230722_CLUS,CS20230722_SUPT_0915,CCN20230722_SUPT,4,4031,cluster,#99456F,1,97
CS20230722_CLUS_4033,4033 PB Evx2 Glut_3,CCN20230722_CLUS,CS20230722_SUPT_0916,CCN20230722_SUPT,4,4032,cluster,#1F4166,1,64
CS20230722_CLUS_4034,4034 PB Evx2 Glut_3,CCN20230722_CLUS,CS20230722_SUPT_0916,CCN20230722_SUPT,4,4033,cluster,#2C661F,1,47
CS20230722_CLUS_4035,4035 PB Evx2 Glut_3,CCN20230722_CLUS,CS20230722_SUPT_0916,CCN20230722_SUPT,4,4034,cluster,#1FCC51,1,24
CS20230722_CLUS_4036,4036 PB Evx2 Glut_3,CCN20230722_CLUS,CS20230722_SUPT_0916,CCN20230722_SUPT,4,4035,cluster,#7AC6CC,1,38
CS20230722_CLUS_4037,4037 PB Evx2 Glut_3,CCN20230722_CLUS,CS20230722_SUPT_0916,CCN20230722_SUPT,4,4036,cluster,#0F3366,1,49
CS20230722_CLUS_4038,4038 PB Evx2 Glut_3,CCN20230722_CLUS,CS20230722_SUPT_0916,CCN20230722_SUPT,4,4037,cluster,#56663D,1,33
CS20230722_CLUS_4039,4039 PB Evx2 Glut_3,CCN20230722_CLUS,CS20230722_SUPT_0916,CCN20230722_SUPT,4,4038,cluster,#5CCACC,1,37
CS20230722_CLUS_4040,4040 PB Evx2 Glut_3,CCN20230722_CLUS,CS20230722_SUPT_0916,CCN20230722_SUPT,4,4039,cluster,#99005F,1,16
CS20230722_CLUS_4041,4041 PB Evx2 Glut_3,CCN20230722_CLUS,CS20230722_SUPT_0916,CCN20230722_SUPT,4,4040,cluster,#991A17,1,127
CS20230722_CLUS_4042,4042 PB Evx2 Glut_3,CCN20230722_CLUS,CS20230722_SUPT_0916,CCN20230722_SUPT,4,4041,cluster,#FFE726,1,81
CS20230722_CLUS_4043,4043 PB Evx2 Glut_3,CCN20230722_CLUS,CS20230722_SUPT_0916,CCN20230722_SUPT,4,4042,cluster,#5D992E,1,57
CS20230722_CLUS_4044,4044 PB Evx2 Glut_3,CCN20230722_CLUS,CS20230722_SUPT_0916,CCN20230722_SUPT,4,4043,cluster,#26FF9E,1,38
CS20230722_CLUS_4045,4045 PB Evx2 Glut_3,CCN20230722_CLUS,CS20230722_SUPT_0916,CCN20230722_SUPT,4,4044,cluster,#001F99,1,65
CS20230722_CLUS_4046,4046 PB Evx2 Glut_3,CCN20230722_CLUS,CS20230722_SUPT_0916,CCN20230722_SUPT,4,4045,cluster,#7ACCBA,1,67
CS20230722_CLUS_4047,4047 PB Evx2 Glut_3,CCN20230722_CLUS,CS20230722_SUPT_0916,CCN20230722_SUPT,4,4046,cluster,#66500F,1,58
CS20230722_CLUS_4048,4048 PB Evx2 Glut_3,CCN20230722_CLUS,CS20230722_SUPT_0916,CCN20230722_SUPT,4,4047,cluster,#661F2D,1,36
CS20230722_CLUS_4049,4049 PB Evx2 Glut_4,CCN20230722_CLUS,CS20230722_SUPT_0917,CCN20230722_SUPT,4,4048,cluster,#3DCC54,1,59
CS20230722_CLUS_4050,4050 PB Evx2 Glut_4,CCN20230722_CLUS,CS20230722_SUPT_0917,CCN20230722_SUPT,4,4049,cluster,#464599,1,255
CS20230722_CLUS_4051,4051 PB Evx2 Glut_4,CCN20230722_CLUS,CS20230722_SUPT_0917,CCN20230722_SUPT,4,4050,cluster,#663D0F,1,54
CS20230722_CLUS_4052,4052 PB Evx2 Glut_4,CCN20230722_CLUS,CS20230722_SUPT_0917,CCN20230722_SUPT,4,4051,cluster,#FF2679,1,91
CS20230722_CLUS_4053,4053 PB Evx2 Glut_4,CCN20230722_CLUS,CS20230722_SUPT_0917,CCN20230722_SUPT,4,4052,cluster,#9ACC5C,1,79
CS20230722_CLUS_4054,4054 PB Evx2 Glut_4,CCN20230722_CLUS,CS20230722_SUPT_0917,CCN20230722_SUPT,4,4053,cluster,#995845,1,51
CS20230722_CLUS_4055,4055 PB Evx2 Glut_5,CCN20230722_CLUS,CS20230722_SUPT_0918,CCN20230722_SUPT,4,4054,cluster,#000799,1,67
CS20230722_CLUS_4056,4056 PB Evx2 Glut_5,CCN20230722_CLUS,CS20230722_SUPT_0918,CCN20230722_SUPT,4,4055,cluster,#3D5B66,1,90
CS20230722_CLUS_4057,4057 PB Evx2 Glut_5,CCN20230722_CLUS,CS20230722_SUPT_0918,CCN20230722_SUPT,4,4056,cluster,#985C99,1,35
CS20230722_CLUS_4058,4058 PB Evx2 Glut_5,CCN20230722_CLUS,CS20230722_SUPT_0918,CCN20230722_SUPT,4,4057,cluster,#3F661F,1,54
CS20230722_CLUS_4059,4059 PB Evx2 Glut_5,CCN20230722_CLUS,CS20230722_SUPT_0918,CCN20230722_SUPT,4,4058,cluster,#FF26E5,1,21
CS20230722_CLUS_4060,4060 PB Evx2 Glut_5,CCN20230722_CLUS,CS20230722_SUPT_0918,CCN20230722_SUPT,4,4059,cluster,#FFC026,1,34
CS20230722_CLUS_4061,4061 PB Evx2 Glut_5,CCN20230722_CLUS,CS20230722_SUPT_0918,CCN20230722_SUPT,4,4060,cluster,#458C99,1,91
CS20230722_CLUS_4062,4062 PB Evx2 Glut_5,CCN20230722_CLUS,CS20230722_SUPT_0918,CCN20230722_SUPT,4,4061,cluster,#FFA573,1,28
CS20230722_CLUS_4063,4063 PB Evx2 Glut_6,CCN20230722_CLUS,CS20230722_SUPT_0919,CCN20230722_SUPT,4,4062,cluster,#66403D,1,56
CS20230722_CLUS_4064,4064 PB Evx2 Glut_6,CCN20230722_CLUS,CS20230722_SUPT_0919,CCN20230722_SUPT,4,4063,cluster,#A7CC00,1,74
CS20230722_CLUS_4065,4065 PB Evx2 Glut_6,CCN20230722_CLUS,CS20230722_SUPT_0919,CCN20230722_SUPT,4,4064,cluster,#2FCC1F,1,36
CS20230722_CLUS_4066,4066 PB Evx2 Glut_6,CCN20230722_CLUS,CS20230722_SUPT_0919,CCN20230722_SUPT,4,4065,cluster,#714DFF,1,38
CS20230722_CLUS_4067,4067 PB Evx2 Glut_6,CCN20230722_CLUS,CS20230722_SUPT_0919,CCN20230722_SUPT,4,4066,cluster,#FFD773,1,56
CS20230722_CLUS_4068,4068 PB Evx2 Glut_6,CCN20230722_CLUS,CS20230722_SUPT_0919,CCN20230722_SUPT,4,4067,cluster,#664E00,1,39
CS20230722_CLUS_4069,4069 PB Evx2 Glut_6,CCN20230722_CLUS,CS20230722_SUPT_0919,CCN20230722_SUPT,4,4068,cluster,#5E1799,1,48
CS20230722_CLUS_4070,4070 PB Evx2 Glut_6,CCN20230722_CLUS,CS20230722_SUPT_0919,CCN20230722_SUPT,4,4069,cluster,#73A8FF,1,25
CS20230722_CLUS_4071,4071 PB Evx2 Glut_6,CCN20230722_CLUS,CS20230722_SUPT_0919,CCN20230722_SUPT,4,4070,cluster,#86FF73,1,27
CS20230722_CLUS_4072,4072 PB Evx2 Glut_7,CCN20230722_CLUS,CS20230722_SUPT_0920,CCN20230722_SUPT,4,4071,cluster,#5B3D66,1,34
CS20230722_CLUS_4073,4073 PB Evx2 Glut_7,CCN20230722_CLUS,CS20230722_SUPT_0920,CCN20230722_SUPT,4,4072,cluster,#005999,1,46
CS20230722_CLUS_4074,4074 PB Evx2 Glut_7,CCN20230722_CLUS,CS20230722_SUPT_0920,CCN20230722_SUPT,4,4073,cluster,#3D80CC,1,51
CS20230722_CLUS_4075,4075 PB Evx2 Glut_7,CCN20230722_CLUS,CS20230722_SUPT_0920,CCN20230722_SUPT,4,4074,cluster,#0F6614,1,73
CS20230722_CLUS_4076,4076 PB Evx2 Glut_8,CCN20230722_CLUS,CS20230722_SUPT_0921,CCN20230722_SUPT,4,4075,cluster,#CC5C85,1,40
CS20230722_CLUS_4077,4077 PB Evx2 Glut_8,CCN20230722_CLUS,CS20230722_SUPT_0921,CCN20230722_SUPT,4,4076,cluster,#0F4D66,1,26
CS20230722_CLUS_4078,4078 PB Evx2 Glut_8,CCN20230722_CLUS,CS20230722_SUPT_0921,CCN20230722_SUPT,4,4077,cluster,#3D6666,1,41
CS20230722_CLUS_4079,4079 PB Evx2 Glut_8,CCN20230722_CLUS,CS20230722_SUPT_0921,CCN20230722_SUPT,4,4078,cluster,#4D75FF,1,44
CS20230722_CLUS_4080,4080 PB Evx2 Glut_8,CCN20230722_CLUS,CS20230722_SUPT_0921,CCN20230722_SUPT,4,4079,cluster,#991770,1,66
CS20230722_CLUS_4081,4081 PB Evx2 Glut_8,CCN20230722_CLUS,CS20230722_SUPT_0921,CCN20230722_SUPT,4,4080,cluster,#50662E,1,18
CS20230722_CLUS_4082,4082 PB Evx2 Glut_8,CCN20230722_CLUS,CS20230722_SUPT_0921,CCN20230722_SUPT,4,4081,cluster,#00CCBF,1,31
CS20230722_CLUS_4083,4083 PB Evx2 Glut_9,CCN20230722_CLUS,CS20230722_SUPT_0922,CCN20230722_SUPT,4,4082,cluster,#FF7126,1,51
CS20230722_CLUS_4084,4084 PB Evx2 Glut_9,CCN20230722_CLUS,CS20230722_SUPT_0922,CCN20230722_SUPT,4,4083,cluster,#296600,1,49
CS20230722_CLUS_4085,4085 PB Evx2 Glut_9,CCN20230722_CLUS,CS20230722_SUPT_0922,CCN20230722_SUPT,4,4084,cluster,#40662E,1,145
CS20230722_CLUS_4086,4086 PB Evx2 Glut_9,CCN20230722_CLUS,CS20230722_SUPT_0922,CCN20230722_SUPT,4,4085,cluster,#F2FF4D,1,14
CS20230722_CLUS_4087,4087 PB Evx2 Glut_9,CCN20230722_CLUS,CS20230722_SUPT_0922,CCN20230722_SUPT,4,4086,cluster,#B7CC3D,1,41
CS20230722_CLUS_4088,4088 PB Evx2 Glut_9,CCN20230722_CLUS,CS20230722_SUPT_0922,CCN20230722_SUPT,4,4087,cluster,#6A9945,1,48
CS20230722_CLUS_4089,4089 PB Evx2 Glut_9,CCN20230722_CLUS,CS20230722_SUPT_0922,CCN20230722_SUPT,4,4088,cluster,#997945,1,24
CS20230722_CLUS_4090,4090 PB Evx2 Glut_9,CCN20230722_CLUS,CS20230722_SUPT_0922,CCN20230722_SUPT,4,4089,cluster,#991D17,1,16
CS20230722_CLUS_4091,4091 PB Evx2 Glut_9,CCN20230722_CLUS,CS20230722_SUPT_0922,CCN20230722_SUPT,4,4090,cluster,#3D664A,1,49
CS20230722_CLUS_4092,4092 B-PB Nr4a2 Glut_1,CCN20230722_CLUS,CS20230722_SUPT_0923,CCN20230722_SUPT,4,4091,cluster,#CC1FBE,1,31
CS20230722_CLUS_4093,4093 B-PB Nr4a2 Glut_1,CCN20230722_CLUS,CS20230722_SUPT_0923,CCN20230722_SUPT,4,4092,cluster,#781799,1,17
CS20230722_CLUS_4094,4094 B-PB Nr4a2 Glut_1,CCN20230722_CLUS,CS20230722_SUPT_0923,CCN20230722_SUPT,4,4093,cluster,#EB73FF,1,14
CS20230722_CLUS_4095,4095 B-PB Nr4a2 Glut_1,CCN20230722_CLUS,CS20230722_SUPT_0923,CCN20230722_SUPT,4,4094,cluster,#FF73F0,1,95
CS20230722_CLUS_4096,4096 B-PB Nr4a2 Glut_1,CCN20230722_CLUS,CS20230722_SUPT_0923,CCN20230722_SUPT,4,4095,cluster,#2E993D,1,29
CS20230722_CLUS_4097,4097 B-PB Nr4a2 Glut_1,CCN20230722_CLUS,CS20230722_SUPT_0923,CCN20230722_SUPT,4,4096,cluster,#59660F,1,42
CS20230722_CLUS_4098,4098 B-PB Nr4a2 Glut_1,CCN20230722_CLUS,CS20230722_SUPT_0923,CCN20230722_SUPT,4,4097,cluster,#FF0024,1,107
CS20230722_CLUS_4099,4099 B-PB Nr4a2 Glut_2,CCN20230722_CLUS,CS20230722_SUPT_0924,CCN20230722_SUPT,4,4098,cluster,#006610,1,18
CS20230722_CLUS_4100,4100 PCG-PRNr Vsx2 Nkx6-1 Glut_1,CCN20230722_CLUS,CS20230722_SUPT_0925,CCN20230722_SUPT,4,4099,cluster,#00FFB4,1,77
CS20230722_CLUS_4101,4101 PCG-PRNr Vsx2 Nkx6-1 Glut_1,CCN20230722_CLUS,CS20230722_SUPT_0925,CCN20230722_SUPT,4,4100,cluster,#1F2466,1,80
CS20230722_CLUS_4102,4102 PCG-PRNr Vsx2 Nkx6-1 Glut_2,CCN20230722_CLUS,CS20230722_SUPT_0926,CCN20230722_SUPT,4,4101,cluster,#F1FF73,1,139
CS20230722_CLUS_4103,4103 PCG-PRNr Vsx2 Nkx6-1 Glut_2,CCN20230722_CLUS,CS20230722_SUPT_0926,CCN20230722_SUPT,4,4102,cluster,#71FF26,1,304
CS20230722_CLUS_4104,4104 PCG-PRNr Vsx2 Nkx6-1 Glut_2,CCN20230722_CLUS,CS20230722_SUPT_0926,CCN20230722_SUPT,4,4103,cluster,#990600,1,53
CS20230722_CLUS_4105,4105 PCG-PRNr Vsx2 Nkx6-1 Glut_2,CCN20230722_CLUS,CS20230722_SUPT_0926,CCN20230722_SUPT,4,4104,cluster,#660F66,1,28
CS20230722_CLUS_4106,4106 PCG-PRNr Vsx2 Nkx6-1 Glut_2,CCN20230722_CLUS,CS20230722_SUPT_0926,CCN20230722_SUPT,4,4105,cluster,#684599,1,73
CS20230722_CLUS_4107,4107 PCG-PRNr Vsx2 Nkx6-1 Glut_2,CCN20230722_CLUS,CS20230722_SUPT_0926,CCN20230722_SUPT,4,4106,cluster,#660044,1,133
CS20230722_CLUS_4108,4108 PCG-PRNr Vsx2 Nkx6-1 Glut_2,CCN20230722_CLUS,CS20230722_SUPT_0926,CCN20230722_SUPT,4,4107,cluster,#001666,1,33
CS20230722_CLUS_4109,4109 PCG-PRNr Vsx2 Nkx6-1 Glut_2,CCN20230722_CLUS,CS20230722_SUPT_0926,CCN20230722_SUPT,4,4108,cluster,#FF7A00,1,21
CS20230722_CLUS_4110,4110 PCG-PRNr Vsx2 Nkx6-1 Glut_3,CCN20230722_CLUS,CS20230722_SUPT_0927,CCN20230722_SUPT,4,4109,cluster,#45994A,1,103
CS20230722_CLUS_4111,4111 PCG-PRNr Vsx2 Nkx6-1 Glut_3,CCN20230722_CLUS,CS20230722_SUPT_0927,CCN20230722_SUPT,4,4110,cluster,#1FCC55,1,120
CS20230722_CLUS_4112,4112 PCG-PRNr Vsx2 Nkx6-1 Glut_3,CCN20230722_CLUS,CS20230722_SUPT_0927,CCN20230722_SUPT,4,4111,cluster,#26FF5A,1,101
CS20230722_CLUS_4113,4113 PCG-PRNr Vsx2 Nkx6-1 Glut_3,CCN20230722_CLUS,CS20230722_SUPT_0927,CCN20230722_SUPT,4,4112,cluster,#179978,1,83
CS20230722_CLUS_4114,4114 PCG-PRNr Vsx2 Nkx6-1 Glut_3,CCN20230722_CLUS,CS20230722_SUPT_0927,CCN20230722_SUPT,4,4113,cluster,#320F66,1,56
CS20230722_CLUS_4115,4115 PCG-PRNr Vsx2 Nkx6-1 Glut_3,CCN20230722_CLUS,CS20230722_SUPT_0927,CCN20230722_SUPT,4,4114,cluster,#665A2E,1,78
CS20230722_CLUS_4116,4116 PCG-PRNr Vsx2 Nkx6-1 Glut_4,CCN20230722_CLUS,CS20230722_SUPT_0928,CCN20230722_SUPT,4,4115,cluster,#625CCC,1,184
CS20230722_CLUS_4117,4117 PCG-PRNr Vsx2 Nkx6-1 Glut_5,CCN20230722_CLUS,CS20230722_SUPT_0929,CCN20230722_SUPT,4,4116,cluster,#5F2E66,1,24
CS20230722_CLUS_4118,4118 PCG-PRNr Vsx2 Nkx6-1 Glut_5,CCN20230722_CLUS,CS20230722_SUPT_0929,CCN20230722_SUPT,4,4117,cluster,#5C8499,1,50
CS20230722_CLUS_4119,4119 PCG-PRNr Vsx2 Nkx6-1 Glut_5,CCN20230722_CLUS,CS20230722_SUPT_0929,CCN20230722_SUPT,4,4118,cluster,#CCB27A,1,34
CS20230722_CLUS_4120,4120 PCG-PRNr Vsx2 Nkx6-1 Glut_5,CCN20230722_CLUS,CS20230722_SUPT_0929,CCN20230722_SUPT,4,4119,cluster,#666000,1,36
CS20230722_CLUS_4121,4121 PCG-PRNr Vsx2 Nkx6-1 Glut_6,CCN20230722_CLUS,CS20230722_SUPT_0930,CCN20230722_SUPT,4,4120,cluster,#CC5C78,1,65
CS20230722_CLUS_4122,4122 PCG-PRNr Vsx2 Nkx6-1 Glut_6,CCN20230722_CLUS,CS20230722_SUPT_0930,CCN20230722_SUPT,4,4121,cluster,#1B00CC,1,38
CS20230722_CLUS_4123,4123 PRNc-NI-SG-RPO Vsx2 Nr4a2 Glut_1,CCN20230722_CLUS,CS20230722_SUPT_0931,CCN20230722_SUPT,4,4122,cluster,#00E8FF,1,41
CS20230722_CLUS_4124,4124 PRNc-NI-SG-RPO Vsx2 Nr4a2 Glut_1,CCN20230722_CLUS,CS20230722_SUPT_0931,CCN20230722_SUPT,4,4123,cluster,#7ACC93,1,152
CS20230722_CLUS_4125,4125 PRNc-NI-SG-RPO Vsx2 Nr4a2 Glut_1,CCN20230722_CLUS,CS20230722_SUPT_0931,CCN20230722_SUPT,4,4124,cluster,#990033,1,141
CS20230722_CLUS_4126,4126 PRNc-NI-SG-RPO Vsx2 Nr4a2 Glut_2,CCN20230722_CLUS,CS20230722_SUPT_0932,CCN20230722_SUPT,4,4125,cluster,#6E2E99,1,57
CS20230722_CLUS_4127,4127 PRNc-NI-SG-RPO Vsx2 Nr4a2 Glut_2,CCN20230722_CLUS,CS20230722_SUPT_0932,CCN20230722_SUPT,4,4126,cluster,#992E69,1,57
CS20230722_CLUS_4128,4128 PRNc-NI-SG-RPO Vsx2 Nr4a2 Glut_2,CCN20230722_CLUS,CS20230722_SUPT_0932,CCN20230722_SUPT,4,4127,cluster,#992E72,1,30
CS20230722_CLUS_4129,4129 PRNc-NI-SG-RPO Vsx2 Nr4a2 Glut_2,CCN20230722_CLUS,CS20230722_SUPT_0932,CCN20230722_SUPT,4,4128,cluster,#CCAC00,1,112
CS20230722_CLUS_4130,4130 PRNc-NI-SG-RPO Vsx2 Nr4a2 Glut_2,CCN20230722_CLUS,CS20230722_SUPT_0932,CCN20230722_SUPT,4,4129,cluster,#66642E,1,49
CS20230722_CLUS_4131,4131 PRNc-NI-SG-RPO Vsx2 Nr4a2 Glut_2,CCN20230722_CLUS,CS20230722_SUPT_0932,CCN20230722_SUPT,4,4130,cluster,#9BCC7A,1,152
CS20230722_CLUS_4132,4132 PRNc-NI-SG-RPO Vsx2 Nr4a2 Glut_3,CCN20230722_CLUS,CS20230722_SUPT_0933,CCN20230722_SUPT,4,4131,cluster,#47660F,1,74
CS20230722_CLUS_4133,4133 PRNc-NI-SG-RPO Vsx2 Nr4a2 Glut_3,CCN20230722_CLUS,CS20230722_SUPT_0933,CCN20230722_SUPT,4,4132,cluster,#2E8699,1,174
CS20230722_CLUS_4134,4134 PRNc-NI-SG-RPO Vsx2 Nr4a2 Glut_4,CCN20230722_CLUS,CS20230722_SUPT_0934,CCN20230722_SUPT,4,4133,cluster,#2E6638,1,29
CS20230722_CLUS_4135,4135 PRNc-NI-SG-RPO Vsx2 Nr4a2 Glut_4,CCN20230722_CLUS,CS20230722_SUPT_0934,CCN20230722_SUPT,4,4134,cluster,#4DFFF5,1,110
CS20230722_CLUS_4136,4136 PRNc-PARN Tlx1 Glut_1,CCN20230722_CLUS,CS20230722_SUPT_0935,CCN20230722_SUPT,4,4135,cluster,#995200,1,35
CS20230722_CLUS_4137,4137 PRNc-PARN Tlx1 Glut_1,CCN20230722_CLUS,CS20230722_SUPT_0935,CCN20230722_SUPT,4,4136,cluster,#CC9A1F,1,68
CS20230722_CLUS_4138,4138 PRNc-PARN Tlx1 Glut_1,CCN20230722_CLUS,CS20230722_SUPT_0935,CCN20230722_SUPT,4,4137,cluster,#661F57,1,21
CS20230722_CLUS_4139,4139 PRNc-PARN Tlx1 Glut_1,CCN20230722_CLUS,CS20230722_SUPT_0935,CCN20230722_SUPT,4,4138,cluster,#2E661F,1,60
CS20230722_CLUS_4140,4140 PRNc-PARN Tlx1 Glut_2,CCN20230722_CLUS,CS20230722_SUPT_0936,CCN20230722_SUPT,4,4139,cluster,#4F3D66,1,41
CS20230722_CLUS_4141,4141 PRNc-PARN Tlx1 Glut_2,CCN20230722_CLUS,CS20230722_SUPT_0936,CCN20230722_SUPT,4,4140,cluster,#2E6661,1,69
CS20230722_CLUS_4142,4142 PRNc-PARN Tlx1 Glut_3,CCN20230722_CLUS,CS20230722_SUPT_0937,CCN20230722_SUPT,4,4141,cluster,#172E99,1,42
CS20230722_CLUS_4143,4143 PRNc-PARN Tlx1 Glut_3,CCN20230722_CLUS,CS20230722_SUPT_0937,CCN20230722_SUPT,4,4142,cluster,#996F17,1,31
CS20230722_CLUS_4144,4144 PB-PSV Phox2b Glut_1,CCN20230722_CLUS,CS20230722_SUPT_0938,CCN20230722_SUPT,4,4143,cluster,#CC7AC8,1,59
CS20230722_CLUS_4145,4145 PB-PSV Phox2b Glut_1,CCN20230722_CLUS,CS20230722_SUPT_0938,CCN20230722_SUPT,4,4144,cluster,#7D995C,1,43
CS20230722_CLUS_4146,4146 PB-PSV Phox2b Glut_1,CCN20230722_CLUS,CS20230722_SUPT_0938,CCN20230722_SUPT,4,4145,cluster,#FD99FF,1,16
CS20230722_CLUS_4147,4147 PSV Pvalb Lhx2 Glut_1,CCN20230722_CLUS,CS20230722_SUPT_0939,CCN20230722_SUPT,4,4146,cluster,#5C9499,1,61
CS20230722_CLUS_4148,4148 PSV Pvalb Lhx2 Glut_1,CCN20230722_CLUS,CS20230722_SUPT_0939,CCN20230722_SUPT,4,4147,cluster,#73FFE8,1,584
CS20230722_CLUS_4149,4149 PSV Pvalb Lhx2 Glut_1,CCN20230722_CLUS,CS20230722_SUPT_0939,CCN20230722_SUPT,4,4148,cluster,#66423D,1,73
CS20230722_CLUS_4150,4150 PSV Pvalb Lhx2 Glut_2,CCN20230722_CLUS,CS20230722_SUPT_0940,CCN20230722_SUPT,4,4149,cluster,#6F9945,1,63
CS20230722_CLUS_4151,4151 PSV Pvalb Lhx2 Glut_2,CCN20230722_CLUS,CS20230722_SUPT_0940,CCN20230722_SUPT,4,4150,cluster,#8B995C,1,63
CS20230722_CLUS_4152,4152 PSV Pvalb Lhx2 Glut_3,CCN20230722_CLUS,CS20230722_SUPT_0941,CCN20230722_SUPT,4,4151,cluster,#949945,1,177
CS20230722_CLUS_4153,4153 PSV Pvalb Lhx2 Glut_4,CCN20230722_CLUS,CS20230722_SUPT_0942,CCN20230722_SUPT,4,4152,cluster,#73B4FF,1,33
CS20230722_CLUS_4154,4154 PB-NTS Phox2b Ebf3 Lmx1b Glut_1,CCN20230722_CLUS,CS20230722_SUPT_0943,CCN20230722_SUPT,4,4153,cluster,#FF634D,1,72
CS20230722_CLUS_4155,4155 PB-NTS Phox2b Ebf3 Lmx1b Glut_1,CCN20230722_CLUS,CS20230722_SUPT_0943,CCN20230722_SUPT,4,4154,cluster,#FF4DD4,1,43
CS20230722_CLUS_4156,4156 PB-NTS Phox2b Ebf3 Lmx1b Glut_1,CCN20230722_CLUS,CS20230722_SUPT_0943,CCN20230722_SUPT,4,4155,cluster,#CC7A3D,1,31
CS20230722_CLUS_4157,4157 PB-NTS Phox2b Ebf3 Lmx1b Glut_1,CCN20230722_CLUS,CS20230722_SUPT_0943,CCN20230722_SUPT,4,4156,cluster,#99932E,1,82
CS20230722_CLUS_4158,4158 PB-NTS Phox2b Ebf3 Lmx1b Glut_1,CCN20230722_CLUS,CS20230722_SUPT_0943,CCN20230722_SUPT,4,4157,cluster,#59663D,1,77
CS20230722_CLUS_4159,4159 PB-NTS Phox2b Ebf3 Lmx1b Glut_1,CCN20230722_CLUS,CS20230722_SUPT_0943,CCN20230722_SUPT,4,4158,cluster,#FF7384,1,39
CS20230722_CLUS_4160,4160 PB-NTS Phox2b Ebf3 Lmx1b Glut_1,CCN20230722_CLUS,CS20230722_SUPT_0943,CCN20230722_SUPT,4,4159,cluster,#CCC15C,1,60
CS20230722_CLUS_4161,4161 PB-NTS Phox2b Ebf3 Lmx1b Glut_1,CCN20230722_CLUS,CS20230722_SUPT_0943,CCN20230722_SUPT,4,4160,cluster,#271FCC,1,34
CS20230722_CLUS_4162,4162 PB-NTS Phox2b Ebf3 Lmx1b Glut_1,CCN20230722_CLUS,CS20230722_SUPT_0943,CCN20230722_SUPT,4,4161,cluster,#853DCC,1,47
CS20230722_CLUS_4163,4163 PB-NTS Phox2b Ebf3 Lmx1b Glut_2,CCN20230722_CLUS,CS20230722_SUPT_0944,CCN20230722_SUPT,4,4162,cluster,#FF00DB,1,23
CS20230722_CLUS_4164,4164 PB-NTS Phox2b Ebf3 Lmx1b Glut_2,CCN20230722_CLUS,CS20230722_SUPT_0944,CCN20230722_SUPT,4,4163,cluster,#992E5A,1,40
CS20230722_CLUS_4165,4165 PB-NTS Phox2b Ebf3 Lmx1b Glut_2,CCN20230722_CLUS,CS20230722_SUPT_0944,CCN20230722_SUPT,4,4164,cluster,#CC3D4F,1,56
CS20230722_CLUS_4166,4166 PB-NTS Phox2b Ebf3 Lmx1b Glut_2,CCN20230722_CLUS,CS20230722_SUPT_0944,CCN20230722_SUPT,4,4165,cluster,#26FF72,1,34
CS20230722_CLUS_4167,4167 PB-NTS Phox2b Ebf3 Lmx1b Glut_2,CCN20230722_CLUS,CS20230722_SUPT_0944,CCN20230722_SUPT,4,4166,cluster,#3D4A66,1,34
CS20230722_CLUS_4168,4168 PB-NTS Phox2b Ebf3 Lmx1b Glut_2,CCN20230722_CLUS,CS20230722_SUPT_0944,CCN20230722_SUPT,4,4167,cluster,#06CC00,1,39
CS20230722_CLUS_4169,4169 PB-NTS Phox2b Ebf3 Lmx1b Glut_2,CCN20230722_CLUS,CS20230722_SUPT_0944,CCN20230722_SUPT,4,4168,cluster,#73B8FF,1,31
CS20230722_CLUS_4170,4170 PB-NTS Phox2b Ebf3 Lmx1b Glut_2,CCN20230722_CLUS,CS20230722_SUPT_0944,CCN20230722_SUPT,4,4169,cluster,#CC3D55,1,142
CS20230722_CLUS_4171,4171 PRNr Otp Nfib Glut_1,CCN20230722_CLUS,CS20230722_SUPT_0945,CCN20230722_SUPT,4,4170,cluster,#0F6466,1,82
CS20230722_CLUS_4172,4172 PRNr Otp Nfib Glut_1,CCN20230722_CLUS,CS20230722_SUPT_0945,CCN20230722_SUPT,4,4171,cluster,#3D49CC,1,70
CS20230722_CLUS_4173,4173 PRNr Otp Nfib Glut_1,CCN20230722_CLUS,CS20230722_SUPT_0945,CCN20230722_SUPT,4,4172,cluster,#F4FF99,1,95
CS20230722_CLUS_4174,4174 IPN-LDT Vsx2 Nkx6-1 Glut_1,CCN20230722_CLUS,CS20230722_SUPT_0946,CCN20230722_SUPT,4,4173,cluster,#81CC1F,1,32
CS20230722_CLUS_4175,4175 IPN-LDT Vsx2 Nkx6-1 Glut_1,CCN20230722_CLUS,CS20230722_SUPT_0946,CCN20230722_SUPT,4,4174,cluster,#FFB34D,1,55
CS20230722_CLUS_4176,4176 IPN-LDT Vsx2 Nkx6-1 Glut_1,CCN20230722_CLUS,CS20230722_SUPT_0946,CCN20230722_SUPT,4,4175,cluster,#996A00,1,50
CS20230722_CLUS_4177,4177 IPN-LDT Vsx2 Nkx6-1 Glut_1,CCN20230722_CLUS,CS20230722_SUPT_0946,CCN20230722_SUPT,4,4176,cluster,#432E66,1,99
CS20230722_CLUS_4178,4178 IPN-LDT Vsx2 Nkx6-1 Glut_1,CCN20230722_CLUS,CS20230722_SUPT_0946,CCN20230722_SUPT,4,4177,cluster,#FFF200,1,87
CS20230722_CLUS_4179,4179 IPN-LDT Vsx2 Nkx6-1 Glut_1,CCN20230722_CLUS,CS20230722_SUPT_0946,CCN20230722_SUPT,4,4178,cluster,#99454B,1,47
CS20230722_CLUS_4180,4180 IPN-LDT Vsx2 Nkx6-1 Glut_1,CCN20230722_CLUS,CS20230722_SUPT_0946,CCN20230722_SUPT,4,4179,cluster,#1E660F,1,19
CS20230722_CLUS_4181,4181 IPN-LDT Vsx2 Nkx6-1 Glut_2,CCN20230722_CLUS,CS20230722_SUPT_0947,CCN20230722_SUPT,4,4180,cluster,#1F55CC,1,226
CS20230722_CLUS_4182,4182 IPN-LDT Vsx2 Nkx6-1 Glut_2,CCN20230722_CLUS,CS20230722_SUPT_0947,CCN20230722_SUPT,4,4181,cluster,#5C8F99,1,120
CS20230722_CLUS_4183,4183 IPN-LDT Vsx2 Nkx6-1 Glut_2,CCN20230722_CLUS,CS20230722_SUPT_0947,CCN20230722_SUPT,4,4182,cluster,#7F992E,1,166
CS20230722_CLUS_4184,4184 IPN-LDT Vsx2 Nkx6-1 Glut_2,CCN20230722_CLUS,CS20230722_SUPT_0947,CCN20230722_SUPT,4,4183,cluster,#991785,1,72
CS20230722_CLUS_4185,4185 IPN-LDT Vsx2 Nkx6-1 Glut_2,CCN20230722_CLUS,CS20230722_SUPT_0947,CCN20230722_SUPT,4,4184,cluster,#459957,1,36
CS20230722_CLUS_4186,4186 LDT Vsx2 Nkx6-1 Nfib Glut_1,CCN20230722_CLUS,CS20230722_SUPT_0948,CCN20230722_SUPT,4,4185,cluster,#2DFF26,1,226
CS20230722_CLUS_4187,4187 LDT Vsx2 Nkx6-1 Nfib Glut_1,CCN20230722_CLUS,CS20230722_SUPT_0948,CCN20230722_SUPT,4,4186,cluster,#7A9917,1,295
CS20230722_CLUS_4188,4188 LDT Vsx2 Nkx6-1 Nfib Glut_1,CCN20230722_CLUS,CS20230722_SUPT_0948,CCN20230722_SUPT,4,4187,cluster,#1E6600,1,72
CS20230722_CLUS_4189,4189 LDT Vsx2 Nkx6-1 Nfib Glut_1,CCN20230722_CLUS,CS20230722_SUPT_0948,CCN20230722_SUPT,4,4188,cluster,#99492E,1,155
CS20230722_CLUS_4190,4190 LDT Vsx2 Nkx6-1 Nfib Glut_1,CCN20230722_CLUS,CS20230722_SUPT_0948,CCN20230722_SUPT,4,4189,cluster,#990028,1,34
CS20230722_CLUS_4191,4191 LDT Vsx2 Nkx6-1 Nfib Glut_1,CCN20230722_CLUS,CS20230722_SUPT_0948,CCN20230722_SUPT,4,4190,cluster,#994589,1,203
CS20230722_CLUS_4192,4192 LDT Vsx2 Nkx6-1 Nfib Glut_1,CCN20230722_CLUS,CS20230722_SUPT_0948,CCN20230722_SUPT,4,4191,cluster,#4C661F,1,106
CS20230722_CLUS_4193,4193 LDT Vsx2 Nkx6-1 Nfib Glut_1,CCN20230722_CLUS,CS20230722_SUPT_0948,CCN20230722_SUPT,4,4192,cluster,#376600,1,81
CS20230722_CLUS_4194,4194 LDT Vsx2 Nkx6-1 Nfib Glut_2,CCN20230722_CLUS,CS20230722_SUPT_0949,CCN20230722_SUPT,4,4193,cluster,#665C00,1,208
CS20230722_CLUS_4195,4195 NLL-SOC Spp1 Glut_1,CCN20230722_CLUS,CS20230722_SUPT_0950,CCN20230722_SUPT,4,4194,cluster,#4E1FCC,1,52
CS20230722_CLUS_4196,4196 NLL-SOC Spp1 Glut_2,CCN20230722_CLUS,CS20230722_SUPT_0951,CCN20230722_SUPT,4,4195,cluster,#4DF5FF,1,80
CS20230722_CLUS_4197,4197 MEV Ppp1r1c Glut_1,CCN20230722_CLUS,CS20230722_SUPT_0952,CCN20230722_SUPT,4,4196,cluster,#CC7AB9,1,22
CS20230722_CLUS_4198,4198 PG-TRN-LRN Fat2 Glut_1,CCN20230722_CLUS,CS20230722_SUPT_0953,CCN20230722_SUPT,4,4197,cluster,#52663D,1,644
CS20230722_CLUS_4199,4199 PG-TRN-LRN Fat2 Glut_1,CCN20230722_CLUS,CS20230722_SUPT_0953,CCN20230722_SUPT,4,4198,cluster,#663D63,1,3002
CS20230722_CLUS_4200,4200 PG-TRN-LRN Fat2 Glut_1,CCN20230722_CLUS,CS20230722_SUPT_0953,CCN20230722_SUPT,4,4199,cluster,#990085,1,248
CS20230722_CLUS_4201,4201 IRN Vip Glut_1,CCN20230722_CLUS,CS20230722_SUPT_0954,CCN20230722_SUPT,4,4200,cluster,#FFBB4D,1,43
CS20230722_CLUS_4202,4202 IRN Vip Glut_1,CCN20230722_CLUS,CS20230722_SUPT_0954,CCN20230722_SUPT,4,4201,cluster,#C7CC1F,1,27
CS20230722_CLUS_4203,4203 IRN Vip Glut_1,CCN20230722_CLUS,CS20230722_SUPT_0954,CCN20230722_SUPT,4,4202,cluster,#5B661F,1,37
CS20230722_CLUS_4204,4204 IRN Vip Glut_1,CCN20230722_CLUS,CS20230722_SUPT_0954,CCN20230722_SUPT,4,4203,cluster,#46663D,1,42
CS20230722_CLUS_4205,4205 PRP-NI-PRNc-GRN Otp Glut_1,CCN20230722_CLUS,CS20230722_SUPT_0955,CCN20230722_SUPT,4,4204,cluster,#2E6633,1,70
CS20230722_CLUS_4206,4206 PRP-NI-PRNc-GRN Otp Glut_1,CCN20230722_CLUS,CS20230722_SUPT_0955,CCN20230722_SUPT,4,4205,cluster,#FF00D0,1,45
CS20230722_CLUS_4207,4207 PRP-NI-PRNc-GRN Otp Glut_2,CCN20230722_CLUS,CS20230722_SUPT_0956,CCN20230722_SUPT,4,4206,cluster,#E94DFF,1,29
CS20230722_CLUS_4208,4208 PRP-NI-PRNc-GRN Otp Glut_2,CCN20230722_CLUS,CS20230722_SUPT_0956,CCN20230722_SUPT,4,4207,cluster,#994584,1,74
CS20230722_CLUS_4209,4209 PRP-NI-PRNc-GRN Otp Glut_2,CCN20230722_CLUS,CS20230722_SUPT_0956,CCN20230722_SUPT,4,4208,cluster,#FF7375,1,173
CS20230722_CLUS_4210,4210 PRP-NI-PRNc-GRN Otp Glut_2,CCN20230722_CLUS,CS20230722_SUPT_0956,CCN20230722_SUPT,4,4209,cluster,#001266,1,66
CS20230722_CLUS_4211,4211 PRP-NI-PRNc-GRN Otp Glut_2,CCN20230722_CLUS,CS20230722_SUPT_0956,CCN20230722_SUPT,4,4210,cluster,#B8CC7A,1,121
CS20230722_CLUS_4212,4212 PRP-NI-PRNc-GRN Otp Glut_2,CCN20230722_CLUS,CS20230722_SUPT_0956,CCN20230722_SUPT,4,4211,cluster,#662E41,1,25
CS20230722_CLUS_4213,4213 PRP-NI-PRNc-GRN Otp Glut_3,CCN20230722_CLUS,CS20230722_SUPT_0957,CCN20230722_SUPT,4,4212,cluster,#995C7B,1,22
CS20230722_CLUS_4214,4214 PRP-NI-PRNc-GRN Otp Glut_3,CCN20230722_CLUS,CS20230722_SUPT_0957,CCN20230722_SUPT,4,4213,cluster,#FF264D,1,32
CS20230722_CLUS_4215,4215 PRP-NI-PRNc-GRN Otp Glut_3,CCN20230722_CLUS,CS20230722_SUPT_0957,CCN20230722_SUPT,4,4214,cluster,#662E4B,1,44
CS20230722_CLUS_4216,4216 PRP-NI-PRNc-GRN Otp Glut_3,CCN20230722_CLUS,CS20230722_SUPT_0957,CCN20230722_SUPT,4,4215,cluster,#009930,1,68
CS20230722_CLUS_4217,4217 PRP-NI-PRNc-GRN Otp Glut_3,CCN20230722_CLUS,CS20230722_SUPT_0957,CCN20230722_SUPT,4,4216,cluster,#DF73FF,1,15
CS20230722_CLUS_4218,4218 PRP-NI-PRNc-GRN Otp Glut_3,CCN20230722_CLUS,CS20230722_SUPT_0957,CCN20230722_SUPT,4,4217,cluster,#5C5C99,1,52
CS20230722_CLUS_4219,4219 PRP-NI-PRNc-GRN Otp Glut_3,CCN20230722_CLUS,CS20230722_SUPT_0957,CCN20230722_SUPT,4,4218,cluster,#3D9DCC,1,73
CS20230722_CLUS_4220,4220 PRP-NI-PRNc-GRN Otp Glut_3,CCN20230722_CLUS,CS20230722_SUPT_0957,CCN20230722_SUPT,4,4219,cluster,#456299,1,26
CS20230722_CLUS_4221,4221 PRP-NI-PRNc-GRN Otp Glut_4,CCN20230722_CLUS,CS20230722_SUPT_0958,CCN20230722_SUPT,4,4220,cluster,#998917,1,177
CS20230722_CLUS_4222,4222 PRP-NI-PRNc-GRN Otp Glut_4,CCN20230722_CLUS,CS20230722_SUPT_0958,CCN20230722_SUPT,4,4221,cluster,#CC6300,1,50
CS20230722_CLUS_4223,4223 PRP-NI-PRNc-GRN Otp Glut_4,CCN20230722_CLUS,CS20230722_SUPT_0958,CCN20230722_SUPT,4,4222,cluster,#7A91CC,1,41
CS20230722_CLUS_4224,4224 PRP-NI-PRNc-GRN Otp Glut_4,CCN20230722_CLUS,CS20230722_SUPT_0958,CCN20230722_SUPT,4,4223,cluster,#173999,1,76
CS20230722_CLUS_4225,4225 NTS Phox2b Glut_1,CCN20230722_CLUS,CS20230722_SUPT_0959,CCN20230722_SUPT,4,4224,cluster,#FA00FF,1,35
CS20230722_CLUS_4226,4226 NTS Phox2b Glut_1,CCN20230722_CLUS,CS20230722_SUPT_0959,CCN20230722_SUPT,4,4225,cluster,#1FCCA7,1,20
CS20230722_CLUS_4227,4227 NTS Phox2b Glut_1,CCN20230722_CLUS,CS20230722_SUPT_0959,CCN20230722_SUPT,4,4226,cluster,#994587,1,86
CS20230722_CLUS_4228,4228 NTS Phox2b Glut_1,CCN20230722_CLUS,CS20230722_SUPT_0959,CCN20230722_SUPT,4,4227,cluster,#660E00,1,61
CS20230722_CLUS_4229,4229 NTS Phox2b Glut_1,CCN20230722_CLUS,CS20230722_SUPT_0959,CCN20230722_SUPT,4,4228,cluster,#1F4266,1,88
CS20230722_CLUS_4230,4230 NTS Phox2b Glut_1,CCN20230722_CLUS,CS20230722_SUPT_0959,CCN20230722_SUPT,4,4229,cluster,#FF26B4,1,46
CS20230722_CLUS_4231,4231 NTS Phox2b Glut_1,CCN20230722_CLUS,CS20230722_SUPT_0959,CCN20230722_SUPT,4,4230,cluster,#999300,1,85
CS20230722_CLUS_4232,4232 NTS Phox2b Glut_1,CCN20230722_CLUS,CS20230722_SUPT_0959,CCN20230722_SUPT,4,4231,cluster,#461F66,1,34
CS20230722_CLUS_4233,4233 NTS Phox2b Glut_1,CCN20230722_CLUS,CS20230722_SUPT_0959,CCN20230722_SUPT,4,4232,cluster,#26FF7C,1,18
CS20230722_CLUS_4234,4234 NTS Phox2b Glut_1,CCN20230722_CLUS,CS20230722_SUPT_0959,CCN20230722_SUPT,4,4233,cluster,#4D4DFF,1,30
CS20230722_CLUS_4235,4235 NTS Phox2b Glut_1,CCN20230722_CLUS,CS20230722_SUPT_0959,CCN20230722_SUPT,4,4234,cluster,#73F7FF,1,14
CS20230722_CLUS_4236,4236 NTS Phox2b Glut_1,CCN20230722_CLUS,CS20230722_SUPT_0959,CCN20230722_SUPT,4,4235,cluster,#5700CC,1,46
CS20230722_CLUS_4237,4237 NTS Phox2b Glut_2,CCN20230722_CLUS,CS20230722_SUPT_0960,CCN20230722_SUPT,4,4236,cluster,#90CC00,1,74
CS20230722_CLUS_4238,4238 NTS Phox2b Glut_2,CCN20230722_CLUS,CS20230722_SUPT_0960,CCN20230722_SUPT,4,4237,cluster,#FF4D94,1,38
CS20230722_CLUS_4239,4239 NTS Phox2b Glut_2,CCN20230722_CLUS,CS20230722_SUPT_0960,CCN20230722_SUPT,4,4238,cluster,#4DFFAC,1,117
CS20230722_CLUS_4240,4240 NTS Phox2b Glut_2,CCN20230722_CLUS,CS20230722_SUPT_0960,CCN20230722_SUPT,4,4239,cluster,#1FCC4D,1,94
CS20230722_CLUS_4241,4241 NTS Phox2b Glut_2,CCN20230722_CLUS,CS20230722_SUPT_0960,CCN20230722_SUPT,4,4240,cluster,#99442E,1,41
CS20230722_CLUS_4242,4242 NTS Phox2b Glut_2,CCN20230722_CLUS,CS20230722_SUPT_0960,CCN20230722_SUPT,4,4241,cluster,#FF2657,1,37
CS20230722_CLUS_4243,4243 NTS Phox2b Glut_2,CCN20230722_CLUS,CS20230722_SUPT_0960,CCN20230722_SUPT,4,4242,cluster,#1FCCCA,1,41
CS20230722_CLUS_4244,4244 NTS Phox2b Glut_2,CCN20230722_CLUS,CS20230722_SUPT_0960,CCN20230722_SUPT,4,4243,cluster,#231FCC,1,65
CS20230722_CLUS_4245,4245 NTS Phox2b Glut_3,CCN20230722_CLUS,CS20230722_SUPT_0961,CCN20230722_SUPT,4,4244,cluster,#CC6700,1,48
CS20230722_CLUS_4246,4246 NTS Phox2b Glut_3,CCN20230722_CLUS,CS20230722_SUPT_0961,CCN20230722_SUPT,4,4245,cluster,#FF9999,1,36
CS20230722_CLUS_4247,4247 NTS Phox2b Glut_3,CCN20230722_CLUS,CS20230722_SUPT_0961,CCN20230722_SUPT,4,4246,cluster,#BC99FF,1,120
CS20230722_CLUS_4248,4248 NTS Phox2b Glut_3,CCN20230722_CLUS,CS20230722_SUPT_0961,CCN20230722_SUPT,4,4247,cluster,#D2FF73,1,179
CS20230722_CLUS_4249,4249 NTS Phox2b Glut_3,CCN20230722_CLUS,CS20230722_SUPT_0961,CCN20230722_SUPT,4,4248,cluster,#433D66,1,88
CS20230722_CLUS_4250,4250 NTS Phox2b Glut_3,CCN20230722_CLUS,CS20230722_SUPT_0961,CCN20230722_SUPT,4,4249,cluster,#2E662F,1,214
CS20230722_CLUS_4251,4251 NTS Phox2b Glut_3,CCN20230722_CLUS,CS20230722_SUPT_0961,CCN20230722_SUPT,4,4250,cluster,#CC1F31,1,54
CS20230722_CLUS_4252,4252 NTS Phox2b Glut_3,CCN20230722_CLUS,CS20230722_SUPT_0961,CCN20230722_SUPT,4,4251,cluster,#2E5866,1,84
CS20230722_CLUS_4253,4253 NTS Phox2b Glut_3,CCN20230722_CLUS,CS20230722_SUPT_0961,CCN20230722_SUPT,4,4252,cluster,#919900,1,43
CS20230722_CLUS_4254,4254 NTS Phox2b Glut_3,CCN20230722_CLUS,CS20230722_SUPT_0961,CCN20230722_SUPT,4,4253,cluster,#995C69,1,18
CS20230722_CLUS_4255,4255 NTS Phox2b Glut_3,CCN20230722_CLUS,CS20230722_SUPT_0961,CCN20230722_SUPT,4,4254,cluster,#995F00,1,84
CS20230722_CLUS_4256,4256 NTS Phox2b Glut_4,CCN20230722_CLUS,CS20230722_SUPT_0962,CCN20230722_SUPT,4,4255,cluster,#CC1900,1,45
CS20230722_CLUS_4257,4257 NTS Phox2b Glut_4,CCN20230722_CLUS,CS20230722_SUPT_0962,CCN20230722_SUPT,4,4256,cluster,#FF99BC,1,80
CS20230722_CLUS_4258,4258 NTS Phox2b Glut_4,CCN20230722_CLUS,CS20230722_SUPT_0962,CCN20230722_SUPT,4,4257,cluster,#1F3266,1,42
CS20230722_CLUS_4259,4259 NTS Phox2b Glut_4,CCN20230722_CLUS,CS20230722_SUPT_0962,CCN20230722_SUPT,4,4258,cluster,#4900CC,1,141
CS20230722_CLUS_4260,4260 NTS Phox2b Glut_4,CCN20230722_CLUS,CS20230722_SUPT_0962,CCN20230722_SUPT,4,4259,cluster,#FF7378,1,30
CS20230722_CLUS_4261,4261 NTS Phox2b Glut_4,CCN20230722_CLUS,CS20230722_SUPT_0962,CCN20230722_SUPT,4,4260,cluster,#79CC00,1,67
CS20230722_CLUS_4262,4262 NTS Phox2b Glut_4,CCN20230722_CLUS,CS20230722_SUPT_0962,CCN20230722_SUPT,4,4261,cluster,#CC4D3D,1,153
CS20230722_CLUS_4263,4263 NTS Phox2b Glut_4,CCN20230722_CLUS,CS20230722_SUPT_0962,CCN20230722_SUPT,4,4262,cluster,#5A3D66,1,40
CS20230722_CLUS_4264,4264 NTS Phox2b Glut_4,CCN20230722_CLUS,CS20230722_SUPT_0962,CCN20230722_SUPT,4,4263,cluster,#FF0085,1,74
CS20230722_CLUS_4265,4265 NTS Phox2b Glut_4,CCN20230722_CLUS,CS20230722_SUPT_0962,CCN20230722_SUPT,4,4264,cluster,#0F1066,1,101
CS20230722_CLUS_4266,4266 NTS Phox2b Glut_5,CCN20230722_CLUS,CS20230722_SUPT_0963,CCN20230722_SUPT,4,4265,cluster,#663E3D,1,74
CS20230722_CLUS_4267,4267 NTS Phox2b Glut_5,CCN20230722_CLUS,CS20230722_SUPT_0963,CCN20230722_SUPT,4,4266,cluster,#661F1F,1,59
CS20230722_CLUS_4268,4268 NTS Phox2b Glut_5,CCN20230722_CLUS,CS20230722_SUPT_0963,CCN20230722_SUPT,4,4267,cluster,#54661F,1,58
CS20230722_CLUS_4269,4269 NTS Phox2b Glut_5,CCN20230722_CLUS,CS20230722_SUPT_0963,CCN20230722_SUPT,4,4268,cluster,#7E3DCC,1,63
CS20230722_CLUS_4270,4270 NTS Phox2b Glut_5,CCN20230722_CLUS,CS20230722_SUPT_0963,CCN20230722_SUPT,4,4269,cluster,#F699FF,1,41
CS20230722_CLUS_4271,4271 NTS Phox2b Glut_5,CCN20230722_CLUS,CS20230722_SUPT_0963,CCN20230722_SUPT,4,4270,cluster,#CC7A9A,1,28
CS20230722_CLUS_4272,4272 NTS Phox2b Glut_5,CCN20230722_CLUS,CS20230722_SUPT_0963,CCN20230722_SUPT,4,4271,cluster,#78992E,1,74
CS20230722_CLUS_4273,4273 NTS Phox2b Glut_5,CCN20230722_CLUS,CS20230722_SUPT_0963,CCN20230722_SUPT,4,4272,cluster,#583DCC,1,70
CS20230722_CLUS_4274,4274 NTS Phox2b Glut_5,CCN20230722_CLUS,CS20230722_SUPT_0963,CCN20230722_SUPT,4,4273,cluster,#175199,1,59
CS20230722_CLUS_4275,4275 NTS Phox2b Glut_5,CCN20230722_CLUS,CS20230722_SUPT_0963,CCN20230722_SUPT,4,4274,cluster,#FF574D,1,60
CS20230722_CLUS_4276,4276 NTS Phox2b Glut_5,CCN20230722_CLUS,CS20230722_SUPT_0963,CCN20230722_SUPT,4,4275,cluster,#47CC3D,1,35
CS20230722_CLUS_4277,4277 NTS Phox2b Glut_5,CCN20230722_CLUS,CS20230722_SUPT_0963,CCN20230722_SUPT,4,4276,cluster,#5E0F66,1,81
CS20230722_CLUS_4278,4278 NTS Phox2b Glut_6,CCN20230722_CLUS,CS20230722_SUPT_0964,CCN20230722_SUPT,4,4277,cluster,#7B5CCC,1,52
CS20230722_CLUS_4279,4279 NTS Phox2b Glut_6,CCN20230722_CLUS,CS20230722_SUPT_0964,CCN20230722_SUPT,4,4278,cluster,#003E99,1,42
CS20230722_CLUS_4280,4280 NTS Phox2b Glut_6,CCN20230722_CLUS,CS20230722_SUPT_0964,CCN20230722_SUPT,4,4279,cluster,#992E99,1,39
CS20230722_CLUS_4281,4281 NTS Phox2b Glut_6,CCN20230722_CLUS,CS20230722_SUPT_0964,CCN20230722_SUPT,4,4280,cluster,#661F4D,1,68
CS20230722_CLUS_4282,4282 NTS Phox2b Glut_6,CCN20230722_CLUS,CS20230722_SUPT_0964,CCN20230722_SUPT,4,4281,cluster,#457199,1,141
CS20230722_CLUS_4283,4283 NTS Phox2b Glut_6,CCN20230722_CLUS,CS20230722_SUPT_0964,CCN20230722_SUPT,4,4282,cluster,#13660F,1,40
CS20230722_CLUS_4284,4284 NTS Phox2b Glut_7,CCN20230722_CLUS,CS20230722_SUPT_0965,CCN20230722_SUPT,4,4283,cluster,#FF4DE4,1,20
CS20230722_CLUS_4285,4285 NTS Phox2b Glut_7,CCN20230722_CLUS,CS20230722_SUPT_0965,CCN20230722_SUPT,4,4284,cluster,#663D4B,1,56
CS20230722_CLUS_4286,4286 NTS Phox2b Glut_7,CCN20230722_CLUS,CS20230722_SUPT_0965,CCN20230722_SUPT,4,4285,cluster,#99912E,1,55
CS20230722_CLUS_4287,4287 NTS Phox2b Glut_7,CCN20230722_CLUS,CS20230722_SUPT_0965,CCN20230722_SUPT,4,4286,cluster,#454799,1,85
CS20230722_CLUS_4288,4288 NTS Phox2b Glut_7,CCN20230722_CLUS,CS20230722_SUPT_0965,CCN20230722_SUPT,4,4287,cluster,#809900,1,58
CS20230722_CLUS_4289,4289 NTS Phox2b Glut_7,CCN20230722_CLUS,CS20230722_SUPT_0965,CCN20230722_SUPT,4,4288,cluster,#66002D,1,15
CS20230722_CLUS_4290,4290 NTS Phox2b Glut_8,CCN20230722_CLUS,CS20230722_SUPT_0966,CCN20230722_SUPT,4,4289,cluster,#006658,1,96
CS20230722_CLUS_4291,4291 NTS Phox2b Glut_8,CCN20230722_CLUS,CS20230722_SUPT_0966,CCN20230722_SUPT,4,4290,cluster,#CC5CC2,1,34
CS20230722_CLUS_4292,4292 NTS Phox2b Glut_8,CCN20230722_CLUS,CS20230722_SUPT_0966,CCN20230722_SUPT,4,4291,cluster,#713DCC,1,19
CS20230722_CLUS_4293,4293 NTS Phox2b Glut_8,CCN20230722_CLUS,CS20230722_SUPT_0966,CCN20230722_SUPT,4,4292,cluster,#413DCC,1,53
CS20230722_CLUS_4294,4294 NTS Phox2b Glut_8,CCN20230722_CLUS,CS20230722_SUPT_0966,CCN20230722_SUPT,4,4293,cluster,#5C997C,1,62
CS20230722_CLUS_4295,4295 NTS Phox2b Glut_8,CCN20230722_CLUS,CS20230722_SUPT_0966,CCN20230722_SUPT,4,4294,cluster,#493D66,1,19
CS20230722_CLUS_4296,4296 NTS Phox2b Glut_9,CCN20230722_CLUS,CS20230722_SUPT_0967,CCN20230722_SUPT,4,4295,cluster,#FF73F9,1,31
CS20230722_CLUS_4297,4297 NTS Phox2b Glut_9,CCN20230722_CLUS,CS20230722_SUPT_0967,CCN20230722_SUPT,4,4296,cluster,#402E66,1,184
CS20230722_CLUS_4298,4298 NTS Phox2b Glut_9,CCN20230722_CLUS,CS20230722_SUPT_0967,CCN20230722_SUPT,4,4297,cluster,#2E5166,1,43
CS20230722_CLUS_4299,4299 NTS Phox2b Glut_9,CCN20230722_CLUS,CS20230722_SUPT_0967,CCN20230722_SUPT,4,4298,cluster,#00D1FF,1,31
CS20230722_CLUS_4300,4300 NTS Phox2b Glut_9,CCN20230722_CLUS,CS20230722_SUPT_0967,CCN20230722_SUPT,4,4299,cluster,#CC7A86,1,91
CS20230722_CLUS_4301,4301 NTS Phox2b Glut_9,CCN20230722_CLUS,CS20230722_SUPT_0967,CCN20230722_SUPT,4,4300,cluster,#451F66,1,84
CS20230722_CLUS_4302,4302 NTS Phox2b Glut_10,CCN20230722_CLUS,CS20230722_SUPT_0968,CCN20230722_SUPT,4,4301,cluster,#CC1F35,1,28
CS20230722_CLUS_4303,4303 NTS Phox2b Glut_10,CCN20230722_CLUS,CS20230722_SUPT_0968,CCN20230722_SUPT,4,4302,cluster,#3D664F,1,55
CS20230722_CLUS_4304,4304 NTS Phox2b Glut_10,CCN20230722_CLUS,CS20230722_SUPT_0968,CCN20230722_SUPT,4,4303,cluster,#7A7FCC,1,44
CS20230722_CLUS_4305,4305 NTS Phox2b Glut_10,CCN20230722_CLUS,CS20230722_SUPT_0968,CCN20230722_SUPT,4,4304,cluster,#73FFB2,1,92
CS20230722_CLUS_4306,4306 NTS Phox2b Glut_10,CCN20230722_CLUS,CS20230722_SUPT_0968,CCN20230722_SUPT,4,4305,cluster,#9373FF,1,33
CS20230722_CLUS_4307,4307 NTS Phox2b Glut_10,CCN20230722_CLUS,CS20230722_SUPT_0968,CCN20230722_SUPT,4,4306,cluster,#17992C,1,57
CS20230722_CLUS_4308,4308 MARN-GRN Pyy Glut_1,CCN20230722_CLUS,CS20230722_SUPT_0969,CCN20230722_SUPT,4,4307,cluster,#3DCC8B,1,56
CS20230722_CLUS_4309,4309 MDRNv Lhx4 Qrfprl Glut_1,CCN20230722_CLUS,CS20230722_SUPT_0970,CCN20230722_SUPT,4,4308,cluster,#73FF9C,1,74
CS20230722_CLUS_4310,4310 NTS Mbnl3 Glut_1,CCN20230722_CLUS,CS20230722_SUPT_0971,CCN20230722_SUPT,4,4309,cluster,#991765,1,162
CS20230722_CLUS_4311,4311 PGRNd Dmbx1 Glut_1,CCN20230722_CLUS,CS20230722_SUPT_0972,CCN20230722_SUPT,4,4310,cluster,#CC3D6C,1,64
CS20230722_CLUS_4312,4312 PGRNd Dmbx1 Glut_1,CCN20230722_CLUS,CS20230722_SUPT_0972,CCN20230722_SUPT,4,4311,cluster,#1F3666,1,11
CS20230722_CLUS_4313,4313 PGRNd Dmbx1 Glut_1,CCN20230722_CLUS,CS20230722_SUPT_0972,CCN20230722_SUPT,4,4312,cluster,#26E1FF,1,17
CS20230722_CLUS_4314,4314 PGRN-PARN-MDRN Hoxb5 Glut_1,CCN20230722_CLUS,CS20230722_SUPT_0973,CCN20230722_SUPT,4,4313,cluster,#660F3D,1,22
CS20230722_CLUS_4315,4315 PGRN-PARN-MDRN Hoxb5 Glut_1,CCN20230722_CLUS,CS20230722_SUPT_0973,CCN20230722_SUPT,4,4314,cluster,#C71FCC,1,62
CS20230722_CLUS_4316,4316 PGRN-PARN-MDRN Hoxb5 Glut_1,CCN20230722_CLUS,CS20230722_SUPT_0973,CCN20230722_SUPT,4,4315,cluster,#663B2E,1,30
CS20230722_CLUS_4317,4317 PGRN-PARN-MDRN Hoxb5 Glut_1,CCN20230722_CLUS,CS20230722_SUPT_0973,CCN20230722_SUPT,4,4316,cluster,#6D1799,1,62
CS20230722_CLUS_4318,4318 PGRN-PARN-MDRN Hoxb5 Glut_1,CCN20230722_CLUS,CS20230722_SUPT_0973,CCN20230722_SUPT,4,4317,cluster,#FFA800,1,22
CS20230722_CLUS_4319,4319 PGRN-PARN-MDRN Hoxb5 Glut_1,CCN20230722_CLUS,CS20230722_SUPT_0973,CCN20230722_SUPT,4,4318,cluster,#1FC6CC,1,38
CS20230722_CLUS_4320,4320 PGRN-PARN-MDRN Hoxb5 Glut_1,CCN20230722_CLUS,CS20230722_SUPT_0973,CCN20230722_SUPT,4,4319,cluster,#7378FF,1,29
CS20230722_CLUS_4321,4321 PGRN-PARN-MDRN Hoxb5 Glut_1,CCN20230722_CLUS,CS20230722_SUPT_0973,CCN20230722_SUPT,4,4320,cluster,#00FF7B,1,24
CS20230722_CLUS_4322,4322 PGRN-PARN-MDRN Hoxb5 Glut_1,CCN20230722_CLUS,CS20230722_SUPT_0973,CCN20230722_SUPT,4,4321,cluster,#996C5C,1,37
CS20230722_CLUS_4323,4323 PGRN-PARN-MDRN Hoxb5 Glut_1,CCN20230722_CLUS,CS20230722_SUPT_0973,CCN20230722_SUPT,4,4322,cluster,#177A99,1,55
CS20230722_CLUS_4324,4324 PGRN-PARN-MDRN Hoxb5 Glut_1,CCN20230722_CLUS,CS20230722_SUPT_0973,CCN20230722_SUPT,4,4323,cluster,#1FCC80,1,31
CS20230722_CLUS_4325,4325 PGRN-PARN-MDRN Hoxb5 Glut_1,CCN20230722_CLUS,CS20230722_SUPT_0973,CCN20230722_SUPT,4,4324,cluster,#CC3E00,1,154
CS20230722_CLUS_4326,4326 PGRN-PARN-MDRN Hoxb5 Glut_1,CCN20230722_CLUS,CS20230722_SUPT_0973,CCN20230722_SUPT,4,4325,cluster,#FF2688,1,26
CS20230722_CLUS_4327,4327 PGRN-PARN-MDRN Hoxb5 Glut_1,CCN20230722_CLUS,CS20230722_SUPT_0973,CCN20230722_SUPT,4,4326,cluster,#663D58,1,38
CS20230722_CLUS_4328,4328 PGRN-PARN-MDRN Hoxb5 Glut_1,CCN20230722_CLUS,CS20230722_SUPT_0973,CCN20230722_SUPT,4,4327,cluster,#0053CC,1,20
CS20230722_CLUS_4329,4329 PGRN-PARN-MDRN Hoxb5 Glut_1,CCN20230722_CLUS,CS20230722_SUPT_0973,CCN20230722_SUPT,4,4328,cluster,#26C3FF,1,16
CS20230722_CLUS_4330,4330 PGRN-PARN-MDRN Hoxb5 Glut_1,CCN20230722_CLUS,CS20230722_SUPT_0973,CCN20230722_SUPT,4,4329,cluster,#99CC7A,1,24
CS20230722_CLUS_4331,4331 PGRN-PARN-MDRN Hoxb5 Glut_1,CCN20230722_CLUS,CS20230722_SUPT_0973,CCN20230722_SUPT,4,4330,cluster,#22660F,1,69
CS20230722_CLUS_4332,4332 PGRN-PARN-MDRN Hoxb5 Glut_1,CCN20230722_CLUS,CS20230722_SUPT_0973,CCN20230722_SUPT,4,4331,cluster,#5A0099,1,14
CS20230722_CLUS_4333,4333 PGRN-PARN-MDRN Hoxb5 Glut_1,CCN20230722_CLUS,CS20230722_SUPT_0973,CCN20230722_SUPT,4,4332,cluster,#146600,1,28
CS20230722_CLUS_4334,4334 PGRN-PARN-MDRN Hoxb5 Glut_2,CCN20230722_CLUS,CS20230722_SUPT_0974,CCN20230722_SUPT,4,4333,cluster,#CC1F4C,1,37
CS20230722_CLUS_4335,4335 PGRN-PARN-MDRN Hoxb5 Glut_2,CCN20230722_CLUS,CS20230722_SUPT_0974,CCN20230722_SUPT,4,4334,cluster,#496600,1,28
CS20230722_CLUS_4336,4336 PGRN-PARN-MDRN Hoxb5 Glut_2,CCN20230722_CLUS,CS20230722_SUPT_0974,CCN20230722_SUPT,4,4335,cluster,#FFFA26,1,23
CS20230722_CLUS_4337,4337 PGRN-PARN-MDRN Hoxb5 Glut_2,CCN20230722_CLUS,CS20230722_SUPT_0974,CCN20230722_SUPT,4,4336,cluster,#C126FF,1,17
CS20230722_CLUS_4338,4338 PGRN-PARN-MDRN Hoxb5 Glut_2,CCN20230722_CLUS,CS20230722_SUPT_0974,CCN20230722_SUPT,4,4337,cluster,#457399,1,47
CS20230722_CLUS_4339,4339 PGRN-PARN-MDRN Hoxb5 Glut_2,CCN20230722_CLUS,CS20230722_SUPT_0974,CCN20230722_SUPT,4,4338,cluster,#FF1200,1,96
CS20230722_CLUS_4340,4340 PGRN-PARN-MDRN Hoxb5 Glut_2,CCN20230722_CLUS,CS20230722_SUPT_0974,CCN20230722_SUPT,4,4339,cluster,#2E5366,1,23
CS20230722_CLUS_4341,4341 PGRN-PARN-MDRN Hoxb5 Glut_2,CCN20230722_CLUS,CS20230722_SUPT_0974,CCN20230722_SUPT,4,4340,cluster,#5C9977,1,117
CS20230722_CLUS_4342,4342 PGRN-PARN-MDRN Hoxb5 Glut_2,CCN20230722_CLUS,CS20230722_SUPT_0974,CCN20230722_SUPT,4,4341,cluster,#8C26FF,1,11
CS20230722_CLUS_4343,4343 PGRN-PARN-MDRN Hoxb5 Glut_2,CCN20230722_CLUS,CS20230722_SUPT_0974,CCN20230722_SUPT,4,4342,cluster,#6400CC,1,25
CS20230722_CLUS_4344,4344 PGRN-PARN-MDRN Hoxb5 Glut_2,CCN20230722_CLUS,CS20230722_SUPT_0974,CCN20230722_SUPT,4,4343,cluster,#664A2E,1,16
CS20230722_CLUS_4345,4345 PGRN-PARN-MDRN Hoxb5 Glut_2,CCN20230722_CLUS,CS20230722_SUPT_0974,CCN20230722_SUPT,4,4344,cluster,#9626FF,1,43
CS20230722_CLUS_4346,4346 PGRN-PARN-MDRN Hoxb5 Glut_2,CCN20230722_CLUS,CS20230722_SUPT_0974,CCN20230722_SUPT,4,4345,cluster,#99832E,1,25
CS20230722_CLUS_4347,4347 PGRN-PARN-MDRN Hoxb5 Glut_2,CCN20230722_CLUS,CS20230722_SUPT_0974,CCN20230722_SUPT,4,4346,cluster,#5CCCB7,1,42
CS20230722_CLUS_4348,4348 PGRN-PARN-MDRN Hoxb5 Glut_2,CCN20230722_CLUS,CS20230722_SUPT_0974,CCN20230722_SUPT,4,4347,cluster,#6526FF,1,15
CS20230722_CLUS_4349,4349 PGRN-PARN-MDRN Hoxb5 Glut_3,CCN20230722_CLUS,CS20230722_SUPT_0975,CCN20230722_SUPT,4,4348,cluster,#1F6656,1,28
CS20230722_CLUS_4350,4350 PGRN-PARN-MDRN Hoxb5 Glut_3,CCN20230722_CLUS,CS20230722_SUPT_0975,CCN20230722_SUPT,4,4349,cluster,#FF4D8C,1,49
CS20230722_CLUS_4351,4351 PGRN-PARN-MDRN Hoxb5 Glut_3,CCN20230722_CLUS,CS20230722_SUPT_0975,CCN20230722_SUPT,4,4350,cluster,#2E998D,1,57
CS20230722_CLUS_4352,4352 PGRN-PARN-MDRN Hoxb5 Glut_3,CCN20230722_CLUS,CS20230722_SUPT_0975,CCN20230722_SUPT,4,4351,cluster,#66641F,1,69
CS20230722_CLUS_4353,4353 PGRN-PARN-MDRN Hoxb5 Glut_3,CCN20230722_CLUS,CS20230722_SUPT_0975,CCN20230722_SUPT,4,4352,cluster,#CC3D79,1,20
CS20230722_CLUS_4354,4354 PGRN-PARN-MDRN Hoxb5 Glut_3,CCN20230722_CLUS,CS20230722_SUPT_0975,CCN20230722_SUPT,4,4353,cluster,#99FFB5,1,31
CS20230722_CLUS_4355,4355 PGRN-PARN-MDRN Hoxb5 Glut_3,CCN20230722_CLUS,CS20230722_SUPT_0975,CCN20230722_SUPT,4,4354,cluster,#992E61,1,41
CS20230722_CLUS_4356,4356 PGRN-PARN-MDRN Hoxb5 Glut_3,CCN20230722_CLUS,CS20230722_SUPT_0975,CCN20230722_SUPT,4,4355,cluster,#995C8B,1,60
CS20230722_CLUS_4357,4357 PGRN-PARN-MDRN Hoxb5 Glut_3,CCN20230722_CLUS,CS20230722_SUPT_0975,CCN20230722_SUPT,4,4356,cluster,#AE00CC,1,21
CS20230722_CLUS_4358,4358 PGRN-PARN-MDRN Hoxb5 Glut_3,CCN20230722_CLUS,CS20230722_SUPT_0975,CCN20230722_SUPT,4,4357,cluster,#4DC9FF,1,33
CS20230722_CLUS_4359,4359 PGRN-PARN-MDRN Hoxb5 Glut_4,CCN20230722_CLUS,CS20230722_SUPT_0976,CCN20230722_SUPT,4,4358,cluster,#5C9974,1,45
CS20230722_CLUS_4360,4360 PGRN-PARN-MDRN Hoxb5 Glut_4,CCN20230722_CLUS,CS20230722_SUPT_0976,CCN20230722_SUPT,4,4359,cluster,#3CFF26,1,25
CS20230722_CLUS_4361,4361 PGRN-PARN-MDRN Hoxb5 Glut_4,CCN20230722_CLUS,CS20230722_SUPT_0976,CCN20230722_SUPT,4,4360,cluster,#E199FF,1,57
CS20230722_CLUS_4362,4362 PGRN-PARN-MDRN Hoxb5 Glut_4,CCN20230722_CLUS,CS20230722_SUPT_0976,CCN20230722_SUPT,4,4361,cluster,#261F66,1,42
CS20230722_CLUS_4363,4363 PGRN-PARN-MDRN Hoxb5 Glut_4,CCN20230722_CLUS,CS20230722_SUPT_0976,CCN20230722_SUPT,4,4362,cluster,#BFCC1F,1,45
CS20230722_CLUS_4364,4364 PGRN-PARN-MDRN Hoxb5 Glut_4,CCN20230722_CLUS,CS20230722_SUPT_0976,CCN20230722_SUPT,4,4363,cluster,#00FF47,1,15
CS20230722_CLUS_4365,4365 PGRN-PARN-MDRN Hoxb5 Glut_4,CCN20230722_CLUS,CS20230722_SUPT_0976,CCN20230722_SUPT,4,4364,cluster,#705C99,1,16
CS20230722_CLUS_4366,4366 PGRN-PARN-MDRN Hoxb5 Glut_4,CCN20230722_CLUS,CS20230722_SUPT_0976,CCN20230722_SUPT,4,4365,cluster,#1F90CC,1,11
CS20230722_CLUS_4367,4367 PGRN-PARN-MDRN Hoxb5 Glut_4,CCN20230722_CLUS,CS20230722_SUPT_0976,CCN20230722_SUPT,4,4366,cluster,#99615C,1,28
CS20230722_CLUS_4368,4368 PGRN-PARN-MDRN Hoxb5 Glut_4,CCN20230722_CLUS,CS20230722_SUPT_0976,CCN20230722_SUPT,4,4367,cluster,#99171E,1,93
CS20230722_CLUS_4369,4369 PGRN-PARN-MDRN Hoxb5 Glut_4,CCN20230722_CLUS,CS20230722_SUPT_0976,CCN20230722_SUPT,4,4368,cluster,#FF004C,1,16
CS20230722_CLUS_4370,4370 PGRN-PARN-MDRN Hoxb5 Glut_4,CCN20230722_CLUS,CS20230722_SUPT_0976,CCN20230722_SUPT,4,4369,cluster,#2684FF,1,14
CS20230722_CLUS_4371,4371 PGRN-PARN-MDRN Hoxb5 Glut_5,CCN20230722_CLUS,CS20230722_SUPT_0977,CCN20230722_SUPT,4,4370,cluster,#CC5CA8,1,46
CS20230722_CLUS_4372,4372 PGRN-PARN-MDRN Hoxb5 Glut_5,CCN20230722_CLUS,CS20230722_SUPT_0977,CCN20230722_SUPT,4,4371,cluster,#2675FF,1,75
CS20230722_CLUS_4373,4373 PGRN-PARN-MDRN Hoxb5 Glut_5,CCN20230722_CLUS,CS20230722_SUPT_0977,CCN20230722_SUPT,4,4372,cluster,#B9FF99,1,52
CS20230722_CLUS_4374,4374 PGRN-PARN-MDRN Hoxb5 Glut_5,CCN20230722_CLUS,CS20230722_SUPT_0977,CCN20230722_SUPT,4,4373,cluster,#3D6648,1,63
CS20230722_CLUS_4375,4375 PGRN-PARN-MDRN Hoxb5 Glut_5,CCN20230722_CLUS,CS20230722_SUPT_0977,CCN20230722_SUPT,4,4374,cluster,#360066,1,66
CS20230722_CLUS_4376,4376 PGRN-PARN-MDRN Hoxb5 Glut_5,CCN20230722_CLUS,CS20230722_SUPT_0977,CCN20230722_SUPT,4,4375,cluster,#C8FF73,1,50
CS20230722_CLUS_4377,4377 PGRN-PARN-MDRN Hoxb5 Glut_5,CCN20230722_CLUS,CS20230722_SUPT_0977,CCN20230722_SUPT,4,4376,cluster,#381799,1,26
CS20230722_CLUS_4378,4378 PGRN-PARN-MDRN Hoxb5 Glut_5,CCN20230722_CLUS,CS20230722_SUPT_0977,CCN20230722_SUPT,4,4377,cluster,#CEFF73,1,54
CS20230722_CLUS_4379,4379 PGRN-PARN-MDRN Hoxb5 Glut_5,CCN20230722_CLUS,CS20230722_SUPT_0977,CCN20230722_SUPT,4,4378,cluster,#99001B,1,17
CS20230722_CLUS_4380,4380 PGRN-PARN-MDRN Hoxb5 Glut_5,CCN20230722_CLUS,CS20230722_SUPT_0977,CCN20230722_SUPT,4,4379,cluster,#9FFF73,1,26
CS20230722_CLUS_4381,4381 PGRN-PARN-MDRN Hoxb5 Glut_5,CCN20230722_CLUS,CS20230722_SUPT_0977,CCN20230722_SUPT,4,4380,cluster,#C899FF,1,32
CS20230722_CLUS_4382,4382 PGRN-PARN-MDRN Hoxb5 Glut_5,CCN20230722_CLUS,CS20230722_SUPT_0977,CCN20230722_SUPT,4,4381,cluster,#995E2E,1,15
CS20230722_CLUS_4383,4383 PGRN-PARN-MDRN Hoxb5 Glut_5,CCN20230722_CLUS,CS20230722_SUPT_0977,CCN20230722_SUPT,4,4382,cluster,#CC00C5,1,9
CS20230722_CLUS_4384,4384 PGRN-PARN-MDRN Hoxb5 Glut_5,CCN20230722_CLUS,CS20230722_SUPT_0977,CCN20230722_SUPT,4,4383,cluster,#8BCC00,1,24
CS20230722_CLUS_4385,4385 PGRN-PARN-MDRN Hoxb5 Glut_6,CCN20230722_CLUS,CS20230722_SUPT_0978,CCN20230722_SUPT,4,4384,cluster,#69FF4D,1,20
CS20230722_CLUS_4386,4386 PGRN-PARN-MDRN Hoxb5 Glut_6,CCN20230722_CLUS,CS20230722_SUPT_0978,CCN20230722_SUPT,4,4385,cluster,#5C9999,1,32
CS20230722_CLUS_4387,4387 PGRN-PARN-MDRN Hoxb5 Glut_6,CCN20230722_CLUS,CS20230722_SUPT_0978,CCN20230722_SUPT,4,4386,cluster,#CCC11F,1,17
CS20230722_CLUS_4388,4388 PGRN-PARN-MDRN Hoxb5 Glut_6,CCN20230722_CLUS,CS20230722_SUPT_0978,CCN20230722_SUPT,4,4387,cluster,#FF73F3,1,42
CS20230722_CLUS_4389,4389 PGRN-PARN-MDRN Hoxb5 Glut_6,CCN20230722_CLUS,CS20230722_SUPT_0978,CCN20230722_SUPT,4,4388,cluster,#7ACC88,1,11
CS20230722_CLUS_4390,4390 PGRN-PARN-MDRN Hoxb5 Glut_6,CCN20230722_CLUS,CS20230722_SUPT_0978,CCN20230722_SUPT,4,4389,cluster,#663D40,1,19
CS20230722_CLUS_4391,4391 PGRN-PARN-MDRN Hoxb5 Glut_6,CCN20230722_CLUS,CS20230722_SUPT_0978,CCN20230722_SUPT,4,4390,cluster,#00B4CC,1,18
CS20230722_CLUS_4392,4392 PGRN-PARN-MDRN Hoxb5 Glut_6,CCN20230722_CLUS,CS20230722_SUPT_0978,CCN20230722_SUPT,4,4391,cluster,#BFCC7A,1,22
CS20230722_CLUS_4393,4393 PGRN-PARN-MDRN Hoxb5 Glut_6,CCN20230722_CLUS,CS20230722_SUPT_0978,CCN20230722_SUPT,4,4392,cluster,#0086CC,1,20
CS20230722_CLUS_4394,4394 PGRN-PARN-MDRN Hoxb5 Glut_6,CCN20230722_CLUS,CS20230722_SUPT_0978,CCN20230722_SUPT,4,4393,cluster,#CC503D,1,11
CS20230722_CLUS_4395,4395 PGRN-PARN-MDRN Hoxb5 Glut_6,CCN20230722_CLUS,CS20230722_SUPT_0978,CCN20230722_SUPT,4,4394,cluster,#7E5CCC,1,21
CS20230722_CLUS_4396,4396 PGRN-PARN-MDRN Hoxb5 Glut_6,CCN20230722_CLUS,CS20230722_SUPT_0978,CCN20230722_SUPT,4,4395,cluster,#3D664B,1,13
CS20230722_CLUS_4397,4397 PGRN-PARN-MDRN Hoxb5 Glut_7,CCN20230722_CLUS,CS20230722_SUPT_0979,CCN20230722_SUPT,4,4396,cluster,#999545,1,19
CS20230722_CLUS_4398,4398 PGRN-PARN-MDRN Hoxb5 Glut_7,CCN20230722_CLUS,CS20230722_SUPT_0979,CCN20230722_SUPT,4,4397,cluster,#CC3D7F,1,51
CS20230722_CLUS_4399,4399 PGRN-PARN-MDRN Hoxb5 Glut_7,CCN20230722_CLUS,CS20230722_SUPT_0979,CCN20230722_SUPT,4,4398,cluster,#89FF73,1,173
CS20230722_CLUS_4400,4400 PGRN-PARN-MDRN Hoxb5 Glut_7,CCN20230722_CLUS,CS20230722_SUPT_0979,CCN20230722_SUPT,4,4399,cluster,#6F9900,1,15
CS20230722_CLUS_4401,4401 PGRN-PARN-MDRN Hoxb5 Glut_7,CCN20230722_CLUS,CS20230722_SUPT_0979,CCN20230722_SUPT,4,4400,cluster,#6BCC00,1,77
CS20230722_CLUS_4402,4402 PGRN-PARN-MDRN Hoxb5 Glut_7,CCN20230722_CLUS,CS20230722_SUPT_0979,CCN20230722_SUPT,4,4401,cluster,#455A99,1,67
CS20230722_CLUS_4403,4403 PGRN-PARN-MDRN Hoxb5 Glut_7,CCN20230722_CLUS,CS20230722_SUPT_0979,CCN20230722_SUPT,4,4402,cluster,#CCBE5C,1,54
CS20230722_CLUS_4404,4404 PGRN-PARN-MDRN Hoxb5 Glut_7,CCN20230722_CLUS,CS20230722_SUPT_0979,CCN20230722_SUPT,4,4403,cluster,#2E6655,1,90
CS20230722_CLUS_4405,4405 PGRN-PARN-MDRN Hoxb5 Glut_7,CCN20230722_CLUS,CS20230722_SUPT_0979,CCN20230722_SUPT,4,4404,cluster,#B4CC7A,1,9
CS20230722_CLUS_4406,4406 MV-SPIV Slc6a2 Glut_1,CCN20230722_CLUS,CS20230722_SUPT_0980,CCN20230722_SUPT,4,4405,cluster,#1FCCC6,1,116
CS20230722_CLUS_4407,4407 MV-SPIV Slc6a2 Glut_1,CCN20230722_CLUS,CS20230722_SUPT_0980,CCN20230722_SUPT,4,4406,cluster,#2E9981,1,97
CS20230722_CLUS_4408,4408 MV-SPIV Slc6a2 Glut_1,CCN20230722_CLUS,CS20230722_SUPT_0980,CCN20230722_SUPT,4,4407,cluster,#99FFA5,1,56
CS20230722_CLUS_4409,4409 MV-SPIV Slc6a2 Glut_1,CCN20230722_CLUS,CS20230722_SUPT_0980,CCN20230722_SUPT,4,4408,cluster,#662E39,1,124
CS20230722_CLUS_4410,4410 MV-SPIV Slc6a2 Glut_1,CCN20230722_CLUS,CS20230722_SUPT_0980,CCN20230722_SUPT,4,4409,cluster,#3DCACC,1,37
CS20230722_CLUS_4411,4411 MV-SPIV Slc6a2 Glut_1,CCN20230722_CLUS,CS20230722_SUPT_0980,CCN20230722_SUPT,4,4410,cluster,#32FF26,1,37
CS20230722_CLUS_4412,4412 SPVI-SPVC Tlx3 Ebf3 Glut_1,CCN20230722_CLUS,CS20230722_SUPT_0981,CCN20230722_SUPT,4,4411,cluster,#66000F,1,101
CS20230722_CLUS_4413,4413 SPVI-SPVC Tlx3 Ebf3 Glut_1,CCN20230722_CLUS,CS20230722_SUPT_0981,CCN20230722_SUPT,4,4412,cluster,#CC7ABF,1,78
CS20230722_CLUS_4414,4414 SPVI-SPVC Tlx3 Ebf3 Glut_1,CCN20230722_CLUS,CS20230722_SUPT_0981,CCN20230722_SUPT,4,4413,cluster,#CC5C8D,1,15
CS20230722_CLUS_4415,4415 SPVI-SPVC Tlx3 Ebf3 Glut_1,CCN20230722_CLUS,CS20230722_SUPT_0981,CCN20230722_SUPT,4,4414,cluster,#009933,1,67
CS20230722_CLUS_4416,4416 SPVI-SPVC Tlx3 Ebf3 Glut_1,CCN20230722_CLUS,CS20230722_SUPT_0981,CCN20230722_SUPT,4,4415,cluster,#660F62,1,34
CS20230722_CLUS_4417,4417 SPVI-SPVC Tlx3 Ebf3 Glut_2,CCN20230722_CLUS,CS20230722_SUPT_0982,CCN20230722_SUPT,4,4416,cluster,#00CC31,1,29
CS20230722_CLUS_4418,4418 SPVI-SPVC Tlx3 Ebf3 Glut_2,CCN20230722_CLUS,CS20230722_SUPT_0982,CCN20230722_SUPT,4,4417,cluster,#CC1F8F,1,30
CS20230722_CLUS_4419,4419 SPVI-SPVC Tlx3 Ebf3 Glut_2,CCN20230722_CLUS,CS20230722_SUPT_0982,CCN20230722_SUPT,4,4418,cluster,#99177C,1,70
CS20230722_CLUS_4420,4420 SPVI-SPVC Tlx3 Ebf3 Glut_2,CCN20230722_CLUS,CS20230722_SUPT_0982,CCN20230722_SUPT,4,4419,cluster,#CC2700,1,164
CS20230722_CLUS_4421,4421 SPVI-SPVC Tlx3 Ebf3 Glut_2,CCN20230722_CLUS,CS20230722_SUPT_0982,CCN20230722_SUPT,4,4420,cluster,#60663D,1,59
CS20230722_CLUS_4422,4422 SPVI-SPVC Tlx3 Ebf3 Glut_2,CCN20230722_CLUS,CS20230722_SUPT_0982,CCN20230722_SUPT,4,4421,cluster,#26FF5F,1,36
CS20230722_CLUS_4423,4423 SPVI-SPVC Tlx3 Ebf3 Glut_2,CCN20230722_CLUS,CS20230722_SUPT_0982,CCN20230722_SUPT,4,4422,cluster,#CC3D89,1,131
CS20230722_CLUS_4424,4424 SPVI-SPVC Tlx3 Ebf3 Glut_3,CCN20230722_CLUS,CS20230722_SUPT_0983,CCN20230722_SUPT,4,4423,cluster,#7D992E,1,60
CS20230722_CLUS_4425,4425 SPVI-SPVC Tlx3 Ebf3 Glut_3,CCN20230722_CLUS,CS20230722_SUPT_0983,CCN20230722_SUPT,4,4424,cluster,#FFD84D,1,76
CS20230722_CLUS_4426,4426 SPVI-SPVC Tlx3 Ebf3 Glut_3,CCN20230722_CLUS,CS20230722_SUPT_0983,CCN20230722_SUPT,4,4425,cluster,#5C6A99,1,74
CS20230722_CLUS_4427,4427 SPVI-SPVC Tlx3 Ebf3 Glut_3,CCN20230722_CLUS,CS20230722_SUPT_0983,CCN20230722_SUPT,4,4426,cluster,#00FFD7,1,41
CS20230722_CLUS_4428,4428 SPVI-SPVC Tlx3 Ebf3 Glut_3,CCN20230722_CLUS,CS20230722_SUPT_0983,CCN20230722_SUPT,4,4427,cluster,#2E5566,1,45
CS20230722_CLUS_4429,4429 SPVI-SPVC Tlx3 Ebf3 Glut_3,CCN20230722_CLUS,CS20230722_SUPT_0983,CCN20230722_SUPT,4,4428,cluster,#5C9699,1,45
CS20230722_CLUS_4430,4430 SPVI-SPVC Tlx3 Ebf3 Glut_3,CCN20230722_CLUS,CS20230722_SUPT_0983,CCN20230722_SUPT,4,4429,cluster,#00FF75,1,170
CS20230722_CLUS_4431,4431 SPVI-SPVC Tlx3 Ebf3 Glut_4,CCN20230722_CLUS,CS20230722_SUPT_0984,CCN20230722_SUPT,4,4430,cluster,#159900,1,49
CS20230722_CLUS_4432,4432 SPVI-SPVC Tlx3 Ebf3 Glut_4,CCN20230722_CLUS,CS20230722_SUPT_0984,CCN20230722_SUPT,4,4431,cluster,#4A2E99,1,195
CS20230722_CLUS_4433,4433 SPVI-SPVC Tlx3 Ebf3 Glut_4,CCN20230722_CLUS,CS20230722_SUPT_0984,CCN20230722_SUPT,4,4432,cluster,#CC0029,1,220
CS20230722_CLUS_4434,4434 SPVI-SPVC Tlx3 Ebf3 Glut_4,CCN20230722_CLUS,CS20230722_SUPT_0984,CCN20230722_SUPT,4,4433,cluster,#FFF999,1,72
CS20230722_CLUS_4435,4435 SPVI-SPVC Tlx3 Ebf3 Glut_4,CCN20230722_CLUS,CS20230722_SUPT_0984,CCN20230722_SUPT,4,4434,cluster,#A2FF99,1,58
CS20230722_CLUS_4436,4436 SPVI-SPVC Tlx3 Ebf3 Glut_4,CCN20230722_CLUS,CS20230722_SUPT_0984,CCN20230722_SUPT,4,4435,cluster,#663D55,1,126
CS20230722_CLUS_4437,4437 SPVI-SPVC Tlx3 Ebf3 Glut_4,CCN20230722_CLUS,CS20230722_SUPT_0984,CCN20230722_SUPT,4,4436,cluster,#2E7399,1,31
CS20230722_CLUS_4438,4438 SPVI-SPVC Tlx3 Ebf3 Glut_5,CCN20230722_CLUS,CS20230722_SUPT_0985,CCN20230722_SUPT,4,4437,cluster,#1FCC32,1,120
CS20230722_CLUS_4439,4439 SPVI-SPVC Tlx3 Ebf3 Glut_5,CCN20230722_CLUS,CS20230722_SUPT_0985,CCN20230722_SUPT,4,4438,cluster,#005EFF,1,55
CS20230722_CLUS_4440,4440 SPVI-SPVC Tlx3 Ebf3 Glut_5,CCN20230722_CLUS,CS20230722_SUPT_0985,CCN20230722_SUPT,4,4439,cluster,#006627,1,13
CS20230722_CLUS_4441,4441 SPVI-SPVC Tlx3 Ebf3 Glut_6,CCN20230722_CLUS,CS20230722_SUPT_0986,CCN20230722_SUPT,4,4440,cluster,#4D7DFF,1,92
CS20230722_CLUS_4442,4442 SPVI-SPVC Tlx3 Ebf3 Glut_6,CCN20230722_CLUS,CS20230722_SUPT_0986,CCN20230722_SUPT,4,4441,cluster,#CCC67A,1,83
CS20230722_CLUS_4443,4443 SPVI-SPVC Tlx3 Ebf3 Glut_6,CCN20230722_CLUS,CS20230722_SUPT_0986,CCN20230722_SUPT,4,4442,cluster,#991773,1,138
CS20230722_CLUS_4444,4444 SPVI-SPVC Tlx3 Ebf3 Glut_6,CCN20230722_CLUS,CS20230722_SUPT_0986,CCN20230722_SUPT,4,4443,cluster,#0F665C,1,42
CS20230722_CLUS_4445,4445 SPVI-SPVC Tlx3 Ebf3 Glut_7,CCN20230722_CLUS,CS20230722_SUPT_0987,CCN20230722_SUPT,4,4444,cluster,#150066,1,37
CS20230722_CLUS_4446,4446 SPVI-SPVC Tlx3 Ebf3 Glut_7,CCN20230722_CLUS,CS20230722_SUPT_0987,CCN20230722_SUPT,4,4445,cluster,#FF4D7C,1,250
CS20230722_CLUS_4447,4447 SPVI-SPVC Tlx3 Ebf3 Glut_7,CCN20230722_CLUS,CS20230722_SUPT_0987,CCN20230722_SUPT,4,4446,cluster,#3D663D,1,63
CS20230722_CLUS_4448,4448 CU-ECU-SPVI Foxb1 Glut_1,CCN20230722_CLUS,CS20230722_SUPT_0988,CCN20230722_SUPT,4,4447,cluster,#995E5C,1,45
CS20230722_CLUS_4449,4449 CU-ECU-SPVI Foxb1 Glut_1,CCN20230722_CLUS,CS20230722_SUPT_0988,CCN20230722_SUPT,4,4448,cluster,#99A8FF,1,261
CS20230722_CLUS_4450,4450 CU-ECU-SPVI Foxb1 Glut_1,CCN20230722_CLUS,CS20230722_SUPT_0988,CCN20230722_SUPT,4,4449,cluster,#73FFD5,1,63
CS20230722_CLUS_4451,4451 CU-ECU-SPVI Foxb1 Glut_1,CCN20230722_CLUS,CS20230722_SUPT_0988,CCN20230722_SUPT,4,4450,cluster,#28FF26,1,54
CS20230722_CLUS_4452,4452 CU-ECU-SPVI Foxb1 Glut_1,CCN20230722_CLUS,CS20230722_SUPT_0988,CCN20230722_SUPT,4,4451,cluster,#67CC3D,1,21
CS20230722_CLUS_4453,4453 CU-ECU-SPVI Foxb1 Glut_1,CCN20230722_CLUS,CS20230722_SUPT_0988,CCN20230722_SUPT,4,4452,cluster,#FF4D64,1,162
CS20230722_CLUS_4454,4454 CU-ECU-SPVI Foxb1 Glut_1,CCN20230722_CLUS,CS20230722_SUPT_0988,CCN20230722_SUPT,4,4453,cluster,#662E3E,1,32
CS20230722_CLUS_4455,4455 CU-ECU-SPVI Foxb1 Glut_1,CCN20230722_CLUS,CS20230722_SUPT_0988,CCN20230722_SUPT,4,4454,cluster,#60CC3D,1,33
CS20230722_CLUS_4456,4456 CU-ECU-SPVI Foxb1 Glut_1,CCN20230722_CLUS,CS20230722_SUPT_0988,CCN20230722_SUPT,4,4455,cluster,#662E46,1,59
CS20230722_CLUS_4457,4457 CU-ECU-SPVI Foxb1 Glut_1,CCN20230722_CLUS,CS20230722_SUPT_0988,CCN20230722_SUPT,4,4456,cluster,#FFBF00,1,49
CS20230722_CLUS_4458,4458 CU-ECU-SPVI Foxb1 Glut_1,CCN20230722_CLUS,CS20230722_SUPT_0988,CCN20230722_SUPT,4,4457,cluster,#0F0066,1,34
CS20230722_CLUS_4459,4459 CU-ECU-SPVI Foxb1 Glut_1,CCN20230722_CLUS,CS20230722_SUPT_0988,CCN20230722_SUPT,4,4458,cluster,#992E83,1,23
CS20230722_CLUS_4460,4460 CU-ECU-SPVI Foxb1 Glut_1,CCN20230722_CLUS,CS20230722_SUPT_0988,CCN20230722_SUPT,4,4459,cluster,#3DCC57,1,53
CS20230722_CLUS_4461,4461 CU-ECU-SPVI Foxb1 Glut_1,CCN20230722_CLUS,CS20230722_SUPT_0988,CCN20230722_SUPT,4,4460,cluster,#4DFF4D,1,27
CS20230722_CLUS_4462,4462 CU-ECU-SPVI Foxb1 Glut_1,CCN20230722_CLUS,CS20230722_SUPT_0988,CCN20230722_SUPT,4,4461,cluster,#53663D,1,42
CS20230722_CLUS_4463,4463 CU-ECU-SPVI Foxb1 Glut_1,CCN20230722_CLUS,CS20230722_SUPT_0988,CCN20230722_SUPT,4,4462,cluster,#975C99,1,16
CS20230722_CLUS_4464,4464 CU-ECU-SPVI Foxb1 Glut_1,CCN20230722_CLUS,CS20230722_SUPT_0988,CCN20230722_SUPT,4,4463,cluster,#639917,1,97
CS20230722_CLUS_4465,4465 CU-ECU-SPVI Foxb1 Glut_1,CCN20230722_CLUS,CS20230722_SUPT_0988,CCN20230722_SUPT,4,4464,cluster,#179984,1,82
CS20230722_CLUS_4466,4466 CU-ECU-SPVI Foxb1 Glut_1,CCN20230722_CLUS,CS20230722_SUPT_0988,CCN20230722_SUPT,4,4465,cluster,#CC967A,1,46
CS20230722_CLUS_4467,4467 CU-ECU-SPVI Foxb1 Glut_1,CCN20230722_CLUS,CS20230722_SUPT_0988,CCN20230722_SUPT,4,4466,cluster,#895C99,1,47
CS20230722_CLUS_4468,4468 CU-ECU-SPVI Foxb1 Glut_2,CCN20230722_CLUS,CS20230722_SUPT_0989,CCN20230722_SUPT,4,4467,cluster,#FFB173,1,82
CS20230722_CLUS_4469,4469 CU-ECU-SPVI Foxb1 Glut_2,CCN20230722_CLUS,CS20230722_SUPT_0989,CCN20230722_SUPT,4,4468,cluster,#CCC43D,1,119
CS20230722_CLUS_4470,4470 CU-ECU-SPVI Foxb1 Glut_2,CCN20230722_CLUS,CS20230722_SUPT_0989,CCN20230722_SUPT,4,4469,cluster,#A6FF99,1,43
CS20230722_CLUS_4471,4471 CU-ECU-SPVI Foxb1 Glut_2,CCN20230722_CLUS,CS20230722_SUPT_0989,CCN20230722_SUPT,4,4470,cluster,#2E9966,1,11
CS20230722_CLUS_4472,4472 CU-ECU-SPVI Foxb1 Glut_3,CCN20230722_CLUS,CS20230722_SUPT_0990,CCN20230722_SUPT,4,4471,cluster,#455599,1,19
CS20230722_CLUS_4473,4473 CU-ECU-SPVI Foxb1 Glut_3,CCN20230722_CLUS,CS20230722_SUPT_0990,CCN20230722_SUPT,4,4472,cluster,#2E1F66,1,56
CS20230722_CLUS_4474,4474 CU-ECU-SPVI Foxb1 Glut_4,CCN20230722_CLUS,CS20230722_SUPT_0991,CCN20230722_SUPT,4,4473,cluster,#5C9299,1,101
CS20230722_CLUS_4475,4475 MV-SPIV Phox2b Ebf3 Lbx1 Glut_1,CCN20230722_CLUS,CS20230722_SUPT_0992,CCN20230722_SUPT,4,4474,cluster,#7ACCC3,1,25
CS20230722_CLUS_4476,4476 MV-SPIV Phox2b Ebf3 Lbx1 Glut_1,CCN20230722_CLUS,CS20230722_SUPT_0992,CCN20230722_SUPT,4,4475,cluster,#0300FF,1,54
CS20230722_CLUS_4477,4477 MV-SPIV Phox2b Ebf3 Lbx1 Glut_1,CCN20230722_CLUS,CS20230722_SUPT_0992,CCN20230722_SUPT,4,4476,cluster,#CC1FB2,1,100
CS20230722_CLUS_4478,4478 MV-SPIV Phox2b Ebf3 Lbx1 Glut_1,CCN20230722_CLUS,CS20230722_SUPT_0992,CCN20230722_SUPT,4,4477,cluster,#2E9940,1,42
CS20230722_CLUS_4479,4479 MV-SPIV Phox2b Ebf3 Lbx1 Glut_1,CCN20230722_CLUS,CS20230722_SUPT_0992,CCN20230722_SUPT,4,4478,cluster,#8AFF26,1,35
CS20230722_CLUS_4480,4480 MV-SPIV Phox2b Ebf3 Lbx1 Glut_1,CCN20230722_CLUS,CS20230722_SUPT_0992,CCN20230722_SUPT,4,4479,cluster,#0F5166,1,67
CS20230722_CLUS_4481,4481 MV-SPIV Phox2b Ebf3 Lbx1 Glut_1,CCN20230722_CLUS,CS20230722_SUPT_0992,CCN20230722_SUPT,4,4480,cluster,#99FFFA,1,48
CS20230722_CLUS_4482,4482 MV-SPIV Phox2b Ebf3 Lbx1 Glut_1,CCN20230722_CLUS,CS20230722_SUPT_0992,CCN20230722_SUPT,4,4481,cluster,#99B8FF,1,55
CS20230722_CLUS_4483,4483 MV-SPIV Phox2b Ebf3 Lbx1 Glut_1,CCN20230722_CLUS,CS20230722_SUPT_0992,CCN20230722_SUPT,4,4482,cluster,#005066,1,69
CS20230722_CLUS_4484,4484 MV-SPIV Phox2b Ebf3 Lbx1 Glut_1,CCN20230722_CLUS,CS20230722_SUPT_0992,CCN20230722_SUPT,4,4483,cluster,#49661F,1,35
CS20230722_CLUS_4485,4485 MV-SPIV Phox2b Ebf3 Lbx1 Glut_1,CCN20230722_CLUS,CS20230722_SUPT_0992,CCN20230722_SUPT,4,4484,cluster,#443D66,1,22
CS20230722_CLUS_4486,4486 MV-SPIV Phox2b Ebf3 Lbx1 Glut_2,CCN20230722_CLUS,CS20230722_SUPT_0993,CCN20230722_SUPT,4,4485,cluster,#CC00CA,1,59
CS20230722_CLUS_4487,4487 MV-SPIV Phox2b Ebf3 Lbx1 Glut_3,CCN20230722_CLUS,CS20230722_SUPT_0994,CCN20230722_SUPT,4,4486,cluster,#809917,1,77
CS20230722_CLUS_4488,4488 MV-SPIV Phox2b Ebf3 Lbx1 Glut_4,CCN20230722_CLUS,CS20230722_SUPT_0995,CCN20230722_SUPT,4,4487,cluster,#7AA3CC,1,46
CS20230722_CLUS_4489,4489 MV-SPIV Phox2b Ebf3 Lbx1 Glut_5,CCN20230722_CLUS,CS20230722_SUPT_0996,CCN20230722_SUPT,4,4488,cluster,#AB3DCC,1,46
CS20230722_CLUS_4490,4490 MV-SPIV Zic4 Neurod2 Glut_1,CCN20230722_CLUS,CS20230722_SUPT_0997,CCN20230722_SUPT,4,4489,cluster,#1F6638,1,116
CS20230722_CLUS_4491,4491 MV-SPIV Zic4 Neurod2 Glut_1,CCN20230722_CLUS,CS20230722_SUPT_0997,CCN20230722_SUPT,4,4490,cluster,#241799,1,173
CS20230722_CLUS_4492,4492 MV-SPIV Zic4 Neurod2 Glut_1,CCN20230722_CLUS,CS20230722_SUPT_0997,CCN20230722_SUPT,4,4491,cluster,#663F1F,1,93
CS20230722_CLUS_4493,4493 MV-SPIV Zic4 Neurod2 Glut_1,CCN20230722_CLUS,CS20230722_SUPT_0997,CCN20230722_SUPT,4,4492,cluster,#FF7626,1,92
CS20230722_CLUS_4494,4494 MV-SPIV Zic4 Neurod2 Glut_1,CCN20230722_CLUS,CS20230722_SUPT_0997,CCN20230722_SUPT,4,4493,cluster,#CBFF99,1,26
CS20230722_CLUS_4495,4495 MV-SPIV Zic4 Neurod2 Glut_1,CCN20230722_CLUS,CS20230722_SUPT_0997,CCN20230722_SUPT,4,4494,cluster,#00CCA4,1,82
CS20230722_CLUS_4496,4496 MV-SPIV Zic4 Neurod2 Glut_1,CCN20230722_CLUS,CS20230722_SUPT_0997,CCN20230722_SUPT,4,4495,cluster,#99792E,1,166
CS20230722_CLUS_4497,4497 MV-SPIV Zic4 Neurod2 Glut_1,CCN20230722_CLUS,CS20230722_SUPT_0997,CCN20230722_SUPT,4,4496,cluster,#66311F,1,13
CS20230722_CLUS_4498,4498 MV-SPIV Zic4 Neurod2 Glut_1,CCN20230722_CLUS,CS20230722_SUPT_0997,CCN20230722_SUPT,4,4497,cluster,#4000CC,1,28
CS20230722_CLUS_4499,4499 MV-SPIV Zic4 Neurod2 Glut_2,CCN20230722_CLUS,CS20230722_SUPT_0998,CCN20230722_SUPT,4,4498,cluster,#879900,1,18
CS20230722_CLUS_4500,4500 MV-SPIV Zic4 Neurod2 Glut_2,CCN20230722_CLUS,CS20230722_SUPT_0998,CCN20230722_SUPT,4,4499,cluster,#66480F,1,36
CS20230722_CLUS_4501,4501 MV-SPIV Zic4 Neurod2 Glut_2,CCN20230722_CLUS,CS20230722_SUPT_0998,CCN20230722_SUPT,4,4500,cluster,#FFA299,1,95
CS20230722_CLUS_4502,4502 MV-SPIV Zic4 Neurod2 Glut_2,CCN20230722_CLUS,CS20230722_SUPT_0998,CCN20230722_SUPT,4,4501,cluster,#CC1F68,1,86
CS20230722_CLUS_4503,4503 MV-SPIV Zic4 Neurod2 Glut_2,CCN20230722_CLUS,CS20230722_SUPT_0998,CCN20230722_SUPT,4,4502,cluster,#CB26FF,1,87
CS20230722_CLUS_4504,4504 MV-SPIV Zic4 Neurod2 Glut_2,CCN20230722_CLUS,CS20230722_SUPT_0998,CCN20230722_SUPT,4,4503,cluster,#FFC099,1,25
CS20230722_CLUS_4505,4505 MV-SPIV Zic4 Neurod2 Glut_3,CCN20230722_CLUS,CS20230722_SUPT_0999,CCN20230722_SUPT,4,4504,cluster,#002999,1,40
CS20230722_CLUS_4506,4506 MV-SPIV Zic4 Neurod2 Glut_3,CCN20230722_CLUS,CS20230722_SUPT_0999,CCN20230722_SUPT,4,4505,cluster,#3D5066,1,36
CS20230722_CLUS_4507,4507 MV-SPIV Zic4 Neurod2 Glut_3,CCN20230722_CLUS,CS20230722_SUPT_0999,CCN20230722_SUPT,4,4506,cluster,#00CC9F,1,55
CS20230722_CLUS_4508,4508 MV-SPIV Zic4 Neurod2 Glut_3,CCN20230722_CLUS,CS20230722_SUPT_0999,CCN20230722_SUPT,4,4507,cluster,#FF5D00,1,61
CS20230722_CLUS_4509,4509 MV-SPIV Zic4 Neurod2 Glut_3,CCN20230722_CLUS,CS20230722_SUPT_0999,CCN20230722_SUPT,4,4508,cluster,#992C00,1,182
CS20230722_CLUS_4510,4510 MV-SPIV Zic4 Neurod2 Glut_3,CCN20230722_CLUS,CS20230722_SUPT_0999,CCN20230722_SUPT,4,4509,cluster,#4C663D,1,26
CS20230722_CLUS_4511,4511 MV-SPIV Zic4 Neurod2 Glut_4,CCN20230722_CLUS,CS20230722_SUPT_1000,CCN20230722_SUPT,4,4510,cluster,#48992E,1,154
CS20230722_CLUS_4512,4512 MV-SPIV Zic4 Neurod2 Glut_4,CCN20230722_CLUS,CS20230722_SUPT_1000,CCN20230722_SUPT,4,4511,cluster,#0F5E66,1,54
CS20230722_CLUS_4513,4513 MV-SPIV Zic4 Neurod2 Glut_4,CCN20230722_CLUS,CS20230722_SUPT_1000,CCN20230722_SUPT,4,4512,cluster,#1F6631,1,81
CS20230722_CLUS_4514,4514 MV-SPIV Zic4 Neurod2 Glut_4,CCN20230722_CLUS,CS20230722_SUPT_1000,CCN20230722_SUPT,4,4513,cluster,#489917,1,108
CS20230722_CLUS_4515,4515 MV-SPIV Zic4 Neurod2 Glut_5,CCN20230722_CLUS,CS20230722_SUPT_1001,CCN20230722_SUPT,4,4514,cluster,#1FCC39,1,40
CS20230722_CLUS_4516,4516 MV-SPIV Zic4 Neurod2 Glut_5,CCN20230722_CLUS,CS20230722_SUPT_1001,CCN20230722_SUPT,4,4515,cluster,#C57ACC,1,15
CS20230722_CLUS_4517,4517 NTS Aldh1a2 Glut_1,CCN20230722_CLUS,CS20230722_SUPT_1002,CCN20230722_SUPT,4,4516,cluster,#78995C,1,59
CS20230722_CLUS_4518,4518 NTS Aldh1a2 Glut_1,CCN20230722_CLUS,CS20230722_SUPT_1002,CCN20230722_SUPT,4,4517,cluster,#42CC1F,1,79
CS20230722_CLUS_4519,4519 NTS Aldh1a2 Glut_1,CCN20230722_CLUS,CS20230722_SUPT_1002,CCN20230722_SUPT,4,4518,cluster,#6A4599,1,35
CS20230722_CLUS_4520,4520 NTS Aldh1a2 Glut_1,CCN20230722_CLUS,CS20230722_SUPT_1002,CCN20230722_SUPT,4,4519,cluster,#C77ACC,1,32
CS20230722_CLUS_4521,4521 CBN Neurod2 Pvalb Glut_1,CCN20230722_CLUS,CS20230722_SUPT_1003,CCN20230722_SUPT,4,4520,cluster,#3DBDCC,1,135
CS20230722_CLUS_4522,4522 CBN Neurod2 Pvalb Glut_1,CCN20230722_CLUS,CS20230722_SUPT_1003,CCN20230722_SUPT,4,4521,cluster,#660F1A,1,159
CS20230722_CLUS_4523,4523 CBN Neurod2 Pvalb Glut_1,CCN20230722_CLUS,CS20230722_SUPT_1003,CCN20230722_SUPT,4,4522,cluster,#540066,1,11
CS20230722_CLUS_4524,4524 CBN Neurod2 Pvalb Glut_1,CCN20230722_CLUS,CS20230722_SUPT_1003,CCN20230722_SUPT,4,4523,cluster,#CC903D,1,59
CS20230722_CLUS_4525,4525 NTS Dbh Glut_1,CCN20230722_CLUS,CS20230722_SUPT_1004,CCN20230722_SUPT,4,4524,cluster,#401F66,1,80
CS20230722_CLUS_4526,4526 NTS Dbh Glut_1,CCN20230722_CLUS,CS20230722_SUPT_1004,CCN20230722_SUPT,4,4525,cluster,#177199,1,62
CS20230722_CLUS_4527,4527 NTS Dbh Glut_1,CCN20230722_CLUS,CS20230722_SUPT_1004,CCN20230722_SUPT,4,4526,cluster,#2900CC,1,157
CS20230722_CLUS_4528,4528 NTS Dbh Glut_1,CCN20230722_CLUS,CS20230722_SUPT_1004,CCN20230722_SUPT,4,4527,cluster,#CBFF73,1,89
CS20230722_CLUS_4529,4529 NTS Dbh Glut_1,CCN20230722_CLUS,CS20230722_SUPT_1004,CCN20230722_SUPT,4,4528,cluster,#FF00F8,1,75
CS20230722_CLUS_4530,4530 NTS Dbh Glut_1,CCN20230722_CLUS,CS20230722_SUPT_1004,CCN20230722_SUPT,4,4529,cluster,#995C98,1,60
CS20230722_CLUS_4531,4531 NTS Dbh Glut_1,CCN20230722_CLUS,CS20230722_SUPT_1004,CCN20230722_SUPT,4,4530,cluster,#7B00CC,1,35
CS20230722_CLUS_4532,4532 NTS Dbh Glut_1,CCN20230722_CLUS,CS20230722_SUPT_1004,CCN20230722_SUPT,4,4531,cluster,#4D992E,1,34
CS20230722_CLUS_4533,4533 NTS Dbh Glut_2,CCN20230722_CLUS,CS20230722_SUPT_1005,CCN20230722_SUPT,4,4532,cluster,#251F66,1,11
CS20230722_CLUS_4534,4534 NTS Dbh Glut_2,CCN20230722_CLUS,CS20230722_SUPT_1005,CCN20230722_SUPT,4,4533,cluster,#FFE999,1,53
CS20230722_CLUS_4535,4535 NTS Dbh Glut_2,CCN20230722_CLUS,CS20230722_SUPT_1005,CCN20230722_SUPT,4,4534,cluster,#663D64,1,34
CS20230722_CLUS_4536,4536 NTS Dbh Glut_2,CCN20230722_CLUS,CS20230722_SUPT_1005,CCN20230722_SUPT,4,4535,cluster,#5D5C99,1,87
CS20230722_CLUS_4537,4537 NTS Dbh Glut_2,CCN20230722_CLUS,CS20230722_SUPT_1005,CCN20230722_SUPT,4,4536,cluster,#5C7CCC,1,48
CS20230722_CLUS_4538,4538 NTS Dbh Glut_2,CCN20230722_CLUS,CS20230722_SUPT_1005,CCN20230722_SUPT,4,4537,cluster,#FF739E,1,72
CS20230722_CLUS_4539,4539 NTS Dbh Glut_2,CCN20230722_CLUS,CS20230722_SUPT_1005,CCN20230722_SUPT,4,4538,cluster,#992E38,1,30
CS20230722_CLUS_4540,4540 NTS Dbh Glut_2,CCN20230722_CLUS,CS20230722_SUPT_1005,CCN20230722_SUPT,4,4539,cluster,#00CC48,1,70
CS20230722_CLUS_4541,4541 NTS Dbh Glut_2,CCN20230722_CLUS,CS20230722_SUPT_1005,CCN20230722_SUPT,4,4540,cluster,#A2CC00,1,83
CS20230722_CLUS_4542,4542 NTS Dbh Glut_3,CCN20230722_CLUS,CS20230722_SUPT_1006,CCN20230722_SUPT,4,4541,cluster,#CC8A7A,1,96
CS20230722_CLUS_4543,4543 NTS Dbh Glut_3,CCN20230722_CLUS,CS20230722_SUPT_1006,CCN20230722_SUPT,4,4542,cluster,#662E59,1,36
CS20230722_CLUS_4544,4544 NTS Dbh Glut_3,CCN20230722_CLUS,CS20230722_SUPT_1006,CCN20230722_SUPT,4,4543,cluster,#842E99,1,35
CS20230722_CLUS_4545,4545 NTS Dbh Glut_3,CCN20230722_CLUS,CS20230722_SUPT_1006,CCN20230722_SUPT,4,4544,cluster,#37FF00,1,50
CS20230722_CLUS_4546,4546 NTS Dbh Glut_3,CCN20230722_CLUS,CS20230722_SUPT_1006,CCN20230722_SUPT,4,4545,cluster,#177499,1,154
CS20230722_CLUS_4547,4547 NTS Dbh Glut_4,CCN20230722_CLUS,CS20230722_SUPT_1007,CCN20230722_SUPT,4,4546,cluster,#66511F,1,59
CS20230722_CLUS_4548,4548 NTS Dbh Glut_4,CCN20230722_CLUS,CS20230722_SUPT_1007,CCN20230722_SUPT,4,4547,cluster,#1FCC70,1,22
CS20230722_CLUS_4549,4549 NTS Dbh Glut_5,CCN20230722_CLUS,CS20230722_SUPT_1008,CCN20230722_SUPT,4,4548,cluster,#3D7ACC,1,78
CS20230722_CLUS_4550,4550 NTS Dbh Glut_6,CCN20230722_CLUS,CS20230722_SUPT_1009,CCN20230722_SUPT,4,4549,cluster,#26FFB7,1,116
CS20230722_CLUS_4551,4551 DMX VII Tbx20 Chol_1,CCN20230722_CLUS,CS20230722_SUPT_1010,CCN20230722_SUPT,4,4550,cluster,#4D65FF,1,29
CS20230722_CLUS_4552,4552 DMX VII Tbx20 Chol_1,CCN20230722_CLUS,CS20230722_SUPT_1010,CCN20230722_SUPT,4,4551,cluster,#FF73E3,1,75
CS20230722_CLUS_4553,4553 DMX VII Tbx20 Chol_1,CCN20230722_CLUS,CS20230722_SUPT_1010,CCN20230722_SUPT,4,4552,cluster,#66391F,1,60
CS20230722_CLUS_4554,4554 DMX VII Tbx20 Chol_1,CCN20230722_CLUS,CS20230722_SUPT_1010,CCN20230722_SUPT,4,4553,cluster,#0005CC,1,26
CS20230722_CLUS_4555,4555 DMX VII Tbx20 Chol_1,CCN20230722_CLUS,CS20230722_SUPT_1010,CCN20230722_SUPT,4,4554,cluster,#4DFFC0,1,98
CS20230722_CLUS_4556,4556 DMX VII Tbx20 Chol_2,CCN20230722_CLUS,CS20230722_SUPT_1011,CCN20230722_SUPT,4,4555,cluster,#FF4F26,1,51
CS20230722_CLUS_4557,4557 IO Fgl2 Glut_1,CCN20230722_CLUS,CS20230722_SUPT_1012,CCN20230722_SUPT,4,4556,cluster,#996D45,1,142
CS20230722_CLUS_4558,4558 VCO Mafa Meis2 Glut_1,CCN20230722_CLUS,CS20230722_SUPT_1013,CCN20230722_SUPT,4,4557,cluster,#CCAB7A,1,88
CS20230722_CLUS_4559,4559 VCO Mafa Meis2 Glut_1,CCN20230722_CLUS,CS20230722_SUPT_1013,CCN20230722_SUPT,4,4558,cluster,#FF834D,1,39
CS20230722_CLUS_4560,4560 VCO Mafa Meis2 Glut_1,CCN20230722_CLUS,CS20230722_SUPT_1013,CCN20230722_SUPT,4,4559,cluster,#991721,1,65
CS20230722_CLUS_4561,4561 VCO Mafa Meis2 Glut_2,CCN20230722_CLUS,CS20230722_SUPT_1014,CCN20230722_SUPT,4,4560,cluster,#660056,1,139
CS20230722_CLUS_4562,4562 VCO Mafa Meis2 Glut_3,CCN20230722_CLUS,CS20230722_SUPT_1015,CCN20230722_SUPT,4,4561,cluster,#660F5A,1,59
CS20230722_CLUS_4563,4563 VCO Mafa Meis2 Glut_3,CCN20230722_CLUS,CS20230722_SUPT_1015,CCN20230722_SUPT,4,4562,cluster,#456899,1,114
CS20230722_CLUS_4564,4564 VCO Mafa Meis2 Glut_3,CCN20230722_CLUS,CS20230722_SUPT_1015,CCN20230722_SUPT,4,4563,cluster,#2E3366,1,25
CS20230722_CLUS_4565,4565 VCO Mafa Meis2 Glut_3,CCN20230722_CLUS,CS20230722_SUPT_1015,CCN20230722_SUPT,4,4564,cluster,#FF99A5,1,58
CS20230722_CLUS_4566,4566 VCO Mafa Meis2 Glut_4,CCN20230722_CLUS,CS20230722_SUPT_1016,CCN20230722_SUPT,4,4565,cluster,#FF99ED,1,32
CS20230722_CLUS_4567,4567 SPVO Mafa Meis2 Glut_1,CCN20230722_CLUS,CS20230722_SUPT_1017,CCN20230722_SUPT,4,4566,cluster,#CC3DC6,1,36
CS20230722_CLUS_4568,4568 SPVO Mafa Meis2 Glut_1,CCN20230722_CLUS,CS20230722_SUPT_1017,CCN20230722_SUPT,4,4567,cluster,#2E3E66,1,101
CS20230722_CLUS_4569,4569 SPVC Mafa Glut_1,CCN20230722_CLUS,CS20230722_SUPT_1018,CCN20230722_SUPT,4,4568,cluster,#FF265C,1,52
CS20230722_CLUS_4570,4570 SPVC Mafa Glut_1,CCN20230722_CLUS,CS20230722_SUPT_1018,CCN20230722_SUPT,4,4569,cluster,#991779,1,86
CS20230722_CLUS_4571,4571 SPVC Mafa Glut_1,CCN20230722_CLUS,CS20230722_SUPT_1018,CCN20230722_SUPT,4,4570,cluster,#FFDE99,1,78
CS20230722_CLUS_4572,4572 SPVC Mafa Glut_1,CCN20230722_CLUS,CS20230722_SUPT_1018,CCN20230722_SUPT,4,4571,cluster,#66003A,1,46
CS20230722_CLUS_4573,4573 SPVC Mafa Glut_1,CCN20230722_CLUS,CS20230722_SUPT_1018,CCN20230722_SUPT,4,4572,cluster,#71FF4D,1,137
CS20230722_CLUS_4574,4574 SPVC Mafa Glut_2,CCN20230722_CLUS,CS20230722_SUPT_1019,CCN20230722_SUPT,4,4573,cluster,#321FCC,1,44
CS20230722_CLUS_4575,4575 SPVC Mafa Glut_2,CCN20230722_CLUS,CS20230722_SUPT_1019,CCN20230722_SUPT,4,4574,cluster,#5CCC78,1,2501
CS20230722_CLUS_4576,4576 SPVC Mafa Glut_2,CCN20230722_CLUS,CS20230722_SUPT_1019,CCN20230722_SUPT,4,4575,cluster,#FF4DE8,1,65
CS20230722_CLUS_4577,4577 SPVC Mafa Glut_2,CCN20230722_CLUS,CS20230722_SUPT_1019,CCN20230722_SUPT,4,4576,cluster,#00FF08,1,379
CS20230722_CLUS_4578,4578 SPVC Ccdc172 Glut_1,CCN20230722_CLUS,CS20230722_SUPT_1020,CCN20230722_SUPT,4,4577,cluster,#FF534D,1,30
CS20230722_CLUS_4579,4579 SPVC Ccdc172 Glut_1,CCN20230722_CLUS,CS20230722_SUPT_1020,CCN20230722_SUPT,4,4578,cluster,#AF3DCC,1,169
CS20230722_CLUS_4580,4580 SPVC Ccdc172 Glut_1,CCN20230722_CLUS,CS20230722_SUPT_1020,CCN20230722_SUPT,4,4579,cluster,#4F0F66,1,64
CS20230722_CLUS_4581,4581 SPVC Ccdc172 Glut_1,CCN20230722_CLUS,CS20230722_SUPT_1020,CCN20230722_SUPT,4,4580,cluster,#0081FF,1,22
CS20230722_CLUS_4582,4582 SPVC Ccdc172 Glut_1,CCN20230722_CLUS,CS20230722_SUPT_1020,CCN20230722_SUPT,4,4581,cluster,#2E6647,1,62
CS20230722_CLUS_4583,4583 SPVC Ccdc172 Glut_1,CCN20230722_CLUS,CS20230722_SUPT_1020,CCN20230722_SUPT,4,4582,cluster,#663D44,1,26
CS20230722_CLUS_4584,4584 SPVC Ccdc172 Glut_1,CCN20230722_CLUS,CS20230722_SUPT_1020,CCN20230722_SUPT,4,4583,cluster,#210066,1,64
CS20230722_CLUS_4585,4585 SPVC Ccdc172 Glut_1,CCN20230722_CLUS,CS20230722_SUPT_1020,CCN20230722_SUPT,4,4584,cluster,#0F4966,1,87
CS20230722_CLUS_4586,4586 SPVC Ccdc172 Glut_1,CCN20230722_CLUS,CS20230722_SUPT_1020,CCN20230722_SUPT,4,4585,cluster,#172599,1,69
CS20230722_CLUS_4587,4587 SPVC Nmu Glut_1,CCN20230722_CLUS,CS20230722_SUPT_1021,CCN20230722_SUPT,4,4586,cluster,#26FF86,1,192
CS20230722_CLUS_4588,4588 SPVC Nmu Glut_1,CCN20230722_CLUS,CS20230722_SUPT_1021,CCN20230722_SUPT,4,4587,cluster,#CC351F,1,149
CS20230722_CLUS_4589,4589 SPVC Nmu Glut_1,CCN20230722_CLUS,CS20230722_SUPT_1021,CCN20230722_SUPT,4,4588,cluster,#731799,1,98
CS20230722_CLUS_4590,4590 SPVC Nmu Glut_1,CCN20230722_CLUS,CS20230722_SUPT_1021,CCN20230722_SUPT,4,4589,cluster,#7D4599,1,180
CS20230722_CLUS_4591,4591 SPVC Nmu Glut_1,CCN20230722_CLUS,CS20230722_SUPT_1021,CCN20230722_SUPT,4,4590,cluster,#00664C,1,164
CS20230722_CLUS_4592,4592 SPVC Nmu Glut_2,CCN20230722_CLUS,CS20230722_SUPT_1022,CCN20230722_SUPT,4,4591,cluster,#662E00,1,40
CS20230722_CLUS_4593,4593 SPVC Nmu Glut_2,CCN20230722_CLUS,CS20230722_SUPT_1022,CCN20230722_SUPT,4,4592,cluster,#CC5CA3,1,137
CS20230722_CLUS_4594,4594 MDRNd Bves Glut_1,CCN20230722_CLUS,CS20230722_SUPT_1023,CCN20230722_SUPT,4,4593,cluster,#FF0063,1,51
CS20230722_CLUS_4595,4595 MDRNd Bves Glut_1,CCN20230722_CLUS,CS20230722_SUPT_1023,CCN20230722_SUPT,4,4594,cluster,#C900CC,1,65
CS20230722_CLUS_4596,4596 MDRNd Bves Glut_1,CCN20230722_CLUS,CS20230722_SUPT_1023,CCN20230722_SUPT,4,4595,cluster,#6000CC,1,27
CS20230722_CLUS_4597,4597 MDRNv Crp Glut_1,CCN20230722_CLUS,CS20230722_SUPT_1024,CCN20230722_SUPT,4,4596,cluster,#1DCC00,1,17
CS20230722_CLUS_4598,4598 MDRNv Crp Glut_1,CCN20230722_CLUS,CS20230722_SUPT_1024,CCN20230722_SUPT,4,4597,cluster,#009967,1,19
CS20230722_CLUS_4599,4599 MDRNv Crp Glut_1,CCN20230722_CLUS,CS20230722_SUPT_1024,CCN20230722_SUPT,4,4598,cluster,#663D5C,1,23
CS20230722_CLUS_4600,4600 MDRNv Crp Glut_1,CCN20230722_CLUS,CS20230722_SUPT_1024,CCN20230722_SUPT,4,4599,cluster,#9900FF,1,60
CS20230722_CLUS_4601,4601 HB Calcb Chol_1,CCN20230722_CLUS,CS20230722_SUPT_1025,CCN20230722_SUPT,4,4600,cluster,#459964,1,27
CS20230722_CLUS_4602,4602 HB Calcb Chol_2,CCN20230722_CLUS,CS20230722_SUPT_1026,CCN20230722_SUPT,4,4601,cluster,#FF2644,1,33
CS20230722_CLUS_4603,4603 HB Calcb Chol_3,CCN20230722_CLUS,CS20230722_SUPT_1027,CCN20230722_SUPT,4,4602,cluster,#5C8B99,1,37
CS20230722_CLUS_4604,4604 HB Calcb Chol_4,CCN20230722_CLUS,CS20230722_SUPT_1028,CCN20230722_SUPT,4,4603,cluster,#2E9917,1,121
CS20230722_CLUS_4605,4605 HB Calcb Chol_5,CCN20230722_CLUS,CS20230722_SUPT_1029,CCN20230722_SUPT,4,4604,cluster,#5D4DFF,1,75
CS20230722_CLUS_4606,4606 Pineal Crx Glut_1,CCN20230722_CLUS,CS20230722_SUPT_1030,CCN20230722_SUPT,4,4605,cluster,#FF4DD8,1,504
CS20230722_CLUS_4607,4607 CS-RPO Meis2 Gaba_1,CCN20230722_CLUS,CS20230722_SUPT_1031,CCN20230722_SUPT,4,4606,cluster,#975CCC,1,70
CS20230722_CLUS_4608,4608 CS-RPO Meis2 Gaba_1,CCN20230722_CLUS,CS20230722_SUPT_1031,CCN20230722_SUPT,4,4607,cluster,#0F6639,1,87
CS20230722_CLUS_4609,4609 CS-RPO Meis2 Gaba_1,CCN20230722_CLUS,CS20230722_SUPT_1031,CCN20230722_SUPT,4,4608,cluster,#66002A,1,79
CS20230722_CLUS_4610,4610 CS-RPO Meis2 Gaba_1,CCN20230722_CLUS,CS20230722_SUPT_1031,CCN20230722_SUPT,4,4609,cluster,#632E66,1,28
CS20230722_CLUS_4611,4611 CS-RPO Meis2 Gaba_1,CCN20230722_CLUS,CS20230722_SUPT_1031,CCN20230722_SUPT,4,4610,cluster,#660046,1,43
CS20230722_CLUS_4612,4612 CS-RPO Meis2 Gaba_1,CCN20230722_CLUS,CS20230722_SUPT_1031,CCN20230722_SUPT,4,4611,cluster,#CC3D3F,1,20
CS20230722_CLUS_4613,4613 CS-RPO Meis2 Gaba_2,CCN20230722_CLUS,CS20230722_SUPT_1032,CCN20230722_SUPT,4,4612,cluster,#4E2E99,1,54
CS20230722_CLUS_4614,4614 CS-RPO Meis2 Gaba_2,CCN20230722_CLUS,CS20230722_SUPT_1032,CCN20230722_SUPT,4,4613,cluster,#663900,1,38
CS20230722_CLUS_4615,4615 CS-RPO Meis2 Gaba_2,CCN20230722_CLUS,CS20230722_SUPT_1032,CCN20230722_SUPT,4,4614,cluster,#5F995C,1,41
CS20230722_CLUS_4616,4616 CS-RPO Meis2 Gaba_2,CCN20230722_CLUS,CS20230722_SUPT_1032,CCN20230722_SUPT,4,4615,cluster,#179995,1,67
CS20230722_CLUS_4617,4617 CS-RPO Meis2 Gaba_2,CCN20230722_CLUS,CS20230722_SUPT_1032,CCN20230722_SUPT,4,4616,cluster,#001499,1,96
CS20230722_CLUS_4618,4618 CS-RPO Meis2 Gaba_3,CCN20230722_CLUS,CS20230722_SUPT_1033,CCN20230722_SUPT,4,4617,cluster,#661F4F,1,202
CS20230722_CLUS_4619,4619 CS-RPO Meis2 Gaba_3,CCN20230722_CLUS,CS20230722_SUPT_1033,CCN20230722_SUPT,4,4618,cluster,#FFE099,1,19
CS20230722_CLUS_4620,4620 CS-RPO Meis2 Gaba_3,CCN20230722_CLUS,CS20230722_SUPT_1033,CCN20230722_SUPT,4,4619,cluster,#C399FF,1,42
CS20230722_CLUS_4621,4621 CS-RPO Meis2 Gaba_3,CCN20230722_CLUS,CS20230722_SUPT_1033,CCN20230722_SUPT,4,4620,cluster,#99835C,1,33
CS20230722_CLUS_4622,4622 CS-RPO Meis2 Gaba_4,CCN20230722_CLUS,CS20230722_SUPT_1034,CCN20230722_SUPT,4,4621,cluster,#FFC926,1,40
CS20230722_CLUS_4623,4623 CS-RPO Meis2 Gaba_4,CCN20230722_CLUS,CS20230722_SUPT_1034,CCN20230722_SUPT,4,4622,cluster,#6D995C,1,96
CS20230722_CLUS_4624,4624 CS-RPO Meis2 Gaba_4,CCN20230722_CLUS,CS20230722_SUPT_1034,CCN20230722_SUPT,4,4623,cluster,#99BDFF,1,26
CS20230722_CLUS_4625,4625 CS-RPO Meis2 Gaba_4,CCN20230722_CLUS,CS20230722_SUPT_1034,CCN20230722_SUPT,4,4624,cluster,#CC3D96,1,150
CS20230722_CLUS_4626,4626 CS-RPO Meis2 Gaba_4,CCN20230722_CLUS,CS20230722_SUPT_1034,CCN20230722_SUPT,4,4625,cluster,#FFA273,1,24
CS20230722_CLUS_4627,4627 CS-RPO Meis2 Gaba_4,CCN20230722_CLUS,CS20230722_SUPT_1034,CCN20230722_SUPT,4,4626,cluster,#7CCC5C,1,54
CS20230722_CLUS_4628,4628 CS-RPO Meis2 Gaba_5,CCN20230722_CLUS,CS20230722_SUPT_1035,CCN20230722_SUPT,4,4627,cluster,#664700,1,45
CS20230722_CLUS_4629,4629 CS-RPO Meis2 Gaba_5,CCN20230722_CLUS,CS20230722_SUPT_1035,CCN20230722_SUPT,4,4628,cluster,#179926,1,90
CS20230722_CLUS_4630,4630 CS-RPO Meis2 Gaba_5,CCN20230722_CLUS,CS20230722_SUPT_1035,CCN20230722_SUPT,4,4629,cluster,#5AFF00,1,34
CS20230722_CLUS_4631,4631 CS-RPO Meis2 Gaba_5,CCN20230722_CLUS,CS20230722_SUPT_1035,CCN20230722_SUPT,4,4630,cluster,#663E00,1,23
CS20230722_CLUS_4632,4632 CS-RPO Meis2 Gaba_5,CCN20230722_CLUS,CS20230722_SUPT_1035,CCN20230722_SUPT,4,4631,cluster,#5126FF,1,26
CS20230722_CLUS_4633,4633 PRNc Otp Gly-Gaba_1,CCN20230722_CLUS,CS20230722_SUPT_1036,CCN20230722_SUPT,4,4632,cluster,#991736,1,33
CS20230722_CLUS_4634,4634 PRNc Otp Gly-Gaba_1,CCN20230722_CLUS,CS20230722_SUPT_1036,CCN20230722_SUPT,4,4633,cluster,#663C1F,1,26
CS20230722_CLUS_4635,4635 PRNc Otp Gly-Gaba_1,CCN20230722_CLUS,CS20230722_SUPT_1036,CCN20230722_SUPT,4,4634,cluster,#FF3B00,1,101
CS20230722_CLUS_4636,4636 PRNc Otp Gly-Gaba_1,CCN20230722_CLUS,CS20230722_SUPT_1036,CCN20230722_SUPT,4,4635,cluster,#7ACCC7,1,135
CS20230722_CLUS_4637,4637 PRNc Otp Gly-Gaba_1,CCN20230722_CLUS,CS20230722_SUPT_1036,CCN20230722_SUPT,4,4636,cluster,#006466,1,94
CS20230722_CLUS_4638,4638 PRNc Otp Gly-Gaba_1,CCN20230722_CLUS,CS20230722_SUPT_1036,CCN20230722_SUPT,4,4637,cluster,#5A1F66,1,32
CS20230722_CLUS_4639,4639 PRNc Otp Gly-Gaba_1,CCN20230722_CLUS,CS20230722_SUPT_1036,CCN20230722_SUPT,4,4638,cluster,#99CC00,1,106
CS20230722_CLUS_4640,4640 PRNc Otp Gly-Gaba_2,CCN20230722_CLUS,CS20230722_SUPT_1037,CCN20230722_SUPT,4,4639,cluster,#008FCC,1,31
CS20230722_CLUS_4641,4641 PRNc Otp Gly-Gaba_2,CCN20230722_CLUS,CS20230722_SUPT_1037,CCN20230722_SUPT,4,4640,cluster,#2E5466,1,35
CS20230722_CLUS_4642,4642 PRNc Otp Gly-Gaba_2,CCN20230722_CLUS,CS20230722_SUPT_1037,CCN20230722_SUPT,4,4641,cluster,#66330F,1,46
CS20230722_CLUS_4643,4643 PRNc Otp Gly-Gaba_2,CCN20230722_CLUS,CS20230722_SUPT_1037,CCN20230722_SUPT,4,4642,cluster,#B399FF,1,37
CS20230722_CLUS_4644,4644 PRNc Otp Gly-Gaba_2,CCN20230722_CLUS,CS20230722_SUPT_1037,CCN20230722_SUPT,4,4643,cluster,#B973FF,1,80
CS20230722_CLUS_4645,4645 PRNc Otp Gly-Gaba_2,CCN20230722_CLUS,CS20230722_SUPT_1037,CCN20230722_SUPT,4,4644,cluster,#664E3D,1,24
CS20230722_CLUS_4646,4646 PRNc Otp Gly-Gaba_2,CCN20230722_CLUS,CS20230722_SUPT_1037,CCN20230722_SUPT,4,4645,cluster,#CCBE00,1,36
CS20230722_CLUS_4647,4647 PRNc Otp Gly-Gaba_3,CCN20230722_CLUS,CS20230722_SUPT_1038,CCN20230722_SUPT,4,4646,cluster,#FF9B99,1,91
CS20230722_CLUS_4648,4648 PRNc Otp Gly-Gaba_3,CCN20230722_CLUS,CS20230722_SUPT_1038,CCN20230722_SUPT,4,4647,cluster,#73FFAF,1,34
CS20230722_CLUS_4649,4649 PRNc Otp Gly-Gaba_3,CCN20230722_CLUS,CS20230722_SUPT_1038,CCN20230722_SUPT,4,4648,cluster,#A399FF,1,50
CS20230722_CLUS_4650,4650 PRNc Otp Gly-Gaba_3,CCN20230722_CLUS,CS20230722_SUPT_1038,CCN20230722_SUPT,4,4649,cluster,#6DFF26,1,37
CS20230722_CLUS_4651,4651 PRNc Otp Gly-Gaba_3,CCN20230722_CLUS,CS20230722_SUPT_1038,CCN20230722_SUPT,4,4650,cluster,#FF005D,1,39
CS20230722_CLUS_4652,4652 PRNc Otp Gly-Gaba_3,CCN20230722_CLUS,CS20230722_SUPT_1038,CCN20230722_SUPT,4,4651,cluster,#660200,1,60
CS20230722_CLUS_4653,4653 PRNc Otp Gly-Gaba_3,CCN20230722_CLUS,CS20230722_SUPT_1038,CCN20230722_SUPT,4,4652,cluster,#3D665D,1,24
CS20230722_CLUS_4654,4654 PRNc Otp Gly-Gaba_3,CCN20230722_CLUS,CS20230722_SUPT_1038,CCN20230722_SUPT,4,4653,cluster,#3D4866,1,67
CS20230722_CLUS_4655,4655 PRNc Otp Gly-Gaba_4,CCN20230722_CLUS,CS20230722_SUPT_1039,CCN20230722_SUPT,4,4654,cluster,#7A9ACC,1,117
CS20230722_CLUS_4656,4656 PRNc Otp Gly-Gaba_4,CCN20230722_CLUS,CS20230722_SUPT_1039,CCN20230722_SUPT,4,4655,cluster,#352E66,1,95
CS20230722_CLUS_4657,4657 PRNc Otp Gly-Gaba_4,CCN20230722_CLUS,CS20230722_SUPT_1039,CCN20230722_SUPT,4,4656,cluster,#CC8D7A,1,160
CS20230722_CLUS_4658,4658 PRNc Otp Gly-Gaba_4,CCN20230722_CLUS,CS20230722_SUPT_1039,CCN20230722_SUPT,4,4657,cluster,#FF0046,1,58
CS20230722_CLUS_4659,4659 PRNc Otp Gly-Gaba_4,CCN20230722_CLUS,CS20230722_SUPT_1039,CCN20230722_SUPT,4,4658,cluster,#CC7AB4,1,35
CS20230722_CLUS_4660,4660 PRNc Otp Gly-Gaba_4,CCN20230722_CLUS,CS20230722_SUPT_1039,CCN20230722_SUPT,4,4659,cluster,#562E99,1,31
CS20230722_CLUS_4661,4661 PRNc Otp Gly-Gaba_5,CCN20230722_CLUS,CS20230722_SUPT_1040,CCN20230722_SUPT,4,4660,cluster,#FBFF73,1,42
CS20230722_CLUS_4662,4662 PRNc Otp Gly-Gaba_5,CCN20230722_CLUS,CS20230722_SUPT_1040,CCN20230722_SUPT,4,4661,cluster,#3D664E,1,63
CS20230722_CLUS_4663,4663 PRNc Otp Gly-Gaba_5,CCN20230722_CLUS,CS20230722_SUPT_1040,CCN20230722_SUPT,4,4662,cluster,#CC7A82,1,128
CS20230722_CLUS_4664,4664 PB Sst Gly-Gaba_1,CCN20230722_CLUS,CS20230722_SUPT_1041,CCN20230722_SUPT,4,4663,cluster,#006665,1,88
CS20230722_CLUS_4665,4665 PB Sst Gly-Gaba_1,CCN20230722_CLUS,CS20230722_SUPT_1041,CCN20230722_SUPT,4,4664,cluster,#004B66,1,48
CS20230722_CLUS_4666,4666 PB Sst Gly-Gaba_1,CCN20230722_CLUS,CS20230722_SUPT_1041,CCN20230722_SUPT,4,4665,cluster,#3D6643,1,17
CS20230722_CLUS_4667,4667 PB Sst Gly-Gaba_1,CCN20230722_CLUS,CS20230722_SUPT_1041,CCN20230722_SUPT,4,4666,cluster,#1F3F66,1,22
CS20230722_CLUS_4668,4668 PB Sst Gly-Gaba_2,CCN20230722_CLUS,CS20230722_SUPT_1042,CCN20230722_SUPT,4,4667,cluster,#63995C,1,53
CS20230722_CLUS_4669,4669 PRNc Prox1 Brs3 Gly-Gaba_1,CCN20230722_CLUS,CS20230722_SUPT_1043,CCN20230722_SUPT,4,4668,cluster,#C23DCC,1,274
CS20230722_CLUS_4670,4670 CS-PRNr-PCG Tmem163 Otp Gaba_1,CCN20230722_CLUS,CS20230722_SUPT_1044,CCN20230722_SUPT,4,4669,cluster,#32992E,1,80
CS20230722_CLUS_4671,4671 CS-PRNr-PCG Tmem163 Otp Gaba_1,CCN20230722_CLUS,CS20230722_SUPT_1044,CCN20230722_SUPT,4,4670,cluster,#23CC1F,1,68
CS20230722_CLUS_4672,4672 CS-PRNr-PCG Tmem163 Otp Gaba_1,CCN20230722_CLUS,CS20230722_SUPT_1044,CCN20230722_SUPT,4,4671,cluster,#1F2C66,1,64
CS20230722_CLUS_4673,4673 CS-PRNr-PCG Tmem163 Otp Gaba_1,CCN20230722_CLUS,CS20230722_SUPT_1044,CCN20230722_SUPT,4,4672,cluster,#00CC0C,1,106
CS20230722_CLUS_4674,4674 CS-PRNr-PCG Tmem163 Otp Gaba_1,CCN20230722_CLUS,CS20230722_SUPT_1044,CCN20230722_SUPT,4,4673,cluster,#2640FF,1,73
CS20230722_CLUS_4675,4675 CS-PRNr-PCG Tmem163 Otp Gaba_1,CCN20230722_CLUS,CS20230722_SUPT_1044,CCN20230722_SUPT,4,4674,cluster,#1FCC60,1,36
CS20230722_CLUS_4676,4676 CS-PRNr-PCG Tmem163 Otp Gaba_1,CCN20230722_CLUS,CS20230722_SUPT_1044,CCN20230722_SUPT,4,4675,cluster,#665B1F,1,61
CS20230722_CLUS_4677,4677 CS-PRNr-PCG Tmem163 Otp Gaba_1,CCN20230722_CLUS,CS20230722_SUPT_1044,CCN20230722_SUPT,4,4676,cluster,#99D4FF,1,28
CS20230722_CLUS_4678,4678 CS-PRNr-PCG Tmem163 Otp Gaba_1,CCN20230722_CLUS,CS20230722_SUPT_1044,CCN20230722_SUPT,4,4677,cluster,#1F78CC,1,107
CS20230722_CLUS_4679,4679 CS-PRNr-PCG Tmem163 Otp Gaba_1,CCN20230722_CLUS,CS20230722_SUPT_1044,CCN20230722_SUPT,4,4678,cluster,#3B1F66,1,79
CS20230722_CLUS_4680,4680 CS-PRNr-PCG Tmem163 Otp Gaba_1,CCN20230722_CLUS,CS20230722_SUPT_1044,CCN20230722_SUPT,4,4679,cluster,#CC3DA9,1,184
CS20230722_CLUS_4681,4681 CS-PRNr-PCG Tmem163 Otp Gaba_1,CCN20230722_CLUS,CS20230722_SUPT_1044,CCN20230722_SUPT,4,4680,cluster,#FF8B73,1,36
CS20230722_CLUS_4682,4682 CS-PRNr-PCG Tmem163 Otp Gaba_1,CCN20230722_CLUS,CS20230722_SUPT_1044,CCN20230722_SUPT,4,4681,cluster,#175F99,1,83
CS20230722_CLUS_4683,4683 CS-PRNr-PCG Tmem163 Otp Gaba_2,CCN20230722_CLUS,CS20230722_SUPT_1045,CCN20230722_SUPT,4,4682,cluster,#5CA9CC,1,62
CS20230722_CLUS_4684,4684 CS-PRNr-PCG Tmem163 Otp Gaba_2,CCN20230722_CLUS,CS20230722_SUPT_1045,CCN20230722_SUPT,4,4683,cluster,#869917,1,46
CS20230722_CLUS_4685,4685 CS-PRNr-PCG Tmem163 Otp Gaba_2,CCN20230722_CLUS,CS20230722_SUPT_1045,CCN20230722_SUPT,4,4684,cluster,#266CFF,1,59
CS20230722_CLUS_4686,4686 CS-PRNr-PCG Tmem163 Otp Gaba_3,CCN20230722_CLUS,CS20230722_SUPT_1046,CCN20230722_SUPT,4,4685,cluster,#794599,1,23
CS20230722_CLUS_4687,4687 CS-PRNr-DR En1 Sox2 Gaba_1,CCN20230722_CLUS,CS20230722_SUPT_1047,CCN20230722_SUPT,4,4686,cluster,#66190F,1,115
CS20230722_CLUS_4688,4688 CS-PRNr-DR En1 Sox2 Gaba_1,CCN20230722_CLUS,CS20230722_SUPT_1047,CCN20230722_SUPT,4,4687,cluster,#661E00,1,83
CS20230722_CLUS_4689,4689 CS-PRNr-DR En1 Sox2 Gaba_1,CCN20230722_CLUS,CS20230722_SUPT_1047,CCN20230722_SUPT,4,4688,cluster,#4DB1FF,1,41
CS20230722_CLUS_4690,4690 CS-PRNr-DR En1 Sox2 Gaba_1,CCN20230722_CLUS,CS20230722_SUPT_1047,CCN20230722_SUPT,4,4689,cluster,#6BFF00,1,107
CS20230722_CLUS_4691,4691 CS-PRNr-DR En1 Sox2 Gaba_1,CCN20230722_CLUS,CS20230722_SUPT_1047,CCN20230722_SUPT,4,4690,cluster,#FF26C2,1,116
CS20230722_CLUS_4692,4692 CS-PRNr-DR En1 Sox2 Gaba_1,CCN20230722_CLUS,CS20230722_SUPT_1047,CCN20230722_SUPT,4,4691,cluster,#FF26DB,1,135
CS20230722_CLUS_4693,4693 CS-PRNr-DR En1 Sox2 Gaba_1,CCN20230722_CLUS,CS20230722_SUPT_1047,CCN20230722_SUPT,4,4692,cluster,#FF1E00,1,43
CS20230722_CLUS_4694,4694 CS-PRNr-DR En1 Sox2 Gaba_2,CCN20230722_CLUS,CS20230722_SUPT_1048,CCN20230722_SUPT,4,4693,cluster,#5B26FF,1,54
CS20230722_CLUS_4695,4695 CS-PRNr-DR En1 Sox2 Gaba_2,CCN20230722_CLUS,CS20230722_SUPT_1048,CCN20230722_SUPT,4,4694,cluster,#B87ACC,1,48
CS20230722_CLUS_4696,4696 CS-PRNr-DR En1 Sox2 Gaba_2,CCN20230722_CLUS,CS20230722_SUPT_1048,CCN20230722_SUPT,4,4695,cluster,#00CC43,1,82
CS20230722_CLUS_4697,4697 CS-PRNr-DR En1 Sox2 Gaba_2,CCN20230722_CLUS,CS20230722_SUPT_1048,CCN20230722_SUPT,4,4696,cluster,#64995C,1,137
CS20230722_CLUS_4698,4698 CS-PRNr-DR En1 Sox2 Gaba_2,CCN20230722_CLUS,CS20230722_SUPT_1048,CCN20230722_SUPT,4,4697,cluster,#561F66,1,51
CS20230722_CLUS_4699,4699 CS-PRNr-DR En1 Sox2 Gaba_2,CCN20230722_CLUS,CS20230722_SUPT_1048,CCN20230722_SUPT,4,4698,cluster,#663D61,1,13
CS20230722_CLUS_4700,4700 CS-PRNr-DR En1 Sox2 Gaba_2,CCN20230722_CLUS,CS20230722_SUPT_1048,CCN20230722_SUPT,4,4699,cluster,#2E6649,1,36
CS20230722_CLUS_4701,4701 CS-PRNr-DR En1 Sox2 Gaba_2,CCN20230722_CLUS,CS20230722_SUPT_1048,CCN20230722_SUPT,4,4700,cluster,#CCA300,1,58
CS20230722_CLUS_4702,4702 CS-PRNr-DR En1 Sox2 Gaba_2,CCN20230722_CLUS,CS20230722_SUPT_1048,CCN20230722_SUPT,4,4701,cluster,#4D71FF,1,19
CS20230722_CLUS_4703,4703 CS-PRNr-DR En1 Sox2 Gaba_2,CCN20230722_CLUS,CS20230722_SUPT_1048,CCN20230722_SUPT,4,4702,cluster,#00AFFF,1,77
CS20230722_CLUS_4704,4704 CS-PRNr-DR En1 Sox2 Gaba_2,CCN20230722_CLUS,CS20230722_SUPT_1048,CCN20230722_SUPT,4,4703,cluster,#660036,1,22
CS20230722_CLUS_4705,4705 LDT Fgf7 Gaba_1,CCN20230722_CLUS,CS20230722_SUPT_1049,CCN20230722_SUPT,4,4704,cluster,#56CC1F,1,120
CS20230722_CLUS_4706,4706 LDT Fgf7 Gaba_1,CCN20230722_CLUS,CS20230722_SUPT_1049,CCN20230722_SUPT,4,4705,cluster,#2E4E66,1,200
CS20230722_CLUS_4707,4707 LDT Fgf7 Gaba_1,CCN20230722_CLUS,CS20230722_SUPT_1049,CCN20230722_SUPT,4,4706,cluster,#00FFA3,1,202
CS20230722_CLUS_4708,4708 LDT-DTN Gata3 Nfix Gaba_1,CCN20230722_CLUS,CS20230722_SUPT_1050,CCN20230722_SUPT,4,4707,cluster,#621F66,1,47
CS20230722_CLUS_4709,4709 LDT-DTN Gata3 Nfix Gaba_1,CCN20230722_CLUS,CS20230722_SUPT_1050,CCN20230722_SUPT,4,4708,cluster,#779945,1,37
CS20230722_CLUS_4710,4710 LDT-DTN Gata3 Nfix Gaba_1,CCN20230722_CLUS,CS20230722_SUPT_1050,CCN20230722_SUPT,4,4709,cluster,#F273FF,1,97
CS20230722_CLUS_4711,4711 LDT-DTN Gata3 Nfix Gaba_1,CCN20230722_CLUS,CS20230722_SUPT_1050,CCN20230722_SUPT,4,4710,cluster,#FF874D,1,120
CS20230722_CLUS_4712,4712 LDT-DTN Gata3 Nfix Gaba_2,CCN20230722_CLUS,CS20230722_SUPT_1051,CCN20230722_SUPT,4,4711,cluster,#00FF9D,1,46
CS20230722_CLUS_4713,4713 LDT-DTN Gata3 Nfix Gaba_2,CCN20230722_CLUS,CS20230722_SUPT_1051,CCN20230722_SUPT,4,4712,cluster,#981FCC,1,264
CS20230722_CLUS_4714,4714 LDT-DTN Gata3 Nfix Gaba_2,CCN20230722_CLUS,CS20230722_SUPT_1051,CCN20230722_SUPT,4,4713,cluster,#99176D,1,78
CS20230722_CLUS_4715,4715 LDT-DTN Gata3 Nfix Gaba_2,CCN20230722_CLUS,CS20230722_SUPT_1051,CCN20230722_SUPT,4,4714,cluster,#66573D,1,75
CS20230722_CLUS_4716,4716 LDT-DTN Gata3 Nfix Gaba_2,CCN20230722_CLUS,CS20230722_SUPT_1051,CCN20230722_SUPT,4,4715,cluster,#642E66,1,39
CS20230722_CLUS_4717,4717 NI-RPO Gata3 Nr4a2 Gaba_1,CCN20230722_CLUS,CS20230722_SUPT_1052,CCN20230722_SUPT,4,4716,cluster,#FFAD00,1,62
CS20230722_CLUS_4718,4718 NI-RPO Gata3 Nr4a2 Gaba_1,CCN20230722_CLUS,CS20230722_SUPT_1052,CCN20230722_SUPT,4,4717,cluster,#582E99,1,70
CS20230722_CLUS_4719,4719 NI-RPO Gata3 Nr4a2 Gaba_1,CCN20230722_CLUS,CS20230722_SUPT_1052,CCN20230722_SUPT,4,4718,cluster,#450099,1,56
CS20230722_CLUS_4720,4720 NI-RPO Gata3 Nr4a2 Gaba_1,CCN20230722_CLUS,CS20230722_SUPT_1052,CCN20230722_SUPT,4,4719,cluster,#B826FF,1,40
CS20230722_CLUS_4721,4721 NI-RPO Gata3 Nr4a2 Gaba_1,CCN20230722_CLUS,CS20230722_SUPT_1052,CCN20230722_SUPT,4,4720,cluster,#4FFF26,1,127
CS20230722_CLUS_4722,4722 NI-RPO Gata3 Nr4a2 Gaba_2,CCN20230722_CLUS,CS20230722_SUPT_1053,CCN20230722_SUPT,4,4721,cluster,#26FFB2,1,33
CS20230722_CLUS_4723,4723 NI-RPO Gata3 Nr4a2 Gaba_2,CCN20230722_CLUS,CS20230722_SUPT_1053,CCN20230722_SUPT,4,4722,cluster,#660003,1,53
CS20230722_CLUS_4724,4724 NI-RPO Gata3 Nr4a2 Gaba_2,CCN20230722_CLUS,CS20230722_SUPT_1053,CCN20230722_SUPT,4,4723,cluster,#CC5C94,1,25
CS20230722_CLUS_4725,4725 NI-RPO Gata3 Nr4a2 Gaba_2,CCN20230722_CLUS,CS20230722_SUPT_1053,CCN20230722_SUPT,4,4724,cluster,#990066,1,32
CS20230722_CLUS_4726,4726 NI-RPO Gata3 Nr4a2 Gaba_2,CCN20230722_CLUS,CS20230722_SUPT_1053,CCN20230722_SUPT,4,4725,cluster,#FF001E,1,58
CS20230722_CLUS_4727,4727 NI-RPO Gata3 Nr4a2 Gaba_2,CCN20230722_CLUS,CS20230722_SUPT_1053,CCN20230722_SUPT,4,4726,cluster,#0F662F,1,58
CS20230722_CLUS_4728,4728 NI-RPO Gata3 Nr4a2 Gaba_2,CCN20230722_CLUS,CS20230722_SUPT_1053,CCN20230722_SUPT,4,4727,cluster,#7ACC3D,1,42
CS20230722_CLUS_4729,4729 NI-RPO Gata3 Nr4a2 Gaba_3,CCN20230722_CLUS,CS20230722_SUPT_1054,CCN20230722_SUPT,4,4728,cluster,#C5FF73,1,63
CS20230722_CLUS_4730,4730 NI-RPO Gata3 Nr4a2 Gaba_4,CCN20230722_CLUS,CS20230722_SUPT_1055,CCN20230722_SUPT,4,4729,cluster,#AECC3D,1,32
CS20230722_CLUS_4731,4731 NI-RPO Gata3 Nr4a2 Gaba_4,CCN20230722_CLUS,CS20230722_SUPT_1055,CCN20230722_SUPT,4,4730,cluster,#661F2F,1,46
CS20230722_CLUS_4732,4732 NI-RPO Gata3 Nr4a2 Gaba_4,CCN20230722_CLUS,CS20230722_SUPT_1055,CCN20230722_SUPT,4,4731,cluster,#3D4666,1,53
CS20230722_CLUS_4733,4733 NI-RPO Gata3 Nr4a2 Gaba_4,CCN20230722_CLUS,CS20230722_SUPT_1055,CCN20230722_SUPT,4,4732,cluster,#4A9945,1,105
CS20230722_CLUS_4734,4734 LDT-PCG-CS Gata3 Lhx1 Gaba_1,CCN20230722_CLUS,CS20230722_SUPT_1056,CCN20230722_SUPT,4,4733,cluster,#57662E,1,37
CS20230722_CLUS_4735,4735 LDT-PCG-CS Gata3 Lhx1 Gaba_1,CCN20230722_CLUS,CS20230722_SUPT_1056,CCN20230722_SUPT,4,4734,cluster,#8C9917,1,52
CS20230722_CLUS_4736,4736 LDT-PCG-CS Gata3 Lhx1 Gaba_1,CCN20230722_CLUS,CS20230722_SUPT_1056,CCN20230722_SUPT,4,4735,cluster,#004899,1,98
CS20230722_CLUS_4737,4737 LDT-PCG-CS Gata3 Lhx1 Gaba_1,CCN20230722_CLUS,CS20230722_SUPT_1056,CCN20230722_SUPT,4,4736,cluster,#737FFF,1,74
CS20230722_CLUS_4738,4738 LDT-PCG-CS Gata3 Lhx1 Gaba_1,CCN20230722_CLUS,CS20230722_SUPT_1056,CCN20230722_SUPT,4,4737,cluster,#FFA200,1,27
CS20230722_CLUS_4739,4739 LDT-PCG-CS Gata3 Lhx1 Gaba_2,CCN20230722_CLUS,CS20230722_SUPT_1057,CCN20230722_SUPT,4,4738,cluster,#1F6648,1,74
CS20230722_CLUS_4740,4740 LDT-PCG-CS Gata3 Lhx1 Gaba_2,CCN20230722_CLUS,CS20230722_SUPT_1057,CCN20230722_SUPT,4,4739,cluster,#662E30,1,84
CS20230722_CLUS_4741,4741 LDT-PCG-CS Gata3 Lhx1 Gaba_2,CCN20230722_CLUS,CS20230722_SUPT_1057,CCN20230722_SUPT,4,4740,cluster,#007BFF,1,41
CS20230722_CLUS_4742,4742 LDT-PCG-CS Gata3 Lhx1 Gaba_2,CCN20230722_CLUS,CS20230722_SUPT_1057,CCN20230722_SUPT,4,4741,cluster,#CC9E1F,1,135
CS20230722_CLUS_4743,4743 LDT-PCG-CS Gata3 Lhx1 Gaba_3,CCN20230722_CLUS,CS20230722_SUPT_1058,CCN20230722_SUPT,4,4742,cluster,#3DCC61,1,35
CS20230722_CLUS_4744,4744 LDT-PCG-CS Gata3 Lhx1 Gaba_3,CCN20230722_CLUS,CS20230722_SUPT_1058,CCN20230722_SUPT,4,4743,cluster,#65663D,1,220
CS20230722_CLUS_4745,4745 LDT-PCG-CS Gata3 Lhx1 Gaba_4,CCN20230722_CLUS,CS20230722_SUPT_1059,CCN20230722_SUPT,4,4744,cluster,#1FCCAB,1,118
CS20230722_CLUS_4746,4746 LDT-PCG-CS Gata3 Lhx1 Gaba_5,CCN20230722_CLUS,CS20230722_SUPT_1060,CCN20230722_SUPT,4,4745,cluster,#9F5CCC,1,42
CS20230722_CLUS_4747,4747 LDT-PCG-CS Gata3 Lhx1 Gaba_5,CCN20230722_CLUS,CS20230722_SUPT_1060,CCN20230722_SUPT,4,4746,cluster,#99925C,1,53
CS20230722_CLUS_4748,4748 LDT-PCG-CS Gata3 Lhx1 Gaba_5,CCN20230722_CLUS,CS20230722_SUPT_1060,CCN20230722_SUPT,4,4747,cluster,#CC785C,1,22
CS20230722_CLUS_4749,4749 PDTg-PCG Pax6 Gaba_1,CCN20230722_CLUS,CS20230722_SUPT_1061,CCN20230722_SUPT,4,4748,cluster,#663D65,1,591
CS20230722_CLUS_4750,4750 PDTg-PCG Pax6 Gaba_1,CCN20230722_CLUS,CS20230722_SUPT_1061,CCN20230722_SUPT,4,4749,cluster,#665500,1,175
CS20230722_CLUS_4751,4751 PDTg-PCG Pax6 Gaba_1,CCN20230722_CLUS,CS20230722_SUPT_1061,CCN20230722_SUPT,4,4750,cluster,#FF0069,1,608
CS20230722_CLUS_4752,4752 PDTg-PCG Pax6 Gaba_1,CCN20230722_CLUS,CS20230722_SUPT_1061,CCN20230722_SUPT,4,4751,cluster,#0019FF,1,250
CS20230722_CLUS_4753,4753 PDTg-PCG Pax6 Gaba_2,CCN20230722_CLUS,CS20230722_SUPT_1062,CCN20230722_SUPT,4,4752,cluster,#3DCCBB,1,153
CS20230722_CLUS_4754,4754 PDTg-PCG Pax6 Gaba_3,CCN20230722_CLUS,CS20230722_SUPT_1063,CCN20230722_SUPT,4,4753,cluster,#2689FF,1,193
CS20230722_CLUS_4755,4755 PDTg-PCG Pax6 Gaba_3,CCN20230722_CLUS,CS20230722_SUPT_1063,CCN20230722_SUPT,4,4754,cluster,#FFB126,1,611
CS20230722_CLUS_4756,4756 PDTg-PCG Pax6 Gaba_4,CCN20230722_CLUS,CS20230722_SUPT_1064,CCN20230722_SUPT,4,4755,cluster,#5C9961,1,356
CS20230722_CLUS_4757,4757 PDTg-PCG Pax6 Gaba_4,CCN20230722_CLUS,CS20230722_SUPT_1064,CCN20230722_SUPT,4,4756,cluster,#662E64,1,155
CS20230722_CLUS_4758,4758 PDTg Otp Shroom3 Gaba_1,CCN20230722_CLUS,CS20230722_SUPT_1065,CCN20230722_SUPT,4,4757,cluster,#422E99,1,240
CS20230722_CLUS_4759,4759 PDTg Otp Shroom3 Gaba_1,CCN20230722_CLUS,CS20230722_SUPT_1065,CCN20230722_SUPT,4,4758,cluster,#B83DCC,1,109
CS20230722_CLUS_4760,4760 PDTg Otp Olig3 Gaba_1,CCN20230722_CLUS,CS20230722_SUPT_1066,CCN20230722_SUPT,4,4759,cluster,#994574,1,65
CS20230722_CLUS_4761,4761 PDTg Otp Olig3 Gaba_1,CCN20230722_CLUS,CS20230722_SUPT_1066,CCN20230722_SUPT,4,4760,cluster,#5C8999,1,106
CS20230722_CLUS_4762,4762 PDTg Otp Olig3 Gaba_1,CCN20230722_CLUS,CS20230722_SUPT_1066,CCN20230722_SUPT,4,4761,cluster,#FFDC99,1,934
CS20230722_CLUS_4763,4763 LDT-PCG St18 Gaba_1,CCN20230722_CLUS,CS20230722_SUPT_1067,CCN20230722_SUPT,4,4762,cluster,#CC7A89,1,94
CS20230722_CLUS_4764,4764 LDT-PCG St18 Gaba_1,CCN20230722_CLUS,CS20230722_SUPT_1067,CCN20230722_SUPT,4,4763,cluster,#702E99,1,64
CS20230722_CLUS_4765,4765 LDT-PCG St18 Gaba_1,CCN20230722_CLUS,CS20230722_SUPT_1067,CCN20230722_SUPT,4,4764,cluster,#459900,1,155
CS20230722_CLUS_4766,4766 LDT-PCG St18 Gaba_1,CCN20230722_CLUS,CS20230722_SUPT_1067,CCN20230722_SUPT,4,4765,cluster,#995E45,1,86
CS20230722_CLUS_4767,4767 LDT-PCG St18 Gaba_1,CCN20230722_CLUS,CS20230722_SUPT_1067,CCN20230722_SUPT,4,4766,cluster,#CC00FF,1,51
CS20230722_CLUS_4768,4768 LDT-PCG St18 Gaba_1,CCN20230722_CLUS,CS20230722_SUPT_1067,CCN20230722_SUPT,4,4767,cluster,#99995C,1,48
CS20230722_CLUS_4769,4769 LDT-PCG St18 Gaba_1,CCN20230722_CLUS,CS20230722_SUPT_1067,CCN20230722_SUPT,4,4768,cluster,#664F2E,1,256
CS20230722_CLUS_4770,4770 LDT-PCG St18 Gaba_1,CCN20230722_CLUS,CS20230722_SUPT_1067,CCN20230722_SUPT,4,4769,cluster,#FFE226,1,108
CS20230722_CLUS_4771,4771 LDT-PCG St18 Gaba_1,CCN20230722_CLUS,CS20230722_SUPT_1067,CCN20230722_SUPT,4,4770,cluster,#CC463D,1,62
CS20230722_CLUS_4772,4772 LDT-PCG St18 Gaba_2,CCN20230722_CLUS,CS20230722_SUPT_1068,CCN20230722_SUPT,4,4771,cluster,#89CC5C,1,76
CS20230722_CLUS_4773,4773 LDT-PCG St18 Gaba_2,CCN20230722_CLUS,CS20230722_SUPT_1068,CCN20230722_SUPT,4,4772,cluster,#4E661F,1,42
CS20230722_CLUS_4774,4774 LDT-PCG St18 Gaba_2,CCN20230722_CLUS,CS20230722_SUPT_1068,CCN20230722_SUPT,4,4773,cluster,#CC0017,1,52
CS20230722_CLUS_4775,4775 DTN-LDT-IPN Otp Pax3 Gaba_1,CCN20230722_CLUS,CS20230722_SUPT_1069,CCN20230722_SUPT,4,4774,cluster,#6A995C,1,70
CS20230722_CLUS_4776,4776 DTN-LDT-IPN Otp Pax3 Gaba_1,CCN20230722_CLUS,CS20230722_SUPT_1069,CCN20230722_SUPT,4,4775,cluster,#5E663D,1,253
CS20230722_CLUS_4777,4777 DTN-LDT-IPN Otp Pax3 Gaba_1,CCN20230722_CLUS,CS20230722_SUPT_1069,CCN20230722_SUPT,4,4776,cluster,#FF4D50,1,94
CS20230722_CLUS_4778,4778 DTN-LDT-IPN Otp Pax3 Gaba_1,CCN20230722_CLUS,CS20230722_SUPT_1069,CCN20230722_SUPT,4,4777,cluster,#2E5B99,1,84
CS20230722_CLUS_4779,4779 DTN-LDT-IPN Otp Pax3 Gaba_2,CCN20230722_CLUS,CS20230722_SUPT_1070,CCN20230722_SUPT,4,4778,cluster,#2E9999,1,304
CS20230722_CLUS_4780,4780 DTN-LDT-IPN Otp Pax3 Gaba_2,CCN20230722_CLUS,CS20230722_SUPT_1070,CCN20230722_SUPT,4,4779,cluster,#92FF73,1,345
CS20230722_CLUS_4781,4781 DTN-LDT-IPN Otp Pax3 Gaba_2,CCN20230722_CLUS,CS20230722_SUPT_1070,CCN20230722_SUPT,4,4780,cluster,#CC5C71,1,36
CS20230722_CLUS_4782,4782 DTN-LDT-IPN Otp Pax3 Gaba_2,CCN20230722_CLUS,CS20230722_SUPT_1070,CCN20230722_SUPT,4,4781,cluster,#660F5C,1,62
CS20230722_CLUS_4783,4783 DTN-LDT-IPN Otp Pax3 Gaba_2,CCN20230722_CLUS,CS20230722_SUPT_1070,CCN20230722_SUPT,4,4782,cluster,#996245,1,49
CS20230722_CLUS_4784,4784 DTN-LDT-IPN Otp Pax3 Gaba_3,CCN20230722_CLUS,CS20230722_SUPT_1071,CCN20230722_SUPT,4,4783,cluster,#00993E,1,47
CS20230722_CLUS_4785,4785 DTN-LDT-IPN Otp Pax3 Gaba_3,CCN20230722_CLUS,CS20230722_SUPT_1071,CCN20230722_SUPT,4,4784,cluster,#97CC7A,1,79
CS20230722_CLUS_4786,4786 DTN-LDT-IPN Otp Pax3 Gaba_3,CCN20230722_CLUS,CS20230722_SUPT_1071,CCN20230722_SUPT,4,4785,cluster,#FF007A,1,83
CS20230722_CLUS_4787,4787 DTN-LDT-IPN Otp Pax3 Gaba_3,CCN20230722_CLUS,CS20230722_SUPT_1071,CCN20230722_SUPT,4,4786,cluster,#509900,1,60
CS20230722_CLUS_4788,4788 DTN-LDT-IPN Otp Pax3 Gaba_3,CCN20230722_CLUS,CS20230722_SUPT_1071,CCN20230722_SUPT,4,4787,cluster,#996445,1,128
CS20230722_CLUS_4789,4789 DTN-LDT-IPN Otp Pax3 Gaba_3,CCN20230722_CLUS,CS20230722_SUPT_1071,CCN20230722_SUPT,4,4788,cluster,#009922,1,150
CS20230722_CLUS_4790,4790 DTN-LDT-IPN Otp Pax3 Gaba_4,CCN20230722_CLUS,CS20230722_SUPT_1072,CCN20230722_SUPT,4,4789,cluster,#998445,1,171
CS20230722_CLUS_4791,4791 DTN-LDT-IPN Otp Pax3 Gaba_4,CCN20230722_CLUS,CS20230722_SUPT_1072,CCN20230722_SUPT,4,4790,cluster,#CC847A,1,66
CS20230722_CLUS_4792,4792 DTN-LDT-IPN Otp Pax3 Gaba_4,CCN20230722_CLUS,CS20230722_SUPT_1072,CCN20230722_SUPT,4,4791,cluster,#7A97CC,1,92
CS20230722_CLUS_4793,4793 DTN-LDT-IPN Otp Pax3 Gaba_4,CCN20230722_CLUS,CS20230722_SUPT_1072,CCN20230722_SUPT,4,4792,cluster,#CC9B5C,1,1238
CS20230722_CLUS_4794,4794 DTN-LDT-IPN Otp Pax3 Gaba_4,CCN20230722_CLUS,CS20230722_SUPT_1072,CCN20230722_SUPT,4,4793,cluster,#FF3C26,1,94
CS20230722_CLUS_4795,4795 DTN-LDT-IPN Otp Pax3 Gaba_5,CCN20230722_CLUS,CS20230722_SUPT_1073,CCN20230722_SUPT,4,4794,cluster,#CC1F7F,1,176
CS20230722_CLUS_4796,4796 DTN-LDT-IPN Otp Pax3 Gaba_5,CCN20230722_CLUS,CS20230722_SUPT_1073,CCN20230722_SUPT,4,4795,cluster,#A426FF,1,218
CS20230722_CLUS_4797,4797 DTN-LDT-IPN Otp Pax3 Gaba_5,CCN20230722_CLUS,CS20230722_SUPT_1073,CCN20230722_SUPT,4,4796,cluster,#2E9955,1,39
CS20230722_CLUS_4798,4798 DTN-LDT-IPN Otp Pax3 Gaba_5,CCN20230722_CLUS,CS20230722_SUPT_1073,CCN20230722_SUPT,4,4797,cluster,#5C997E,1,77
CS20230722_CLUS_4799,4799 DTN-LDT-IPN Otp Pax3 Gaba_5,CCN20230722_CLUS,CS20230722_SUPT_1073,CCN20230722_SUPT,4,4798,cluster,#FFB999,1,42
CS20230722_CLUS_4800,4800 NLL Gata3 Gly-Gaba_1,CCN20230722_CLUS,CS20230722_SUPT_1074,CCN20230722_SUPT,4,4799,cluster,#2E7C99,1,16
CS20230722_CLUS_4801,4801 NLL Gata3 Gly-Gaba_1,CCN20230722_CLUS,CS20230722_SUPT_1074,CCN20230722_SUPT,4,4800,cluster,#34661F,1,22
CS20230722_CLUS_4802,4802 NLL Gata3 Gly-Gaba_1,CCN20230722_CLUS,CS20230722_SUPT_1074,CCN20230722_SUPT,4,4801,cluster,#172899,1,25
CS20230722_CLUS_4803,4803 NLL Gata3 Gly-Gaba_1,CCN20230722_CLUS,CS20230722_SUPT_1074,CCN20230722_SUPT,4,4802,cluster,#2670FF,1,46
CS20230722_CLUS_4804,4804 NLL Gata3 Gly-Gaba_1,CCN20230722_CLUS,CS20230722_SUPT_1074,CCN20230722_SUPT,4,4803,cluster,#C7CC7A,1,257
CS20230722_CLUS_4805,4805 NLL Gata3 Gly-Gaba_2,CCN20230722_CLUS,CS20230722_SUPT_1075,CCN20230722_SUPT,4,4804,cluster,#660F56,1,38
CS20230722_CLUS_4806,4806 NLL Gata3 Gly-Gaba_3,CCN20230722_CLUS,CS20230722_SUPT_1076,CCN20230722_SUPT,4,4805,cluster,#FF00CA,1,88
CS20230722_CLUS_4807,4807 NLL Gata3 Gly-Gaba_4,CCN20230722_CLUS,CS20230722_SUPT_1077,CCN20230722_SUPT,4,4806,cluster,#4ACC3D,1,56
CS20230722_CLUS_4808,4808 PSV Pax2 Gly-Gaba_1,CCN20230722_CLUS,CS20230722_SUPT_1078,CCN20230722_SUPT,4,4807,cluster,#663D57,1,24
CS20230722_CLUS_4809,4809 PSV Pax2 Gly-Gaba_2,CCN20230722_CLUS,CS20230722_SUPT_1079,CCN20230722_SUPT,4,4808,cluster,#CC005C,1,19
CS20230722_CLUS_4810,4810 NLL-po Pax7 Gaba_1,CCN20230722_CLUS,CS20230722_SUPT_1080,CCN20230722_SUPT,4,4809,cluster,#FF003B,1,17
CS20230722_CLUS_4811,4811 POR Gata3 Gly-Gaba_1,CCN20230722_CLUS,CS20230722_SUPT_1081,CCN20230722_SUPT,4,4810,cluster,#FFAB73,1,79
CS20230722_CLUS_4812,4812 POR Spp1 Gly-Gaba_1,CCN20230722_CLUS,CS20230722_SUPT_1082,CCN20230722_SUPT,4,4811,cluster,#FF9100,1,22
CS20230722_CLUS_4813,4813 PRP Otp Gly-Gaba_1,CCN20230722_CLUS,CS20230722_SUPT_1083,CCN20230722_SUPT,4,4812,cluster,#CC5C64,1,147
CS20230722_CLUS_4814,4814 PRP Otp Gly-Gaba_1,CCN20230722_CLUS,CS20230722_SUPT_1083,CCN20230722_SUPT,4,4813,cluster,#661700,1,49
CS20230722_CLUS_4815,4815 PRP Otp Gly-Gaba_1,CCN20230722_CLUS,CS20230722_SUPT_1083,CCN20230722_SUPT,4,4814,cluster,#004ACC,1,50
CS20230722_CLUS_4816,4816 PRP Otp Gly-Gaba_1,CCN20230722_CLUS,CS20230722_SUPT_1083,CCN20230722_SUPT,4,4815,cluster,#1B6600,1,43
CS20230722_CLUS_4817,4817 PRP Otp Gly-Gaba_1,CCN20230722_CLUS,CS20230722_SUPT_1083,CCN20230722_SUPT,4,4816,cluster,#FF6D26,1,98
CS20230722_CLUS_4818,4818 PRP Otp Gly-Gaba_1,CCN20230722_CLUS,CS20230722_SUPT_1083,CCN20230722_SUPT,4,4817,cluster,#5E9945,1,57
CS20230722_CLUS_4819,4819 PRP Otp Gly-Gaba_1,CCN20230722_CLUS,CS20230722_SUPT_1083,CCN20230722_SUPT,4,4818,cluster,#CC1F29,1,83
CS20230722_CLUS_4820,4820 PRP Otp Gly-Gaba_1,CCN20230722_CLUS,CS20230722_SUPT_1083,CCN20230722_SUPT,4,4819,cluster,#490099,1,31
CS20230722_CLUS_4821,4821 PRP Otp Gly-Gaba_1,CCN20230722_CLUS,CS20230722_SUPT_1083,CCN20230722_SUPT,4,4820,cluster,#7AB2CC,1,68
CS20230722_CLUS_4822,4822 PRP Otp Gly-Gaba_2,CCN20230722_CLUS,CS20230722_SUPT_1084,CCN20230722_SUPT,4,4821,cluster,#006617,1,73
CS20230722_CLUS_4823,4823 PRP Otp Gly-Gaba_2,CCN20230722_CLUS,CS20230722_SUPT_1084,CCN20230722_SUPT,4,4822,cluster,#660006,1,29
CS20230722_CLUS_4824,4824 PRP Otp Gly-Gaba_2,CCN20230722_CLUS,CS20230722_SUPT_1084,CCN20230722_SUPT,4,4823,cluster,#0F4766,1,132
CS20230722_CLUS_4825,4825 PRP Otp Gly-Gaba_3,CCN20230722_CLUS,CS20230722_SUPT_1085,CCN20230722_SUPT,4,4824,cluster,#522E66,1,60
CS20230722_CLUS_4826,4826 PRP Otp Gly-Gaba_3,CCN20230722_CLUS,CS20230722_SUPT_1085,CCN20230722_SUPT,4,4825,cluster,#002C99,1,88
CS20230722_CLUS_4827,4827 PRP Otp Gly-Gaba_3,CCN20230722_CLUS,CS20230722_SUPT_1085,CCN20230722_SUPT,4,4826,cluster,#7B3DCC,1,82
CS20230722_CLUS_4828,4828 PRP Otp Gly-Gaba_3,CCN20230722_CLUS,CS20230722_SUPT_1085,CCN20230722_SUPT,4,4827,cluster,#CC00C1,1,261
CS20230722_CLUS_4829,4829 PRP Otp Gly-Gaba_3,CCN20230722_CLUS,CS20230722_SUPT_1085,CCN20230722_SUPT,4,4828,cluster,#D3FF26,1,152
CS20230722_CLUS_4830,4830 PRP Otp Gly-Gaba_3,CCN20230722_CLUS,CS20230722_SUPT_1085,CCN20230722_SUPT,4,4829,cluster,#009099,1,30
CS20230722_CLUS_4831,4831 PRP Otp Gly-Gaba_3,CCN20230722_CLUS,CS20230722_SUPT_1085,CCN20230722_SUPT,4,4830,cluster,#66261F,1,53
CS20230722_CLUS_4832,4832 PRP Otp Gly-Gaba_4,CCN20230722_CLUS,CS20230722_SUPT_1086,CCN20230722_SUPT,4,4831,cluster,#99FFFF,1,73
CS20230722_CLUS_4833,4833 PRP Otp Gly-Gaba_4,CCN20230722_CLUS,CS20230722_SUPT_1086,CCN20230722_SUPT,4,4832,cluster,#AC99FF,1,43
CS20230722_CLUS_4834,4834 PRP Otp Gly-Gaba_4,CCN20230722_CLUS,CS20230722_SUPT_1086,CCN20230722_SUPT,4,4833,cluster,#FFCC4D,1,88
CS20230722_CLUS_4835,4835 PRP Otp Gly-Gaba_4,CCN20230722_CLUS,CS20230722_SUPT_1086,CCN20230722_SUPT,4,4834,cluster,#FF999F,1,39
CS20230722_CLUS_4836,4836 PRP Otp Gly-Gaba_4,CCN20230722_CLUS,CS20230722_SUPT_1086,CCN20230722_SUPT,4,4835,cluster,#470F66,1,42
CS20230722_CLUS_4837,4837 PRP Otp Gly-Gaba_4,CCN20230722_CLUS,CS20230722_SUPT_1086,CCN20230722_SUPT,4,4836,cluster,#990017,1,33
CS20230722_CLUS_4838,4838 PRP Otp Gly-Gaba_5,CCN20230722_CLUS,CS20230722_SUPT_1087,CCN20230722_SUPT,4,4837,cluster,#994400,1,57
CS20230722_CLUS_4839,4839 PRP Otp Gly-Gaba_5,CCN20230722_CLUS,CS20230722_SUPT_1087,CCN20230722_SUPT,4,4838,cluster,#661F3C,1,51
CS20230722_CLUS_4840,4840 PRP Otp Gly-Gaba_5,CCN20230722_CLUS,CS20230722_SUPT_1087,CCN20230722_SUPT,4,4839,cluster,#FFDB00,1,111
CS20230722_CLUS_4841,4841 PRP Otp Gly-Gaba_5,CCN20230722_CLUS,CS20230722_SUPT_1087,CCN20230722_SUPT,4,4840,cluster,#1F8CCC,1,65
CS20230722_CLUS_4842,4842 PRP Otp Gly-Gaba_5,CCN20230722_CLUS,CS20230722_SUPT_1087,CCN20230722_SUPT,4,4841,cluster,#3B2E99,1,118
CS20230722_CLUS_4843,4843 PRP Otp Gly-Gaba_5,CCN20230722_CLUS,CS20230722_SUPT_1087,CCN20230722_SUPT,4,4842,cluster,#176599,1,13
CS20230722_CLUS_4844,4844 GRN-IRN-MDRNd Ikzf1 Gly-Gaba_1,CCN20230722_CLUS,CS20230722_SUPT_1088,CCN20230722_SUPT,4,4843,cluster,#4DFF9C,1,37
CS20230722_CLUS_4845,4845 GRN-IRN-MDRNd Ikzf1 Gly-Gaba_1,CCN20230722_CLUS,CS20230722_SUPT_1088,CCN20230722_SUPT,4,4844,cluster,#998645,1,34
CS20230722_CLUS_4846,4846 GRN-IRN-MDRNd Ikzf1 Gly-Gaba_1,CCN20230722_CLUS,CS20230722_SUPT_1088,CCN20230722_SUPT,4,4845,cluster,#3DCC3D,1,93
CS20230722_CLUS_4847,4847 MY Lhx1 Gly-Gaba_1,CCN20230722_CLUS,CS20230722_SUPT_1089,CCN20230722_SUPT,4,4846,cluster,#8373FF,1,12
CS20230722_CLUS_4848,4848 MY Lhx1 Gly-Gaba_1,CCN20230722_CLUS,CS20230722_SUPT_1089,CCN20230722_SUPT,4,4847,cluster,#99412E,1,11
CS20230722_CLUS_4849,4849 MY Lhx1 Gly-Gaba_1,CCN20230722_CLUS,CS20230722_SUPT_1089,CCN20230722_SUPT,4,4848,cluster,#99655C,1,19
CS20230722_CLUS_4850,4850 MY Lhx1 Gly-Gaba_1,CCN20230722_CLUS,CS20230722_SUPT_1089,CCN20230722_SUPT,4,4849,cluster,#65FF00,1,16
CS20230722_CLUS_4851,4851 MY Lhx1 Gly-Gaba_1,CCN20230722_CLUS,CS20230722_SUPT_1089,CCN20230722_SUPT,4,4850,cluster,#00CC63,1,9
CS20230722_CLUS_4852,4852 MY Lhx1 Gly-Gaba_1,CCN20230722_CLUS,CS20230722_SUPT_1089,CCN20230722_SUPT,4,4851,cluster,#42CC00,1,9
CS20230722_CLUS_4853,4853 MY Lhx1 Gly-Gaba_1,CCN20230722_CLUS,CS20230722_SUPT_1089,CCN20230722_SUPT,4,4852,cluster,#FF73D3,1,10
CS20230722_CLUS_4854,4854 MY Lhx1 Gly-Gaba_1,CCN20230722_CLUS,CS20230722_SUPT_1089,CCN20230722_SUPT,4,4853,cluster,#000399,1,136
CS20230722_CLUS_4855,4855 MY Lhx1 Gly-Gaba_1,CCN20230722_CLUS,CS20230722_SUPT_1089,CCN20230722_SUPT,4,4854,cluster,#B1CC7A,1,18
CS20230722_CLUS_4856,4856 MY Lhx1 Gly-Gaba_1,CCN20230722_CLUS,CS20230722_SUPT_1089,CCN20230722_SUPT,4,4855,cluster,#663D51,1,18
CS20230722_CLUS_4857,4857 MY Lhx1 Gly-Gaba_1,CCN20230722_CLUS,CS20230722_SUPT_1089,CCN20230722_SUPT,4,4856,cluster,#73FF86,1,13
CS20230722_CLUS_4858,4858 MY Lhx1 Gly-Gaba_1,CCN20230722_CLUS,CS20230722_SUPT_1089,CCN20230722_SUPT,4,4857,cluster,#3D6658,1,34
CS20230722_CLUS_4859,4859 MY Lhx1 Gly-Gaba_1,CCN20230722_CLUS,CS20230722_SUPT_1089,CCN20230722_SUPT,4,4858,cluster,#2E8B99,1,31
CS20230722_CLUS_4860,4860 MY Lhx1 Gly-Gaba_1,CCN20230722_CLUS,CS20230722_SUPT_1089,CCN20230722_SUPT,4,4859,cluster,#745C99,1,17
CS20230722_CLUS_4861,4861 MY Lhx1 Gly-Gaba_1,CCN20230722_CLUS,CS20230722_SUPT_1089,CCN20230722_SUPT,4,4860,cluster,#2E660F,1,16
CS20230722_CLUS_4862,4862 MY Lhx1 Gly-Gaba_1,CCN20230722_CLUS,CS20230722_SUPT_1089,CCN20230722_SUPT,4,4861,cluster,#732E99,1,17
CS20230722_CLUS_4863,4863 MY Lhx1 Gly-Gaba_1,CCN20230722_CLUS,CS20230722_SUPT_1089,CCN20230722_SUPT,4,4862,cluster,#99FFE1,1,88
CS20230722_CLUS_4864,4864 MY Lhx1 Gly-Gaba_1,CCN20230722_CLUS,CS20230722_SUPT_1089,CCN20230722_SUPT,4,4863,cluster,#6B9900,1,32
CS20230722_CLUS_4865,4865 MY Lhx1 Gly-Gaba_1,CCN20230722_CLUS,CS20230722_SUPT_1089,CCN20230722_SUPT,4,4864,cluster,#458D99,1,38
CS20230722_CLUS_4866,4866 MY Lhx1 Gly-Gaba_1,CCN20230722_CLUS,CS20230722_SUPT_1089,CCN20230722_SUPT,4,4865,cluster,#995D17,1,28
CS20230722_CLUS_4867,4867 MY Lhx1 Gly-Gaba_1,CCN20230722_CLUS,CS20230722_SUPT_1089,CCN20230722_SUPT,4,4866,cluster,#FF263F,1,23
CS20230722_CLUS_4868,4868 PGRN-PARN-MDRN Hoxb5 Glut_7,CCN20230722_CLUS,CS20230722_SUPT_0979,CCN20230722_SUPT,4,4867,cluster,#1F3A66,1,44
CS20230722_CLUS_4869,4869 MY Lhx1 Gly-Gaba_1,CCN20230722_CLUS,CS20230722_SUPT_1089,CCN20230722_SUPT,4,4868,cluster,#99635C,1,18
CS20230722_CLUS_4870,4870 MY Lhx1 Gly-Gaba_1,CCN20230722_CLUS,CS20230722_SUPT_1089,CCN20230722_SUPT,4,4869,cluster,#3BCC1F,1,21
CS20230722_CLUS_4871,4871 MY Lhx1 Gly-Gaba_2,CCN20230722_CLUS,CS20230722_SUPT_1090,CCN20230722_SUPT,4,4870,cluster,#B5FF73,1,12
CS20230722_CLUS_4872,4872 MY Lhx1 Gly-Gaba_2,CCN20230722_CLUS,CS20230722_SUPT_1090,CCN20230722_SUPT,4,4871,cluster,#7ACCB2,1,16
CS20230722_CLUS_4873,4873 MY Lhx1 Gly-Gaba_2,CCN20230722_CLUS,CS20230722_SUPT_1090,CCN20230722_SUPT,4,4872,cluster,#5C8399,1,10
CS20230722_CLUS_4874,4874 MY Lhx1 Gly-Gaba_2,CCN20230722_CLUS,CS20230722_SUPT_1090,CCN20230722_SUPT,4,4873,cluster,#5F2E99,1,22
CS20230722_CLUS_4875,4875 MY Lhx1 Gly-Gaba_2,CCN20230722_CLUS,CS20230722_SUPT_1090,CCN20230722_SUPT,4,4874,cluster,#FFBB99,1,24
CS20230722_CLUS_4876,4876 MY Lhx1 Gly-Gaba_2,CCN20230722_CLUS,CS20230722_SUPT_1090,CCN20230722_SUPT,4,4875,cluster,#FF6B4D,1,10
CS20230722_CLUS_4877,4877 MY Lhx1 Gly-Gaba_2,CCN20230722_CLUS,CS20230722_SUPT_1090,CCN20230722_SUPT,4,4876,cluster,#4A2E66,1,15
CS20230722_CLUS_4878,4878 MY Lhx1 Gly-Gaba_2,CCN20230722_CLUS,CS20230722_SUPT_1090,CCN20230722_SUPT,4,4877,cluster,#662E52,1,28
CS20230722_CLUS_4879,4879 MY Lhx1 Gly-Gaba_2,CCN20230722_CLUS,CS20230722_SUPT_1090,CCN20230722_SUPT,4,4878,cluster,#4DA5FF,1,9
CS20230722_CLUS_4880,4880 MY Lhx1 Gly-Gaba_2,CCN20230722_CLUS,CS20230722_SUPT_1090,CCN20230722_SUPT,4,4879,cluster,#E273FF,1,31
CS20230722_CLUS_4881,4881 MY Lhx1 Gly-Gaba_2,CCN20230722_CLUS,CS20230722_SUPT_1090,CCN20230722_SUPT,4,4880,cluster,#8B5C99,1,21
CS20230722_CLUS_4882,4882 MY Lhx1 Gly-Gaba_2,CCN20230722_CLUS,CS20230722_SUPT_1090,CCN20230722_SUPT,4,4881,cluster,#66371F,1,21
CS20230722_CLUS_4883,4883 MY Lhx1 Gly-Gaba_2,CCN20230722_CLUS,CS20230722_SUPT_1090,CCN20230722_SUPT,4,4882,cluster,#E0FF99,1,48
CS20230722_CLUS_4884,4884 MY Lhx1 Gly-Gaba_2,CCN20230722_CLUS,CS20230722_SUPT_1090,CCN20230722_SUPT,4,4883,cluster,#FFF399,1,37
CS20230722_CLUS_4885,4885 MY Lhx1 Gly-Gaba_2,CCN20230722_CLUS,CS20230722_SUPT_1090,CCN20230722_SUPT,4,4884,cluster,#661200,1,23
CS20230722_CLUS_4886,4886 MY Lhx1 Gly-Gaba_2,CCN20230722_CLUS,CS20230722_SUPT_1090,CCN20230722_SUPT,4,4885,cluster,#FF4D74,1,19
CS20230722_CLUS_4887,4887 MY Lhx1 Gly-Gaba_2,CCN20230722_CLUS,CS20230722_SUPT_1090,CCN20230722_SUPT,4,4886,cluster,#CC5CC9,1,37
CS20230722_CLUS_4888,4888 MY Lhx1 Gly-Gaba_2,CCN20230722_CLUS,CS20230722_SUPT_1090,CCN20230722_SUPT,4,4887,cluster,#079900,1,14
CS20230722_CLUS_4889,4889 MY Lhx1 Gly-Gaba_2,CCN20230722_CLUS,CS20230722_SUPT_1090,CCN20230722_SUPT,4,4888,cluster,#59FF4D,1,45
CS20230722_CLUS_4890,4890 MY Lhx1 Gly-Gaba_3,CCN20230722_CLUS,CS20230722_SUPT_1091,CCN20230722_SUPT,4,4889,cluster,#99502E,1,10
CS20230722_CLUS_4891,4891 MY Lhx1 Gly-Gaba_3,CCN20230722_CLUS,CS20230722_SUPT_1091,CCN20230722_SUPT,4,4890,cluster,#992E31,1,21
CS20230722_CLUS_4892,4892 MY Lhx1 Gly-Gaba_3,CCN20230722_CLUS,CS20230722_SUPT_1091,CCN20230722_SUPT,4,4891,cluster,#4D0F66,1,20
CS20230722_CLUS_4893,4893 MY Lhx1 Gly-Gaba_3,CCN20230722_CLUS,CS20230722_SUPT_1091,CCN20230722_SUPT,4,4892,cluster,#662E1F,1,24
CS20230722_CLUS_4894,4894 MY Lhx1 Gly-Gaba_3,CCN20230722_CLUS,CS20230722_SUPT_1091,CCN20230722_SUPT,4,4893,cluster,#68CC5C,1,19
CS20230722_CLUS_4895,4895 MY Lhx1 Gly-Gaba_3,CCN20230722_CLUS,CS20230722_SUPT_1091,CCN20230722_SUPT,4,4894,cluster,#4AFF26,1,22
CS20230722_CLUS_4896,4896 MY Lhx1 Gly-Gaba_3,CCN20230722_CLUS,CS20230722_SUPT_1091,CCN20230722_SUPT,4,4895,cluster,#FF5700,1,26
CS20230722_CLUS_4897,4897 MY Lhx1 Gly-Gaba_3,CCN20230722_CLUS,CS20230722_SUPT_1091,CCN20230722_SUPT,4,4896,cluster,#CC7A93,1,28
CS20230722_CLUS_4898,4898 MY Lhx1 Gly-Gaba_3,CCN20230722_CLUS,CS20230722_SUPT_1091,CCN20230722_SUPT,4,4897,cluster,#FF0040,1,54
CS20230722_CLUS_4899,4899 MY Lhx1 Gly-Gaba_3,CCN20230722_CLUS,CS20230722_SUPT_1091,CCN20230722_SUPT,4,4898,cluster,#99AAFF,1,59
CS20230722_CLUS_4900,4900 MY Lhx1 Gly-Gaba_3,CCN20230722_CLUS,CS20230722_SUPT_1091,CCN20230722_SUPT,4,4899,cluster,#45995D,1,22
CS20230722_CLUS_4901,4901 MY Lhx1 Gly-Gaba_3,CCN20230722_CLUS,CS20230722_SUPT_1091,CCN20230722_SUPT,4,4900,cluster,#0F6627,1,23
CS20230722_CLUS_4902,4902 MY Lhx1 Gly-Gaba_3,CCN20230722_CLUS,CS20230722_SUPT_1091,CCN20230722_SUPT,4,4901,cluster,#2E4799,1,28
CS20230722_CLUS_4903,4903 MY Lhx1 Gly-Gaba_3,CCN20230722_CLUS,CS20230722_SUPT_1091,CCN20230722_SUPT,4,4902,cluster,#15FF00,1,42
CS20230722_CLUS_4904,4904 MY Lhx1 Gly-Gaba_4,CCN20230722_CLUS,CS20230722_SUPT_1092,CCN20230722_SUPT,4,4903,cluster,#1FCC93,1,19
CS20230722_CLUS_4905,4905 MY Lhx1 Gly-Gaba_4,CCN20230722_CLUS,CS20230722_SUPT_1092,CCN20230722_SUPT,4,4904,cluster,#5C9973,1,36
CS20230722_CLUS_4906,4906 MY Lhx1 Gly-Gaba_4,CCN20230722_CLUS,CS20230722_SUPT_1092,CCN20230722_SUPT,4,4905,cluster,#439917,1,24
CS20230722_CLUS_4907,4907 MY Lhx1 Gly-Gaba_4,CCN20230722_CLUS,CS20230722_SUPT_1092,CCN20230722_SUPT,4,4906,cluster,#662E4C,1,12
CS20230722_CLUS_4908,4908 MY Lhx1 Gly-Gaba_4,CCN20230722_CLUS,CS20230722_SUPT_1092,CCN20230722_SUPT,4,4907,cluster,#2E664E,1,28
CS20230722_CLUS_4909,4909 MY Lhx1 Gly-Gaba_4,CCN20230722_CLUS,CS20230722_SUPT_1092,CCN20230722_SUPT,4,4908,cluster,#62992E,1,36
CS20230722_CLUS_4910,4910 MY Lhx1 Gly-Gaba_4,CCN20230722_CLUS,CS20230722_SUPT_1092,CCN20230722_SUPT,4,4909,cluster,#6500FF,1,35
CS20230722_CLUS_4911,4911 MY Lhx1 Gly-Gaba_4,CCN20230722_CLUS,CS20230722_SUPT_1092,CCN20230722_SUPT,4,4910,cluster,#5F5CCC,1,15
CS20230722_CLUS_4912,4912 MY Lhx1 Gly-Gaba_5,CCN20230722_CLUS,CS20230722_SUPT_1093,CCN20230722_SUPT,4,4911,cluster,#4DFFDC,1,30
CS20230722_CLUS_4913,4913 MY Lhx1 Gly-Gaba_5,CCN20230722_CLUS,CS20230722_SUPT_1093,CCN20230722_SUPT,4,4912,cluster,#CC5C9C,1,33
CS20230722_CLUS_4914,4914 MY Lhx1 Gly-Gaba_5,CCN20230722_CLUS,CS20230722_SUPT_1093,CCN20230722_SUPT,4,4913,cluster,#9B7ACC,1,138
CS20230722_CLUS_4915,4915 MY Lhx1 Gly-Gaba_5,CCN20230722_CLUS,CS20230722_SUPT_1093,CCN20230722_SUPT,4,4914,cluster,#379900,1,13
CS20230722_CLUS_4916,4916 MY Lhx1 Gly-Gaba_5,CCN20230722_CLUS,CS20230722_SUPT_1093,CCN20230722_SUPT,4,4915,cluster,#FF99A3,1,27
CS20230722_CLUS_4917,4917 MY Lhx1 Gly-Gaba_5,CCN20230722_CLUS,CS20230722_SUPT_1093,CCN20230722_SUPT,4,4916,cluster,#1F4766,1,19
CS20230722_CLUS_4918,4918 MY Lhx1 Gly-Gaba_5,CCN20230722_CLUS,CS20230722_SUPT_1093,CCN20230722_SUPT,4,4917,cluster,#9CFF73,1,15
CS20230722_CLUS_4919,4919 MY Lhx1 Gly-Gaba_5,CCN20230722_CLUS,CS20230722_SUPT_1093,CCN20230722_SUPT,4,4918,cluster,#FF2666,1,51
CS20230722_CLUS_4920,4920 MY Lhx1 Gly-Gaba_5,CCN20230722_CLUS,CS20230722_SUPT_1093,CCN20230722_SUPT,4,4919,cluster,#5A9900,1,63
CS20230722_CLUS_4921,4921 MY Lhx1 Gly-Gaba_6,CCN20230722_CLUS,CS20230722_SUPT_1094,CCN20230722_SUPT,4,4920,cluster,#4D69FF,1,53
CS20230722_CLUS_4922,4922 MY Lhx1 Gly-Gaba_6,CCN20230722_CLUS,CS20230722_SUPT_1094,CCN20230722_SUPT,4,4921,cluster,#99458D,1,60
CS20230722_CLUS_4923,4923 MY Lhx1 Gly-Gaba_7,CCN20230722_CLUS,CS20230722_SUPT_1095,CCN20230722_SUPT,4,4922,cluster,#512E99,1,27
CS20230722_CLUS_4924,4924 MY Lhx1 Gly-Gaba_7,CCN20230722_CLUS,CS20230722_SUPT_1095,CCN20230722_SUPT,4,4923,cluster,#459988,1,22
CS20230722_CLUS_4925,4925 MY Lhx1 Gly-Gaba_8,CCN20230722_CLUS,CS20230722_SUPT_1096,CCN20230722_SUPT,4,4924,cluster,#99456D,1,15
CS20230722_CLUS_4926,4926 MY Lhx1 Gly-Gaba_9,CCN20230722_CLUS,CS20230722_SUPT_1097,CCN20230722_SUPT,4,4925,cluster,#0001CC,1,20
CS20230722_CLUS_4927,4927 MY Lhx1 Gly-Gaba_9,CCN20230722_CLUS,CS20230722_SUPT_1097,CCN20230722_SUPT,4,4926,cluster,#BB3DCC,1,27
CS20230722_CLUS_4928,4928 MY Lhx1 Gly-Gaba_9,CCN20230722_CLUS,CS20230722_SUPT_1097,CCN20230722_SUPT,4,4927,cluster,#DBFF99,1,18
CS20230722_CLUS_4929,4929 MY Lhx1 Gly-Gaba_9,CCN20230722_CLUS,CS20230722_SUPT_1097,CCN20230722_SUPT,4,4928,cluster,#00FF02,1,98
CS20230722_CLUS_4930,4930 MY Lhx1 Gly-Gaba_9,CCN20230722_CLUS,CS20230722_SUPT_1097,CCN20230722_SUPT,4,4929,cluster,#FF4DED,1,30
CS20230722_CLUS_4931,4931 MY Lhx1 Gly-Gaba_9,CCN20230722_CLUS,CS20230722_SUPT_1097,CCN20230722_SUPT,4,4930,cluster,#5C9990,1,20
CS20230722_CLUS_4932,4932 PPY-PGRNl Vip Glyc-Gaba_1,CCN20230722_CLUS,CS20230722_SUPT_1098,CCN20230722_SUPT,4,4931,cluster,#4B0F66,1,45
CS20230722_CLUS_4933,4933 PPY-PGRNl Vip Glyc-Gaba_1,CCN20230722_CLUS,CS20230722_SUPT_1098,CCN20230722_SUPT,4,4932,cluster,#4C26FF,1,44
CS20230722_CLUS_4934,4934 PPY-PGRNl Vip Glyc-Gaba_1,CCN20230722_CLUS,CS20230722_SUPT_1098,CCN20230722_SUPT,4,4933,cluster,#665D3D,1,47
CS20230722_CLUS_4935,4935 MV-SPIV-PRP Dmbx1 Gly-Gaba_1,CCN20230722_CLUS,CS20230722_SUPT_1099,CCN20230722_SUPT,4,4934,cluster,#3DAACC,1,18
CS20230722_CLUS_4936,4936 MV-SPIV-PRP Dmbx1 Gly-Gaba_1,CCN20230722_CLUS,CS20230722_SUPT_1099,CCN20230722_SUPT,4,4935,cluster,#FFE173,1,44
CS20230722_CLUS_4937,4937 MV-SPIV-PRP Dmbx1 Gly-Gaba_1,CCN20230722_CLUS,CS20230722_SUPT_1099,CCN20230722_SUPT,4,4936,cluster,#5C9799,1,61
CS20230722_CLUS_4938,4938 MV-SPIV-PRP Dmbx1 Gly-Gaba_1,CCN20230722_CLUS,CS20230722_SUPT_1099,CCN20230722_SUPT,4,4937,cluster,#719945,1,192
CS20230722_CLUS_4939,4939 MV-SPIV-PRP Dmbx1 Gly-Gaba_1,CCN20230722_CLUS,CS20230722_SUPT_1099,CCN20230722_SUPT,4,4938,cluster,#594599,1,104
CS20230722_CLUS_4940,4940 MV-SPIV-PRP Dmbx1 Gly-Gaba_1,CCN20230722_CLUS,CS20230722_SUPT_1099,CCN20230722_SUPT,4,4939,cluster,#006663,1,88
CS20230722_CLUS_4941,4941 MV-SPIV-PRP Dmbx1 Gly-Gaba_1,CCN20230722_CLUS,CS20230722_SUPT_1099,CCN20230722_SUPT,4,4940,cluster,#00FF41,1,29
CS20230722_CLUS_4942,4942 MV-SPIV-PRP Dmbx1 Gly-Gaba_1,CCN20230722_CLUS,CS20230722_SUPT_1099,CCN20230722_SUPT,4,4941,cluster,#FFD299,1,29
CS20230722_CLUS_4943,4943 MV-SPIV-PRP Dmbx1 Gly-Gaba_1,CCN20230722_CLUS,CS20230722_SUPT_1099,CCN20230722_SUPT,4,4942,cluster,#4C4599,1,25
CS20230722_CLUS_4944,4944 MV-SPIV-PRP Dmbx1 Gly-Gaba_1,CCN20230722_CLUS,CS20230722_SUPT_1099,CCN20230722_SUPT,4,4943,cluster,#59CC00,1,84
CS20230722_CLUS_4945,4945 MV-SPIV-PRP Dmbx1 Gly-Gaba_1,CCN20230722_CLUS,CS20230722_SUPT_1099,CCN20230722_SUPT,4,4944,cluster,#999700,1,42
CS20230722_CLUS_4946,4946 MV-SPIV-PRP Dmbx1 Gly-Gaba_2,CCN20230722_CLUS,CS20230722_SUPT_1100,CCN20230722_SUPT,4,4945,cluster,#D199FF,1,27
CS20230722_CLUS_4947,4947 MV-SPIV-PRP Dmbx1 Gly-Gaba_2,CCN20230722_CLUS,CS20230722_SUPT_1100,CCN20230722_SUPT,4,4946,cluster,#665900,1,45
CS20230722_CLUS_4948,4948 MV-SPIV-PRP Dmbx1 Gly-Gaba_3,CCN20230722_CLUS,CS20230722_SUPT_1101,CCN20230722_SUPT,4,4947,cluster,#5C5F99,1,31
CS20230722_CLUS_4949,4949 MV-SPIV-PRP Dmbx1 Gly-Gaba_3,CCN20230722_CLUS,CS20230722_SUPT_1101,CCN20230722_SUPT,4,4948,cluster,#0F6654,1,60
CS20230722_CLUS_4950,4950 MDRN Hoxb5 Ebf2 Gly-Gaba_1,CCN20230722_CLUS,CS20230722_SUPT_1102,CCN20230722_SUPT,4,4949,cluster,#99006A,1,43
CS20230722_CLUS_4951,4951 MDRN Hoxb5 Ebf2 Gly-Gaba_1,CCN20230722_CLUS,CS20230722_SUPT_1102,CCN20230722_SUPT,4,4950,cluster,#992E5C,1,41
CS20230722_CLUS_4952,4952 MDRN Hoxb5 Ebf2 Gly-Gaba_1,CCN20230722_CLUS,CS20230722_SUPT_1102,CCN20230722_SUPT,4,4951,cluster,#0B0099,1,70
CS20230722_CLUS_4953,4953 MDRN Hoxb5 Ebf2 Gly-Gaba_1,CCN20230722_CLUS,CS20230722_SUPT_1102,CCN20230722_SUPT,4,4952,cluster,#CC3D99,1,104
CS20230722_CLUS_4954,4954 MDRN Hoxb5 Ebf2 Gly-Gaba_1,CCN20230722_CLUS,CS20230722_SUPT_1102,CCN20230722_SUPT,4,4953,cluster,#745CCC,1,25
CS20230722_CLUS_4955,4955 MDRN Hoxb5 Ebf2 Gly-Gaba_1,CCN20230722_CLUS,CS20230722_SUPT_1102,CCN20230722_SUPT,4,4954,cluster,#500099,1,67
CS20230722_CLUS_4956,4956 MDRNd Prox1 Pax6 Gly-Gaba_1,CCN20230722_CLUS,CS20230722_SUPT_1103,CCN20230722_SUPT,4,4955,cluster,#2653FF,1,103
CS20230722_CLUS_4957,4957 MDRNd Prox1 Pax6 Gly-Gaba_1,CCN20230722_CLUS,CS20230722_SUPT_1103,CCN20230722_SUPT,4,4956,cluster,#661F38,1,69
CS20230722_CLUS_4958,4958 MDRNd Prox1 Pax6 Gly-Gaba_1,CCN20230722_CLUS,CS20230722_SUPT_1103,CCN20230722_SUPT,4,4957,cluster,#7D5C99,1,38
CS20230722_CLUS_4959,4959 MY Prox1 Lmo7 Gly-Gaba_1,CCN20230722_CLUS,CS20230722_SUPT_1104,CCN20230722_SUPT,4,4958,cluster,#73FFCB,1,40
CS20230722_CLUS_4960,4960 MY Prox1 Lmo7 Gly-Gaba_1,CCN20230722_CLUS,CS20230722_SUPT_1104,CCN20230722_SUPT,4,4959,cluster,#3A0066,1,110
CS20230722_CLUS_4961,4961 MY Prox1 Lmo7 Gly-Gaba_1,CCN20230722_CLUS,CS20230722_SUPT_1104,CCN20230722_SUPT,4,4960,cluster,#CC0040,1,48
CS20230722_CLUS_4962,4962 MY Prox1 Lmo7 Gly-Gaba_1,CCN20230722_CLUS,CS20230722_SUPT_1104,CCN20230722_SUPT,4,4961,cluster,#0F4366,1,40
CS20230722_CLUS_4963,4963 MY Prox1 Lmo7 Gly-Gaba_1,CCN20230722_CLUS,CS20230722_SUPT_1104,CCN20230722_SUPT,4,4962,cluster,#7ACCAB,1,25
CS20230722_CLUS_4964,4964 MY Prox1 Lmo7 Gly-Gaba_1,CCN20230722_CLUS,CS20230722_SUPT_1104,CCN20230722_SUPT,4,4963,cluster,#459997,1,137
CS20230722_CLUS_4965,4965 NTS-MDRNd Prox1 Zic1 Gly-Gaba_1,CCN20230722_CLUS,CS20230722_SUPT_1105,CCN20230722_SUPT,4,4964,cluster,#0F6656,1,135
CS20230722_CLUS_4966,4966 NTS-MDRNd Prox1 Zic1 Gly-Gaba_1,CCN20230722_CLUS,CS20230722_SUPT_1105,CCN20230722_SUPT,4,4965,cluster,#FF4C00,1,58
CS20230722_CLUS_4967,4967 NTS-MDRNd Prox1 Zic1 Gly-Gaba_1,CCN20230722_CLUS,CS20230722_SUPT_1105,CCN20230722_SUPT,4,4966,cluster,#FF2400,1,97
CS20230722_CLUS_4968,4968 NTS-MDRNd Prox1 Zic1 Gly-Gaba_1,CCN20230722_CLUS,CS20230722_SUPT_1105,CCN20230722_SUPT,4,4967,cluster,#455E99,1,89
CS20230722_CLUS_4969,4969 NTS-MDRNd Prox1 Zic1 Gly-Gaba_2,CCN20230722_CLUS,CS20230722_SUPT_1106,CCN20230722_SUPT,4,4968,cluster,#2B6600,1,146
CS20230722_CLUS_4970,4970 NTS-MDRNd Prox1 Zic1 Gly-Gaba_2,CCN20230722_CLUS,CS20230722_SUPT_1106,CCN20230722_SUPT,4,4969,cluster,#99352E,1,82
CS20230722_CLUS_4971,4971 MV Nkx6-1 Gly-Gaba_1,CCN20230722_CLUS,CS20230722_SUPT_1107,CCN20230722_SUPT,4,4970,cluster,#CCCC7A,1,397
CS20230722_CLUS_4972,4972 MV Nkx6-1 Gly-Gaba_1,CCN20230722_CLUS,CS20230722_SUPT_1107,CCN20230722_SUPT,4,4971,cluster,#32660F,1,96
CS20230722_CLUS_4973,4973 MV Nkx6-1 Gly-Gaba_1,CCN20230722_CLUS,CS20230722_SUPT_1107,CCN20230722_SUPT,4,4972,cluster,#379917,1,30
CS20230722_CLUS_4974,4974 MV Nkx6-1 Gly-Gaba_1,CCN20230722_CLUS,CS20230722_SUPT_1107,CCN20230722_SUPT,4,4973,cluster,#CC8A3D,1,47
CS20230722_CLUS_4975,4975 MV Nkx6-1 Gly-Gaba_1,CCN20230722_CLUS,CS20230722_SUPT_1107,CCN20230722_SUPT,4,4974,cluster,#7DCC1F,1,70
CS20230722_CLUS_4976,4976 MV Nkx6-1 Gly-Gaba_1,CCN20230722_CLUS,CS20230722_SUPT_1107,CCN20230722_SUPT,4,4975,cluster,#93CC7A,1,304
CS20230722_CLUS_4977,4977 MV Nkx6-1 Gly-Gaba_2,CCN20230722_CLUS,CS20230722_SUPT_1108,CCN20230722_SUPT,4,4976,cluster,#8C7ACC,1,128
CS20230722_CLUS_4978,4978 MV Nkx6-1 Gly-Gaba_2,CCN20230722_CLUS,CS20230722_SUPT_1108,CCN20230722_SUPT,4,4977,cluster,#4DFF5C,1,200
CS20230722_CLUS_4979,4979 PAS-MV Ebf2 Gly-Gaba_1,CCN20230722_CLUS,CS20230722_SUPT_1109,CCN20230722_SUPT,4,4978,cluster,#1F3166,1,95
CS20230722_CLUS_4980,4980 PAS-MV Ebf2 Gly-Gaba_1,CCN20230722_CLUS,CS20230722_SUPT_1109,CCN20230722_SUPT,4,4979,cluster,#3E6600,1,288
CS20230722_CLUS_4981,4981 PAS-MV Ebf2 Gly-Gaba_1,CCN20230722_CLUS,CS20230722_SUPT_1109,CCN20230722_SUPT,4,4980,cluster,#664E2E,1,49
CS20230722_CLUS_4982,4982 PAS-MV Ebf2 Gly-Gaba_1,CCN20230722_CLUS,CS20230722_SUPT_1109,CCN20230722_SUPT,4,4981,cluster,#660064,1,20
CS20230722_CLUS_4983,4983 PAS-MV Ebf2 Gly-Gaba_2,CCN20230722_CLUS,CS20230722_SUPT_1110,CCN20230722_SUPT,4,4982,cluster,#4A663D,1,127
CS20230722_CLUS_4984,4984 PAS-MV Ebf2 Gly-Gaba_2,CCN20230722_CLUS,CS20230722_SUPT_1110,CCN20230722_SUPT,4,4983,cluster,#174B99,1,2187
CS20230722_CLUS_4985,4985 PAS-MV Ebf2 Gly-Gaba_2,CCN20230722_CLUS,CS20230722_SUPT_1110,CCN20230722_SUPT,4,4984,cluster,#5C7599,1,335
CS20230722_CLUS_4986,4986 PAS-MV Ebf2 Gly-Gaba_2,CCN20230722_CLUS,CS20230722_SUPT_1110,CCN20230722_SUPT,4,4985,cluster,#43661F,1,429
CS20230722_CLUS_4987,4987 PAS-MV Ebf2 Gly-Gaba_2,CCN20230722_CLUS,CS20230722_SUPT_1110,CCN20230722_SUPT,4,4986,cluster,#CC1F83,1,68
CS20230722_CLUS_4988,4988 PAS-MV Ebf2 Gly-Gaba_3,CCN20230722_CLUS,CS20230722_SUPT_1111,CCN20230722_SUPT,4,4987,cluster,#FF73A7,1,39
CS20230722_CLUS_4989,4989 PAS-MV Ebf2 Gly-Gaba_3,CCN20230722_CLUS,CS20230722_SUPT_1111,CCN20230722_SUPT,4,4988,cluster,#A01FCC,1,418
CS20230722_CLUS_4990,4990 PAS-MV Ebf2 Gly-Gaba_3,CCN20230722_CLUS,CS20230722_SUPT_1111,CCN20230722_SUPT,4,4989,cluster,#00CCB6,1,286
CS20230722_CLUS_4991,4991 PAS-MV Ebf2 Gly-Gaba_3,CCN20230722_CLUS,CS20230722_SUPT_1111,CCN20230722_SUPT,4,4990,cluster,#0F665A,1,34
CS20230722_CLUS_4992,4992 PAS-MV Ebf2 Gly-Gaba_3,CCN20230722_CLUS,CS20230722_SUPT_1111,CCN20230722_SUPT,4,4991,cluster,#998F17,1,99
CS20230722_CLUS_4993,4993 PAS-MV Ebf2 Gly-Gaba_4,CCN20230722_CLUS,CS20230722_SUPT_1112,CCN20230722_SUPT,4,4992,cluster,#3D90CC,1,46
CS20230722_CLUS_4994,4994 MV Pax6 Gly-Gaba_1,CCN20230722_CLUS,CS20230722_SUPT_1113,CCN20230722_SUPT,4,4993,cluster,#99FFDC,1,63
CS20230722_CLUS_4995,4995 MV Pax6 Gly-Gaba_1,CCN20230722_CLUS,CS20230722_SUPT_1113,CCN20230722_SUPT,4,4994,cluster,#1FCCB2,1,223
CS20230722_CLUS_4996,4996 MV Pax6 Gly-Gaba_1,CCN20230722_CLUS,CS20230722_SUPT_1113,CCN20230722_SUPT,4,4995,cluster,#179929,1,90
CS20230722_CLUS_4997,4997 MV Pax6 Gly-Gaba_1,CCN20230722_CLUS,CS20230722_SUPT_1113,CCN20230722_SUPT,4,4996,cluster,#E2FF26,1,146
CS20230722_CLUS_4998,4998 MV Pax6 Gly-Gaba_2,CCN20230722_CLUS,CS20230722_SUPT_1114,CCN20230722_SUPT,4,4997,cluster,#990040,1,49
CS20230722_CLUS_4999,4999 MV Pax6 Gly-Gaba_2,CCN20230722_CLUS,CS20230722_SUPT_1114,CCN20230722_SUPT,4,4998,cluster,#2E7599,1,55
CS20230722_CLUS_5000,5000 CBN Dmbx1 Gaba_1,CCN20230722_CLUS,CS20230722_SUPT_1115,CCN20230722_SUPT,4,4999,cluster,#E3FF00,1,3514
CS20230722_CLUS_5001,5001 CBN Dmbx1 Gaba_1,CCN20230722_CLUS,CS20230722_SUPT_1115,CCN20230722_SUPT,4,5000,cluster,#5ACC3D,1,127
CS20230722_CLUS_5002,5002 RPA Pax6 Hoxb5 Gly-Gaba_1,CCN20230722_CLUS,CS20230722_SUPT_1116,CCN20230722_SUPT,4,5001,cluster,#66370F,1,15
CS20230722_CLUS_5003,5003 RPA Pax6 Hoxb5 Gly-Gaba_1,CCN20230722_CLUS,CS20230722_SUPT_1116,CCN20230722_SUPT,4,5002,cluster,#D399FF,1,61
CS20230722_CLUS_5004,5004 RPA Pax6 Hoxb5 Gly-Gaba_1,CCN20230722_CLUS,CS20230722_SUPT_1116,CCN20230722_SUPT,4,5003,cluster,#009960,1,42
CS20230722_CLUS_5005,5005 RPA Pax6 Hoxb5 Gly-Gaba_1,CCN20230722_CLUS,CS20230722_SUPT_1116,CCN20230722_SUPT,4,5004,cluster,#2E4599,1,84
CS20230722_CLUS_5006,5006 RPA Pax6 Hoxb5 Gly-Gaba_1,CCN20230722_CLUS,CS20230722_SUPT_1116,CCN20230722_SUPT,4,5005,cluster,#458899,1,50
CS20230722_CLUS_5007,5007 RPA Pax6 Hoxb5 Gly-Gaba_1,CCN20230722_CLUS,CS20230722_SUPT_1116,CCN20230722_SUPT,4,5006,cluster,#4DE5FF,1,18
CS20230722_CLUS_5008,5008 RPA Pax6 Hoxb5 Gly-Gaba_1,CCN20230722_CLUS,CS20230722_SUPT_1116,CCN20230722_SUPT,4,5007,cluster,#801FCC,1,66
CS20230722_CLUS_5009,5009 CU-ECU Pax2 Gly-Gaba_1,CCN20230722_CLUS,CS20230722_SUPT_1117,CCN20230722_SUPT,4,5008,cluster,#CC1F93,1,15
CS20230722_CLUS_5010,5010 PRP Gata3 Slc6a5 Gly-Gaba_1,CCN20230722_CLUS,CS20230722_SUPT_1118,CCN20230722_SUPT,4,5009,cluster,#006613,1,203
CS20230722_CLUS_5011,5011 PRP Gata3 Slc6a5 Gly-Gaba_1,CCN20230722_CLUS,CS20230722_SUPT_1118,CCN20230722_SUPT,4,5010,cluster,#173F99,1,35
CS20230722_CLUS_5012,5012 PRP Gata3 Slc6a5 Gly-Gaba_1,CCN20230722_CLUS,CS20230722_SUPT_1118,CCN20230722_SUPT,4,5011,cluster,#1A00FF,1,69
CS20230722_CLUS_5013,5013 PRP Gata3 Slc6a5 Gly-Gaba_1,CCN20230722_CLUS,CS20230722_SUPT_1118,CCN20230722_SUPT,4,5012,cluster,#3D4466,1,74
CS20230722_CLUS_5014,5014 PRP Gata3 Slc6a5 Gly-Gaba_1,CCN20230722_CLUS,CS20230722_SUPT_1118,CCN20230722_SUPT,4,5013,cluster,#996B45,1,213
CS20230722_CLUS_5015,5015 PRP Gata3 Slc6a5 Gly-Gaba_1,CCN20230722_CLUS,CS20230722_SUPT_1118,CCN20230722_SUPT,4,5014,cluster,#610099,1,122
CS20230722_CLUS_5016,5016 MARN-PPY Ngfr Gly-Gaba_1,CCN20230722_CLUS,CS20230722_SUPT_1119,CCN20230722_SUPT,4,5015,cluster,#3DCC9E,1,13
CS20230722_CLUS_5017,5017 MARN-PPY Ngfr Gly-Gaba_1,CCN20230722_CLUS,CS20230722_SUPT_1119,CCN20230722_SUPT,4,5016,cluster,#CC7E00,1,15
CS20230722_CLUS_5018,5018 PARN-MDRNd-NTS Gbx2 Gly-Gaba_1,CCN20230722_CLUS,CS20230722_SUPT_1120,CCN20230722_SUPT,4,5017,cluster,#661F4A,1,26
CS20230722_CLUS_5019,5019 PARN-MDRNd-NTS Gbx2 Gly-Gaba_1,CCN20230722_CLUS,CS20230722_SUPT_1120,CCN20230722_SUPT,4,5018,cluster,#459968,1,20
CS20230722_CLUS_5020,5020 PARN-MDRNd-NTS Gbx2 Gly-Gaba_1,CCN20230722_CLUS,CS20230722_SUPT_1120,CCN20230722_SUPT,4,5019,cluster,#A899FF,1,42
CS20230722_CLUS_5021,5021 PARN-MDRNd-NTS Gbx2 Gly-Gaba_1,CCN20230722_CLUS,CS20230722_SUPT_1120,CCN20230722_SUPT,4,5020,cluster,#9F00FF,1,58
CS20230722_CLUS_5022,5022 PARN-MDRNd-NTS Gbx2 Gly-Gaba_1,CCN20230722_CLUS,CS20230722_SUPT_1120,CCN20230722_SUPT,4,5021,cluster,#8D00FF,1,18
CS20230722_CLUS_5023,5023 PARN-MDRNd-NTS Gbx2 Gly-Gaba_1,CCN20230722_CLUS,CS20230722_SUPT_1120,CCN20230722_SUPT,4,5022,cluster,#1FCC45,1,35
CS20230722_CLUS_5024,5024 PARN-MDRNd-NTS Gbx2 Gly-Gaba_1,CCN20230722_CLUS,CS20230722_SUPT_1120,CCN20230722_SUPT,4,5023,cluster,#6E26FF,1,31
CS20230722_CLUS_5025,5025 PARN-MDRNd-NTS Gbx2 Gly-Gaba_1,CCN20230722_CLUS,CS20230722_SUPT_1120,CCN20230722_SUPT,4,5024,cluster,#99FBFF,1,35
CS20230722_CLUS_5026,5026 PARN-MDRNd-NTS Gbx2 Gly-Gaba_1,CCN20230722_CLUS,CS20230722_SUPT_1120,CCN20230722_SUPT,4,5025,cluster,#2E996B,1,90
CS20230722_CLUS_5027,5027 PARN-MDRNd-NTS Gbx2 Gly-Gaba_2,CCN20230722_CLUS,CS20230722_SUPT_1121,CCN20230722_SUPT,4,5026,cluster,#994573,1,13
CS20230722_CLUS_5028,5028 PARN-MDRNd-NTS Gbx2 Gly-Gaba_2,CCN20230722_CLUS,CS20230722_SUPT_1121,CCN20230722_SUPT,4,5027,cluster,#664F1F,1,52
CS20230722_CLUS_5029,5029 PARN-MDRNd-NTS Gbx2 Gly-Gaba_2,CCN20230722_CLUS,CS20230722_SUPT_1121,CCN20230722_SUPT,4,5028,cluster,#93CC5C,1,110
CS20230722_CLUS_5030,5030 PARN-MDRNd-NTS Gbx2 Gly-Gaba_2,CCN20230722_CLUS,CS20230722_SUPT_1121,CCN20230722_SUPT,4,5029,cluster,#FFFE00,1,74
CS20230722_CLUS_5031,5031 PARN-MDRNd-NTS Gbx2 Gly-Gaba_2,CCN20230722_CLUS,CS20230722_SUPT_1121,CCN20230722_SUPT,4,5030,cluster,#5C8DCC,1,104
CS20230722_CLUS_5032,5032 PARN-MDRNd-NTS Gbx2 Gly-Gaba_2,CCN20230722_CLUS,CS20230722_SUPT_1121,CCN20230722_SUPT,4,5031,cluster,#A373FF,1,38
CS20230722_CLUS_5033,5033 PARN-MDRNd-NTS Gbx2 Gly-Gaba_2,CCN20230722_CLUS,CS20230722_SUPT_1121,CCN20230722_SUPT,4,5032,cluster,#0F6618,1,77
CS20230722_CLUS_5034,5034 PARN-MDRNd-NTS Gbx2 Gly-Gaba_2,CCN20230722_CLUS,CS20230722_SUPT_1121,CCN20230722_SUPT,4,5033,cluster,#CC0069,1,119
CS20230722_CLUS_5035,5035 PARN-MDRNd-NTS Gbx2 Gly-Gaba_2,CCN20230722_CLUS,CS20230722_SUPT_1121,CCN20230722_SUPT,4,5034,cluster,#FF9B4D,1,141
CS20230722_CLUS_5036,5036 PARN-MDRNd-NTS Gbx2 Gly-Gaba_2,CCN20230722_CLUS,CS20230722_SUPT_1121,CCN20230722_SUPT,4,5035,cluster,#FF99C6,1,77
CS20230722_CLUS_5037,5037 PARN-MDRNd-NTS Gbx2 Gly-Gaba_2,CCN20230722_CLUS,CS20230722_SUPT_1121,CCN20230722_SUPT,4,5036,cluster,#2E9933,1,29
CS20230722_CLUS_5038,5038 PARN-MDRNd-NTS Gbx2 Gly-Gaba_3,CCN20230722_CLUS,CS20230722_SUPT_1122,CCN20230722_SUPT,4,5037,cluster,#999FFF,1,66
CS20230722_CLUS_5039,5039 PARN-MDRNd-NTS Gbx2 Gly-Gaba_3,CCN20230722_CLUS,CS20230722_SUPT_1122,CCN20230722_SUPT,4,5038,cluster,#3E1F66,1,92
CS20230722_CLUS_5040,5040 PARN-MDRNd-NTS Gbx2 Gly-Gaba_3,CCN20230722_CLUS,CS20230722_SUPT_1122,CCN20230722_SUPT,4,5039,cluster,#DF99FF,1,174
CS20230722_CLUS_5041,5041 PARN-MDRNd-NTS Gbx2 Gly-Gaba_3,CCN20230722_CLUS,CS20230722_SUPT_1122,CCN20230722_SUPT,4,5040,cluster,#0F6624,1,74
CS20230722_CLUS_5042,5042 PARN-MDRNd-NTS Gbx2 Gly-Gaba_3,CCN20230722_CLUS,CS20230722_SUPT_1122,CCN20230722_SUPT,4,5041,cluster,#41FF26,1,97
CS20230722_CLUS_5043,5043 PARN-MDRNd-NTS Gbx2 Gly-Gaba_3,CCN20230722_CLUS,CS20230722_SUPT_1122,CCN20230722_SUPT,4,5042,cluster,#BD26FF,1,55
CS20230722_CLUS_5044,5044 PARN-MDRNd-NTS Gbx2 Gly-Gaba_3,CCN20230722_CLUS,CS20230722_SUPT_1122,CCN20230722_SUPT,4,5043,cluster,#006643,1,136
CS20230722_CLUS_5045,5045 PARN-MDRNd-NTS Gbx2 Gly-Gaba_3,CCN20230722_CLUS,CS20230722_SUPT_1122,CCN20230722_SUPT,4,5044,cluster,#991727,1,39
CS20230722_CLUS_5046,5046 PARN-MDRNd-NTS Gbx2 Gly-Gaba_4,CCN20230722_CLUS,CS20230722_SUPT_1123,CCN20230722_SUPT,4,5045,cluster,#5D3D66,1,13
CS20230722_CLUS_5047,5047 PARN-MDRNd-NTS Gbx2 Gly-Gaba_4,CCN20230722_CLUS,CS20230722_SUPT_1123,CCN20230722_SUPT,4,5046,cluster,#CC7A84,1,20
CS20230722_CLUS_5048,5048 PARN-MDRNd-NTS Gbx2 Gly-Gaba_4,CCN20230722_CLUS,CS20230722_SUPT_1123,CCN20230722_SUPT,4,5047,cluster,#3A660F,1,137
CS20230722_CLUS_5049,5049 PARN-MDRNd-NTS Gbx2 Gly-Gaba_4,CCN20230722_CLUS,CS20230722_SUPT_1123,CCN20230722_SUPT,4,5048,cluster,#513DCC,1,216
CS20230722_CLUS_5050,5050 PARN-MDRNd-NTS Gbx2 Gly-Gaba_4,CCN20230722_CLUS,CS20230722_SUPT_1123,CCN20230722_SUPT,4,5049,cluster,#CC7AA7,1,113
CS20230722_CLUS_5051,5051 PARN-MDRNd-NTS Gbx2 Gly-Gaba_4,CCN20230722_CLUS,CS20230722_SUPT_1123,CCN20230722_SUPT,4,5050,cluster,#5CCC82,1,23
CS20230722_CLUS_5052,5052 PARN-MDRNd-NTS Gbx2 Gly-Gaba_5,CCN20230722_CLUS,CS20230722_SUPT_1124,CCN20230722_SUPT,4,5051,cluster,#991000,1,57
CS20230722_CLUS_5053,5053 PARN-MDRNd-NTS Gbx2 Gly-Gaba_5,CCN20230722_CLUS,CS20230722_SUPT_1124,CCN20230722_SUPT,4,5052,cluster,#C6FF99,1,47
CS20230722_CLUS_5054,5054 PARN-MDRNd-NTS Gbx2 Gly-Gaba_5,CCN20230722_CLUS,CS20230722_SUPT_1124,CCN20230722_SUPT,4,5053,cluster,#99455E,1,64
CS20230722_CLUS_5055,5055 PARN-MDRNd-NTS Gbx2 Gly-Gaba_5,CCN20230722_CLUS,CS20230722_SUPT_1124,CCN20230722_SUPT,4,5054,cluster,#683DCC,1,43
CS20230722_CLUS_5056,5056 PARN-MDRNd-NTS Gbx2 Gly-Gaba_5,CCN20230722_CLUS,CS20230722_SUPT_1124,CCN20230722_SUPT,4,5055,cluster,#FFCA00,1,28
CS20230722_CLUS_5057,5057 PARN-MDRNd-NTS Gbx2 Gly-Gaba_6,CCN20230722_CLUS,CS20230722_SUPT_1125,CCN20230722_SUPT,4,5056,cluster,#5C9968,1,60
CS20230722_CLUS_5058,5058 PARN-MDRNd-NTS Gbx2 Gly-Gaba_6,CCN20230722_CLUS,CS20230722_SUPT_1125,CCN20230722_SUPT,4,5057,cluster,#72CC5C,1,141
CS20230722_CLUS_5059,5059 PARN-MDRNd-NTS Gbx2 Gly-Gaba_6,CCN20230722_CLUS,CS20230722_SUPT_1125,CCN20230722_SUPT,4,5058,cluster,#669945,1,128
CS20230722_CLUS_5060,5060 PARN-MDRNd-NTS Gbx2 Gly-Gaba_6,CCN20230722_CLUS,CS20230722_SUPT_1125,CCN20230722_SUPT,4,5059,cluster,#BCCC7A,1,166
CS20230722_CLUS_5061,5061 PARN-MDRNd-NTS Gbx2 Gly-Gaba_6,CCN20230722_CLUS,CS20230722_SUPT_1125,CCN20230722_SUPT,4,5060,cluster,#54CC00,1,42
CS20230722_CLUS_5062,5062 PARN-MDRNd-NTS Gbx2 Gly-Gaba_7,CCN20230722_CLUS,CS20230722_SUPT_1126,CCN20230722_SUPT,4,5061,cluster,#CCA97A,1,80
CS20230722_CLUS_5063,5063 PARN-MDRNd-NTS Gbx2 Gly-Gaba_7,CCN20230722_CLUS,CS20230722_SUPT_1126,CCN20230722_SUPT,4,5062,cluster,#FFF04D,1,128
CS20230722_CLUS_5064,5064 PARN-MDRNd-NTS Gbx2 Gly-Gaba_7,CCN20230722_CLUS,CS20230722_SUPT_1126,CCN20230722_SUPT,4,5063,cluster,#73FDFF,1,377
CS20230722_CLUS_5065,5065 PARN-MDRNd-NTS Gbx2 Gly-Gaba_7,CCN20230722_CLUS,CS20230722_SUPT_1126,CCN20230722_SUPT,4,5064,cluster,#1F664E,1,153
CS20230722_CLUS_5066,5066 MV Nr4a2 Gly-Gaba_1,CCN20230722_CLUS,CS20230722_SUPT_1127,CCN20230722_SUPT,4,5065,cluster,#C199FF,1,35
CS20230722_CLUS_5067,5067 MV Xdh Gly-Gaba_1,CCN20230722_CLUS,CS20230722_SUPT_1128,CCN20230722_SUPT,4,5066,cluster,#26FFCA,1,48
CS20230722_CLUS_5068,5068 IRN Dmbx1 Pax2 Gly-Gaba_1,CCN20230722_CLUS,CS20230722_SUPT_1129,CCN20230722_SUPT,4,5067,cluster,#990078,1,98
CS20230722_CLUS_5069,5069 IRN Dmbx1 Pax2 Gly-Gaba_1,CCN20230722_CLUS,CS20230722_SUPT_1129,CCN20230722_SUPT,4,5068,cluster,#176600,1,39
CS20230722_CLUS_5070,5070 IRN Dmbx1 Pax2 Gly-Gaba_1,CCN20230722_CLUS,CS20230722_SUPT_1129,CCN20230722_SUPT,4,5069,cluster,#FFD44D,1,146
CS20230722_CLUS_5071,5071 IRN Dmbx1 Pax2 Gly-Gaba_1,CCN20230722_CLUS,CS20230722_SUPT_1129,CCN20230722_SUPT,4,5070,cluster,#660023,1,35
CS20230722_CLUS_5072,5072 NTS-PARN Neurod2 Gly-Gaba_1,CCN20230722_CLUS,CS20230722_SUPT_1130,CCN20230722_SUPT,4,5071,cluster,#FF0057,1,92
CS20230722_CLUS_5073,5073 NTS-PARN Neurod2 Gly-Gaba_1,CCN20230722_CLUS,CS20230722_SUPT_1130,CCN20230722_SUPT,4,5072,cluster,#992E4E,1,164
CS20230722_CLUS_5074,5074 NTS-PARN Neurod2 Gly-Gaba_1,CCN20230722_CLUS,CS20230722_SUPT_1130,CCN20230722_SUPT,4,5073,cluster,#41660F,1,151
CS20230722_CLUS_5075,5075 NTS-PARN Neurod2 Gly-Gaba_1,CCN20230722_CLUS,CS20230722_SUPT_1130,CCN20230722_SUPT,4,5074,cluster,#881FCC,1,52
CS20230722_CLUS_5076,5076 NTS-PARN Neurod2 Gly-Gaba_1,CCN20230722_CLUS,CS20230722_SUPT_1130,CCN20230722_SUPT,4,5075,cluster,#5C8199,1,129
CS20230722_CLUS_5077,5077 NTS-PARN Neurod2 Gly-Gaba_1,CCN20230722_CLUS,CS20230722_SUPT_1130,CCN20230722_SUPT,4,5076,cluster,#622E66,1,87
CS20230722_CLUS_5078,5078 NTS-PARN Neurod2 Gly-Gaba_1,CCN20230722_CLUS,CS20230722_SUPT_1130,CCN20230722_SUPT,4,5077,cluster,#00CC11,1,97
CS20230722_CLUS_5079,5079 NTS-PARN Neurod2 Gly-Gaba_1,CCN20230722_CLUS,CS20230722_SUPT_1130,CCN20230722_SUPT,4,5078,cluster,#73A5FF,1,212
CS20230722_CLUS_5080,5080 NTS-PARN Neurod2 Gly-Gaba_1,CCN20230722_CLUS,CS20230722_SUPT_1130,CCN20230722_SUPT,4,5079,cluster,#73FFEB,1,49
CS20230722_CLUS_5081,5081 NTS-PARN Neurod2 Gly-Gaba_1,CCN20230722_CLUS,CS20230722_SUPT_1130,CCN20230722_SUPT,4,5080,cluster,#BD4DFF,1,138
CS20230722_CLUS_5082,5082 NTS-PARN Neurod2 Gly-Gaba_1,CCN20230722_CLUS,CS20230722_SUPT_1130,CCN20230722_SUPT,4,5081,cluster,#0E0099,1,47
CS20230722_CLUS_5083,5083 NTS-PARN Neurod2 Gly-Gaba_1,CCN20230722_CLUS,CS20230722_SUPT_1130,CCN20230722_SUPT,4,5082,cluster,#FF3726,1,53
CS20230722_CLUS_5084,5084 NTS-PARN Neurod2 Gly-Gaba_2,CCN20230722_CLUS,CS20230722_SUPT_1131,CCN20230722_SUPT,4,5083,cluster,#179937,1,90
CS20230722_CLUS_5085,5085 NTS-PARN Neurod2 Gly-Gaba_2,CCN20230722_CLUS,CS20230722_SUPT_1131,CCN20230722_SUPT,4,5084,cluster,#FFA799,1,38
CS20230722_CLUS_5086,5086 NTS-PARN Neurod2 Gly-Gaba_2,CCN20230722_CLUS,CS20230722_SUPT_1131,CCN20230722_SUPT,4,5085,cluster,#3DCC81,1,25
CS20230722_CLUS_5087,5087 NTS-PARN Neurod2 Gly-Gaba_2,CCN20230722_CLUS,CS20230722_SUPT_1131,CCN20230722_SUPT,4,5086,cluster,#006625,1,50
CS20230722_CLUS_5088,5088 NTS-PARN Neurod2 Gly-Gaba_2,CCN20230722_CLUS,CS20230722_SUPT_1131,CCN20230722_SUPT,4,5087,cluster,#99C6FF,1,17
CS20230722_CLUS_5089,5089 NTS-PARN Neurod2 Gly-Gaba_2,CCN20230722_CLUS,CS20230722_SUPT_1131,CCN20230722_SUPT,4,5088,cluster,#FF73E0,1,99
CS20230722_CLUS_5090,5090 NTS-PARN Neurod2 Gly-Gaba_2,CCN20230722_CLUS,CS20230722_SUPT_1131,CCN20230722_SUPT,4,5089,cluster,#3D6661,1,145
CS20230722_CLUS_5091,5091 NTS-PARN Neurod2 Gly-Gaba_2,CCN20230722_CLUS,CS20230722_SUPT_1131,CCN20230722_SUPT,4,5090,cluster,#5C6699,1,164
CS20230722_CLUS_5092,5092 NTS-PARN Neurod2 Gly-Gaba_3,CCN20230722_CLUS,CS20230722_SUPT_1132,CCN20230722_SUPT,4,5091,cluster,#C100FF,1,16
CS20230722_CLUS_5093,5093 NTS-PARN Neurod2 Gly-Gaba_3,CCN20230722_CLUS,CS20230722_SUPT_1132,CCN20230722_SUPT,4,5092,cluster,#006AFF,1,134
CS20230722_CLUS_5094,5094 NTS-PARN Neurod2 Gly-Gaba_3,CCN20230722_CLUS,CS20230722_SUPT_1132,CCN20230722_SUPT,4,5093,cluster,#73FFC8,1,118
CS20230722_CLUS_5095,5095 NTS-PARN Neurod2 Gly-Gaba_3,CCN20230722_CLUS,CS20230722_SUPT_1132,CCN20230722_SUPT,4,5094,cluster,#080066,1,199
CS20230722_CLUS_5096,5096 NTS-PARN Neurod2 Gly-Gaba_3,CCN20230722_CLUS,CS20230722_SUPT_1132,CCN20230722_SUPT,4,5095,cluster,#008BCC,1,89
CS20230722_CLUS_5097,5097 NTS-PARN Neurod2 Gly-Gaba_3,CCN20230722_CLUS,CS20230722_SUPT_1132,CCN20230722_SUPT,4,5096,cluster,#99FFD1,1,93
CS20230722_CLUS_5098,5098 NTS-PARN Neurod2 Gly-Gaba_3,CCN20230722_CLUS,CS20230722_SUPT_1132,CCN20230722_SUPT,4,5097,cluster,#7ACC81,1,50
CS20230722_CLUS_5099,5099 NTS-PARN Neurod2 Gly-Gaba_3,CCN20230722_CLUS,CS20230722_SUPT_1132,CCN20230722_SUPT,4,5098,cluster,#459986,1,38
CS20230722_CLUS_5100,5100 NTS-PARN Neurod2 Gly-Gaba_4,CCN20230722_CLUS,CS20230722_SUPT_1133,CCN20230722_SUPT,4,5099,cluster,#694DFF,1,145
CS20230722_CLUS_5101,5101 NTS-PARN Neurod2 Gly-Gaba_4,CCN20230722_CLUS,CS20230722_SUPT_1133,CCN20230722_SUPT,4,5100,cluster,#23661F,1,84
CS20230722_CLUS_5102,5102 NTS-PARN Neurod2 Gly-Gaba_4,CCN20230722_CLUS,CS20230722_SUPT_1133,CCN20230722_SUPT,4,5101,cluster,#5B660F,1,201
CS20230722_CLUS_5103,5103 NTS-PARN Neurod2 Gly-Gaba_4,CCN20230722_CLUS,CS20230722_SUPT_1133,CCN20230722_SUPT,4,5102,cluster,#CC0080,1,136
CS20230722_CLUS_5104,5104 NTS-PARN Neurod2 Gly-Gaba_4,CCN20230722_CLUS,CS20230722_SUPT_1133,CCN20230722_SUPT,4,5103,cluster,#FF3226,1,381
CS20230722_CLUS_5105,5105 NTS-PARN Neurod2 Gly-Gaba_4,CCN20230722_CLUS,CS20230722_SUPT_1133,CCN20230722_SUPT,4,5104,cluster,#F500FF,1,122
CS20230722_CLUS_5106,5106 NTS-PARN Neurod2 Gly-Gaba_4,CCN20230722_CLUS,CS20230722_SUPT_1133,CCN20230722_SUPT,4,5105,cluster,#5C8799,1,321
CS20230722_CLUS_5107,5107 NTS-PARN Neurod2 Gly-Gaba_4,CCN20230722_CLUS,CS20230722_SUPT_1133,CCN20230722_SUPT,4,5106,cluster,#665C3D,1,234
CS20230722_CLUS_5108,5108 NTS-PARN Neurod2 Gly-Gaba_5,CCN20230722_CLUS,CS20230722_SUPT_1134,CCN20230722_SUPT,4,5107,cluster,#99915C,1,229
CS20230722_CLUS_5109,5109 NTS-PARN Neurod2 Gly-Gaba_5,CCN20230722_CLUS,CS20230722_SUPT_1134,CCN20230722_SUPT,4,5108,cluster,#991747,1,135
CS20230722_CLUS_5110,5110 NTS-PARN Neurod2 Gly-Gaba_5,CCN20230722_CLUS,CS20230722_SUPT_1134,CCN20230722_SUPT,4,5109,cluster,#7ACCBC,1,33
CS20230722_CLUS_5111,5111 NTS-PARN Neurod2 Gly-Gaba_5,CCN20230722_CLUS,CS20230722_SUPT_1134,CCN20230722_SUPT,4,5110,cluster,#CCB100,1,179
CS20230722_CLUS_5112,5112 NTS-PARN Neurod2 Gly-Gaba_5,CCN20230722_CLUS,CS20230722_SUPT_1134,CCN20230722_SUPT,4,5111,cluster,#663D56,1,166
CS20230722_CLUS_5113,5113 NTS-PARN Neurod2 Gly-Gaba_5,CCN20230722_CLUS,CS20230722_SUPT_1134,CCN20230722_SUPT,4,5112,cluster,#CCBA00,1,36
CS20230722_CLUS_5114,5114 NTS-PARN Neurod2 Gly-Gaba_6,CCN20230722_CLUS,CS20230722_SUPT_1135,CCN20230722_SUPT,4,5113,cluster,#CCAF5C,1,81
CS20230722_CLUS_5115,5115 NTS-PARN Neurod2 Gly-Gaba_6,CCN20230722_CLUS,CS20230722_SUPT_1135,CCN20230722_SUPT,4,5114,cluster,#1F32CC,1,50
CS20230722_CLUS_5116,5116 NTS-PARN Neurod2 Gly-Gaba_6,CCN20230722_CLUS,CS20230722_SUPT_1135,CCN20230722_SUPT,4,5115,cluster,#7BFF26,1,248
CS20230722_CLUS_5117,5117 NTS-PARN Neurod2 Gly-Gaba_6,CCN20230722_CLUS,CS20230722_SUPT_1135,CCN20230722_SUPT,4,5116,cluster,#FF0052,1,113
CS20230722_CLUS_5118,5118 NTS-PARN Neurod2 Gly-Gaba_6,CCN20230722_CLUS,CS20230722_SUPT_1135,CCN20230722_SUPT,4,5117,cluster,#26FF50,1,479
CS20230722_CLUS_5119,5119 NTS-PARN Neurod2 Gly-Gaba_6,CCN20230722_CLUS,CS20230722_SUPT_1135,CCN20230722_SUPT,4,5118,cluster,#CC8D3D,1,228
CS20230722_CLUS_5120,5120 SPVI-SPVC Sall3 Nfib Gly-Gaba_1,CCN20230722_CLUS,CS20230722_SUPT_1136,CCN20230722_SUPT,4,5119,cluster,#1AFF00,1,43
CS20230722_CLUS_5121,5121 SPVI-SPVC Sall3 Nfib Gly-Gaba_1,CCN20230722_CLUS,CS20230722_SUPT_1136,CCN20230722_SUPT,4,5120,cluster,#7ACC99,1,101
CS20230722_CLUS_5122,5122 SPVI-SPVC Sall3 Nfib Gly-Gaba_1,CCN20230722_CLUS,CS20230722_SUPT_1136,CCN20230722_SUPT,4,5121,cluster,#469945,1,165
CS20230722_CLUS_5123,5123 SPVI-SPVC Sall3 Nfib Gly-Gaba_1,CCN20230722_CLUS,CS20230722_SUPT_1136,CCN20230722_SUPT,4,5122,cluster,#991753,1,30
CS20230722_CLUS_5124,5124 SPVI-SPVC Sall3 Nfib Gly-Gaba_1,CCN20230722_CLUS,CS20230722_SUPT_1136,CCN20230722_SUPT,4,5123,cluster,#2E4666,1,97
CS20230722_CLUS_5125,5125 SPVI-SPVC Sall3 Nfib Gly-Gaba_1,CCN20230722_CLUS,CS20230722_SUPT_1136,CCN20230722_SUPT,4,5124,cluster,#73FFDE,1,35
CS20230722_CLUS_5126,5126 SPVI-SPVC Sall3 Nfib Gly-Gaba_1,CCN20230722_CLUS,CS20230722_SUPT_1136,CCN20230722_SUPT,4,5125,cluster,#5C9970,1,45
CS20230722_CLUS_5127,5127 SPVI-SPVC Sall3 Nfib Gly-Gaba_1,CCN20230722_CLUS,CS20230722_SUPT_1136,CCN20230722_SUPT,4,5126,cluster,#996300,1,72
CS20230722_CLUS_5128,5128 SPVI-SPVC Sall3 Nfib Gly-Gaba_1,CCN20230722_CLUS,CS20230722_SUPT_1136,CCN20230722_SUPT,4,5127,cluster,#671799,1,50
CS20230722_CLUS_5129,5129 SPVI-SPVC Sall3 Nfib Gly-Gaba_1,CCN20230722_CLUS,CS20230722_SUPT_1136,CCN20230722_SUPT,4,5128,cluster,#5B2E99,1,74
CS20230722_CLUS_5130,5130 SPVI-SPVC Sall3 Nfib Gly-Gaba_1,CCN20230722_CLUS,CS20230722_SUPT_1136,CCN20230722_SUPT,4,5129,cluster,#84CC5C,1,56
CS20230722_CLUS_5131,5131 SPVI-SPVC Sall3 Nfib Gly-Gaba_1,CCN20230722_CLUS,CS20230722_SUPT_1136,CCN20230722_SUPT,4,5130,cluster,#99FFC5,1,137
CS20230722_CLUS_5132,5132 SPVI-SPVC Sall3 Nfib Gly-Gaba_1,CCN20230722_CLUS,CS20230722_SUPT_1136,CCN20230722_SUPT,4,5131,cluster,#CC8E1F,1,55
CS20230722_CLUS_5133,5133 SPVI-SPVC Sall3 Nfib Gly-Gaba_1,CCN20230722_CLUS,CS20230722_SUPT_1136,CCN20230722_SUPT,4,5132,cluster,#800099,1,45
CS20230722_CLUS_5134,5134 SPVI-SPVC Sall3 Nfib Gly-Gaba_1,CCN20230722_CLUS,CS20230722_SUPT_1136,CCN20230722_SUPT,4,5133,cluster,#92992E,1,96
CS20230722_CLUS_5135,5135 SPVI-SPVC Sall3 Nfib Gly-Gaba_1,CCN20230722_CLUS,CS20230722_SUPT_1136,CCN20230722_SUPT,4,5134,cluster,#F873FF,1,53
CS20230722_CLUS_5136,5136 SPVI-SPVC Sall3 Nfib Gly-Gaba_1,CCN20230722_CLUS,CS20230722_SUPT_1136,CCN20230722_SUPT,4,5135,cluster,#BA99FF,1,31
CS20230722_CLUS_5137,5137 SPVI-SPVC Sall3 Nfib Gly-Gaba_2,CCN20230722_CLUS,CS20230722_SUPT_1137,CCN20230722_SUPT,4,5136,cluster,#66130F,1,120
CS20230722_CLUS_5138,5138 SPVI-SPVC Sall3 Nfib Gly-Gaba_2,CCN20230722_CLUS,CS20230722_SUPT_1137,CCN20230722_SUPT,4,5137,cluster,#7ACCA4,1,82
CS20230722_CLUS_5139,5139 SPVI-SPVC Sall3 Nfib Gly-Gaba_2,CCN20230722_CLUS,CS20230722_SUPT_1137,CCN20230722_SUPT,4,5138,cluster,#2A26FF,1,51
CS20230722_CLUS_5140,5140 SPVI-SPVC Sall3 Nfib Gly-Gaba_2,CCN20230722_CLUS,CS20230722_SUPT_1137,CCN20230722_SUPT,4,5139,cluster,#3DCC71,1,40
CS20230722_CLUS_5141,5141 SPVI-SPVC Sall3 Nfib Gly-Gaba_2,CCN20230722_CLUS,CS20230722_SUPT_1137,CCN20230722_SUPT,4,5140,cluster,#77CC5C,1,21
CS20230722_CLUS_5142,5142 SPVI-SPVC Sall3 Nfib Gly-Gaba_2,CCN20230722_CLUS,CS20230722_SUPT_1137,CCN20230722_SUPT,4,5141,cluster,#989917,1,39
CS20230722_CLUS_5143,5143 SPVI-SPVC Sall3 Nfib Gly-Gaba_2,CCN20230722_CLUS,CS20230722_SUPT_1137,CCN20230722_SUPT,4,5142,cluster,#99DDFF,1,48
CS20230722_CLUS_5144,5144 SPVI-SPVC Sall3 Lhx1 Gly-Gaba_1,CCN20230722_CLUS,CS20230722_SUPT_1138,CCN20230722_SUPT,4,5143,cluster,#CC615C,1,104
CS20230722_CLUS_5145,5145 SPVI-SPVC Sall3 Lhx1 Gly-Gaba_1,CCN20230722_CLUS,CS20230722_SUPT_1138,CCN20230722_SUPT,4,5144,cluster,#CC00A1,1,49
CS20230722_CLUS_5146,5146 SPVI-SPVC Sall3 Lhx1 Gly-Gaba_1,CCN20230722_CLUS,CS20230722_SUPT_1138,CCN20230722_SUPT,4,5145,cluster,#5C9966,1,159
CS20230722_CLUS_5147,5147 SPVI-SPVC Sall3 Lhx1 Gly-Gaba_1,CCN20230722_CLUS,CS20230722_SUPT_1138,CCN20230722_SUPT,4,5146,cluster,#1FAFCC,1,82
CS20230722_CLUS_5148,5148 SPVI-SPVC Sall3 Lhx1 Gly-Gaba_1,CCN20230722_CLUS,CS20230722_SUPT_1138,CCN20230722_SUPT,4,5147,cluster,#FF00A8,1,147
CS20230722_CLUS_5149,5149 SPVI-SPVC Sall3 Lhx1 Gly-Gaba_1,CCN20230722_CLUS,CS20230722_SUPT_1138,CCN20230722_SUPT,4,5148,cluster,#CCAA1F,1,210
CS20230722_CLUS_5150,5150 SPVI-SPVC Sall3 Lhx1 Gly-Gaba_1,CCN20230722_CLUS,CS20230722_SUPT_1138,CCN20230722_SUPT,4,5149,cluster,#661000,1,146
CS20230722_CLUS_5151,5151 SPVI-SPVC Sall3 Lhx1 Gly-Gaba_1,CCN20230722_CLUS,CS20230722_SUPT_1138,CCN20230722_SUPT,4,5150,cluster,#CC995C,1,110
CS20230722_CLUS_5152,5152 SPVI-SPVC Sall3 Lhx1 Gly-Gaba_2,CCN20230722_CLUS,CS20230722_SUPT_1139,CCN20230722_SUPT,4,5151,cluster,#99EBFF,1,99
CS20230722_CLUS_5153,5153 SPVI-SPVC Sall3 Lhx1 Gly-Gaba_2,CCN20230722_CLUS,CS20230722_SUPT_1139,CCN20230722_SUPT,4,5152,cluster,#00660C,1,72
CS20230722_CLUS_5154,5154 SPVI-SPVC Sall3 Lhx1 Gly-Gaba_2,CCN20230722_CLUS,CS20230722_SUPT_1139,CCN20230722_SUPT,4,5153,cluster,#00FF19,1,124
CS20230722_CLUS_5155,5155 SPVI-SPVC Sall3 Lhx1 Gly-Gaba_2,CCN20230722_CLUS,CS20230722_SUPT_1139,CCN20230722_SUPT,4,5154,cluster,#9BFF99,1,50
CS20230722_CLUS_5156,5156 SPVI-SPVC Sall3 Lhx1 Gly-Gaba_2,CCN20230722_CLUS,CS20230722_SUPT_1139,CCN20230722_SUPT,4,5155,cluster,#CC9C7A,1,88
CS20230722_CLUS_5157,5157 SPVI-SPVC Sall3 Lhx1 Gly-Gaba_2,CCN20230722_CLUS,CS20230722_SUPT_1139,CCN20230722_SUPT,4,5156,cluster,#663D43,1,69
CS20230722_CLUS_5158,5158 SPVI-SPVC Sall3 Lhx1 Gly-Gaba_2,CCN20230722_CLUS,CS20230722_SUPT_1139,CCN20230722_SUPT,4,5157,cluster,#663D59,1,150
CS20230722_CLUS_5159,5159 SPVI-SPVC Sall3 Lhx1 Gly-Gaba_2,CCN20230722_CLUS,CS20230722_SUPT_1139,CCN20230722_SUPT,4,5158,cluster,#1F6655,1,64
CS20230722_CLUS_5160,5160 SPVI-SPVC Sall3 Lhx1 Gly-Gaba_2,CCN20230722_CLUS,CS20230722_SUPT_1139,CCN20230722_SUPT,4,5159,cluster,#66612E,1,61
CS20230722_CLUS_5161,5161 SPVI-SPVC Sall3 Lhx1 Gly-Gaba_2,CCN20230722_CLUS,CS20230722_SUPT_1139,CCN20230722_SUPT,4,5160,cluster,#16660F,1,108
CS20230722_CLUS_5162,5162 SPVI-SPVC Sall3 Lhx1 Gly-Gaba_2,CCN20230722_CLUS,CS20230722_SUPT_1139,CCN20230722_SUPT,4,5161,cluster,#C000CC,1,26
CS20230722_CLUS_5163,5163 SPVI-SPVC Sall3 Lhx1 Gly-Gaba_2,CCN20230722_CLUS,CS20230722_SUPT_1139,CCN20230722_SUPT,4,5162,cluster,#459975,1,86
CS20230722_CLUS_5164,5164 RO-RPA Pkd2l1 Gaba_1,CCN20230722_CLUS,CS20230722_SUPT_1140,CCN20230722_SUPT,4,5163,cluster,#4DDDFF,1,58
CS20230722_CLUS_5165,5165 RO-RPA Pkd2l1 Gaba_1,CCN20230722_CLUS,CS20230722_SUPT_1140,CCN20230722_SUPT,4,5164,cluster,#A71FCC,1,83
CS20230722_CLUS_5166,5166 RO-RPA Pkd2l1 Gaba_1,CCN20230722_CLUS,CS20230722_SUPT_1140,CCN20230722_SUPT,4,5165,cluster,#662E51,1,307
CS20230722_CLUS_5167,5167 DCO Il22 Gly-Gaba_1,CCN20230722_CLUS,CS20230722_SUPT_1141,CCN20230722_SUPT,4,5166,cluster,#99173C,1,300
CS20230722_CLUS_5168,5168 DCO Il22 Gly-Gaba_1,CCN20230722_CLUS,CS20230722_SUPT_1141,CCN20230722_SUPT,4,5167,cluster,#2E9947,1,60
CS20230722_CLUS_5169,5169 DCO Il22 Gly-Gaba_1,CCN20230722_CLUS,CS20230722_SUPT_1141,CCN20230722_SUPT,4,5168,cluster,#663C2E,1,319
CS20230722_CLUS_5170,5170 DCO Il22 Gly-Gaba_1,CCN20230722_CLUS,CS20230722_SUPT_1141,CCN20230722_SUPT,4,5169,cluster,#1F6628,1,153
CS20230722_CLUS_5171,5171 DCO Il22 Gly-Gaba_1,CCN20230722_CLUS,CS20230722_SUPT_1141,CCN20230722_SUPT,4,5170,cluster,#994578,1,40
CS20230722_CLUS_5172,5172 DCO Il22 Gly-Gaba_2,CCN20230722_CLUS,CS20230722_SUPT_1142,CCN20230722_SUPT,4,5171,cluster,#739945,1,123
CS20230722_CLUS_5173,5173 DCO Il22 Gly-Gaba_3,CCN20230722_CLUS,CS20230722_SUPT_1143,CCN20230722_SUPT,4,5172,cluster,#4DFFD4,1,55
CS20230722_CLUS_5174,5174 DCO Il22 Gly-Gaba_3,CCN20230722_CLUS,CS20230722_SUPT_1143,CCN20230722_SUPT,4,5173,cluster,#660F43,1,198
CS20230722_CLUS_5175,5175 DCO Il22 Gly-Gaba_3,CCN20230722_CLUS,CS20230722_SUPT_1143,CCN20230722_SUPT,4,5174,cluster,#0F4F66,1,34
CS20230722_CLUS_5176,5176 DCO Il22 Gly-Gaba_3,CCN20230722_CLUS,CS20230722_SUPT_1143,CCN20230722_SUPT,4,5175,cluster,#002666,1,85
CS20230722_CLUS_5177,5177 CB PLI Gly-Gaba_1,CCN20230722_CLUS,CS20230722_SUPT_1144,CCN20230722_SUPT,4,5176,cluster,#3D6649,1,535
CS20230722_CLUS_5178,5178 CB PLI Gly-Gaba_1,CCN20230722_CLUS,CS20230722_SUPT_1144,CCN20230722_SUPT,4,5177,cluster,#1FABCC,1,3066
CS20230722_CLUS_5179,5179 CB PLI Gly-Gaba_1,CCN20230722_CLUS,CS20230722_SUPT_1144,CCN20230722_SUPT,4,5178,cluster,#FFB74D,1,45
CS20230722_CLUS_5180,5180 CB PLI Gly-Gaba_2,CCN20230722_CLUS,CS20230722_SUPT_1145,CCN20230722_SUPT,4,5179,cluster,#8AFF4D,1,174
CS20230722_CLUS_5181,5181 CB PLI Gly-Gaba_2,CCN20230722_CLUS,CS20230722_SUPT_1145,CCN20230722_SUPT,4,5180,cluster,#B6CC7A,1,30
CS20230722_CLUS_5182,5182 CB PLI Gly-Gaba_2,CCN20230722_CLUS,CS20230722_SUPT_1145,CCN20230722_SUPT,4,5181,cluster,#7CFF73,1,50
CS20230722_CLUS_5183,5183 CB PLI Gly-Gaba_3,CCN20230722_CLUS,CS20230722_SUPT_1146,CCN20230722_SUPT,4,5182,cluster,#8D73FF,1,60
CS20230722_CLUS_5184,5184 CB PLI Gly-Gaba_3,CCN20230722_CLUS,CS20230722_SUPT_1146,CCN20230722_SUPT,4,5183,cluster,#99FFA7,1,69
CS20230722_CLUS_5185,5185 CB PLI Gly-Gaba_4,CCN20230722_CLUS,CS20230722_SUPT_1147,CCN20230722_SUPT,4,5184,cluster,#664B3D,1,442
CS20230722_CLUS_5186,5186 CBX Golgi Gly-Gaba_1,CCN20230722_CLUS,CS20230722_SUPT_1148,CCN20230722_SUPT,4,5185,cluster,#B673FF,1,219
CS20230722_CLUS_5187,5187 CBX Golgi Gly-Gaba_1,CCN20230722_CLUS,CS20230722_SUPT_1148,CCN20230722_SUPT,4,5186,cluster,#994560,1,72
CS20230722_CLUS_5188,5188 CBX MLI Megf11 Gaba_1,CCN20230722_CLUS,CS20230722_SUPT_1149,CCN20230722_SUPT,4,5187,cluster,#4F2E66,1,31095
CS20230722_CLUS_5189,5189 CBX MLI Megf11 Gaba_1,CCN20230722_CLUS,CS20230722_SUPT_1149,CCN20230722_SUPT,4,5188,cluster,#CCAD3D,1,154
CS20230722_CLUS_5190,5190 CBX MLI Megf11 Gaba_2,CCN20230722_CLUS,CS20230722_SUPT_1150,CCN20230722_SUPT,4,5189,cluster,#46663D,1,254
CS20230722_CLUS_5191,5191 CBX MLI Megf11 Gaba_2,CCN20230722_CLUS,CS20230722_SUPT_1150,CCN20230722_SUPT,4,5190,cluster,#1F22CC,1,116
CS20230722_CLUS_5192,5192 CBX MLI Cdh22 Gaba_1,CCN20230722_CLUS,CS20230722_SUPT_1151,CCN20230722_SUPT,4,5191,cluster,#CC0009,1,13098
CS20230722_CLUS_5193,5193 CBX Purkinje Gaba_1,CCN20230722_CLUS,CS20230722_SUPT_1152,CCN20230722_SUPT,4,5192,cluster,#2E7F99,1,47
CS20230722_CLUS_5194,5194 CBX Purkinje Gaba_1,CCN20230722_CLUS,CS20230722_SUPT_1152,CCN20230722_SUPT,4,5193,cluster,#3D664D,1,106
CS20230722_CLUS_5195,5195 CBX Purkinje Gaba_2,CCN20230722_CLUS,CS20230722_SUPT_1153,CCN20230722_SUPT,4,5194,cluster,#FF4DB0,1,17
CS20230722_CLUS_5196,5196 CBX Purkinje Gaba_2,CCN20230722_CLUS,CS20230722_SUPT_1153,CCN20230722_SUPT,4,5195,cluster,#999000,1,210
CS20230722_CLUS_5197,5197 CB Granule Glut_1,CCN20230722_CLUS,CS20230722_SUPT_1154,CCN20230722_SUPT,4,5196,cluster,#84995C,1,14544
CS20230722_CLUS_5198,5198 CB Granule Glut_1,CCN20230722_CLUS,CS20230722_SUPT_1154,CCN20230722_SUPT,4,5197,cluster,#1F6640,1,2196
CS20230722_CLUS_5199,5199 CB Granule Glut_1,CCN20230722_CLUS,CS20230722_SUPT_1154,CCN20230722_SUPT,4,5198,cluster,#98CC1F,1,909
CS20230722_CLUS_5200,5200 CB Granule Glut_2,CCN20230722_CLUS,CS20230722_SUPT_1155,CCN20230722_SUPT,4,5199,cluster,#FF26B9,1,220
CS20230722_CLUS_5201,5201 CB Granule Glut_2,CCN20230722_CLUS,CS20230722_SUPT_1155,CCN20230722_SUPT,4,5200,cluster,#99457A,1,115909
CS20230722_CLUS_5202,5202 DCO UBC Glut_1,CCN20230722_CLUS,CS20230722_SUPT_1156,CCN20230722_SUPT,4,5201,cluster,#3DCC41,1,4062
CS20230722_CLUS_5203,5203 DCO UBC Glut_1,CCN20230722_CLUS,CS20230722_SUPT_1156,CCN20230722_SUPT,4,5202,cluster,#3D5E66,1,101
CS20230722_CLUS_5204,5204 DCO UBC Glut_1,CCN20230722_CLUS,CS20230722_SUPT_1156,CCN20230722_SUPT,4,5203,cluster,#606600,1,2815
CS20230722_CLUS_5205,5205 DCO UBC Glut_1,CCN20230722_CLUS,CS20230722_SUPT_1156,CCN20230722_SUPT,4,5204,cluster,#17997B,1,350
CS20230722_CLUS_5206,5206 Bergmann NN_1,CCN20230722_CLUS,CS20230722_SUPT_1157,CCN20230722_SUPT,4,5205,cluster,#905C99,1,3321
CS20230722_CLUS_5207,5207 Astro-CB NN_1,CCN20230722_CLUS,CS20230722_SUPT_1158,CCN20230722_SUPT,4,5206,cluster,#993A2E,1,1716
CS20230722_CLUS_5208,5208 Astro-NT NN_1,CCN20230722_CLUS,CS20230722_SUPT_1159,CCN20230722_SUPT,4,5207,cluster,#FFEE99,1,192
CS20230722_CLUS_5209,5209 Astro-NT NN_1,CCN20230722_CLUS,CS20230722_SUPT_1159,CCN20230722_SUPT,4,5208,cluster,#4DFFA0,1,718
CS20230722_CLUS_5210,5210 Astro-NT NN_1,CCN20230722_CLUS,CS20230722_SUPT_1159,CCN20230722_SUPT,4,5209,cluster,#992E47,1,140
CS20230722_CLUS_5211,5211 Astro-NT NN_1,CCN20230722_CLUS,CS20230722_SUPT_1159,CCN20230722_SUPT,4,5210,cluster,#CC7A7B,1,89
CS20230722_CLUS_5212,5212 Astro-NT NN_1,CCN20230722_CLUS,CS20230722_SUPT_1159,CCN20230722_SUPT,4,5211,cluster,#99172A,1,307
CS20230722_CLUS_5213,5213 Astro-NT NN_1,CCN20230722_CLUS,CS20230722_SUPT_1159,CCN20230722_SUPT,4,5212,cluster,#663500,1,18
CS20230722_CLUS_5214,5214 Astro-NT NN_2,CCN20230722_CLUS,CS20230722_SUPT_1160,CCN20230722_SUPT,4,5213,cluster,#2C00FF,1,108101
CS20230722_CLUS_5215,5215 Astro-NT NN_2,CCN20230722_CLUS,CS20230722_SUPT_1160,CCN20230722_SUPT,4,5214,cluster,#CC887A,1,10325
CS20230722_CLUS_5216,5216 Astro-NT NN_2,CCN20230722_CLUS,CS20230722_SUPT_1160,CCN20230722_SUPT,4,5215,cluster,#3D5366,1,20018
CS20230722_CLUS_5217,5217 Astro-NT NN_2,CCN20230722_CLUS,CS20230722_SUPT_1160,CCN20230722_SUPT,4,5216,cluster,#0F3966,1,761
CS20230722_CLUS_5218,5218 Astro-TE NN_1,CCN20230722_CLUS,CS20230722_SUPT_1161,CCN20230722_SUPT,4,5217,cluster,#862E99,1,2759
CS20230722_CLUS_5219,5219 Astro-TE NN_1,CCN20230722_CLUS,CS20230722_SUPT_1161,CCN20230722_SUPT,4,5218,cluster,#C3CC7A,1,647
CS20230722_CLUS_5220,5220 Astro-TE NN_1,CCN20230722_CLUS,CS20230722_SUPT_1161,CCN20230722_SUPT,4,5219,cluster,#5D0066,1,132
CS20230722_CLUS_5221,5221 Astro-TE NN_1,CCN20230722_CLUS,CS20230722_SUPT_1161,CCN20230722_SUPT,4,5220,cluster,#CC7AB7,1,1225
CS20230722_CLUS_5222,5222 Astro-TE NN_2,CCN20230722_CLUS,CS20230722_SUPT_1162,CCN20230722_SUPT,4,5221,cluster,#4C0099,1,413
CS20230722_CLUS_5223,5223 Astro-TE NN_2,CCN20230722_CLUS,CS20230722_SUPT_1162,CCN20230722_SUPT,4,5222,cluster,#99EDFF,1,10
CS20230722_CLUS_5224,5224 Astro-TE NN_3,CCN20230722_CLUS,CS20230722_SUPT_1163,CCN20230722_SUPT,4,5223,cluster,#0F6616,1,523
CS20230722_CLUS_5225,5225 Astro-TE NN_3,CCN20230722_CLUS,CS20230722_SUPT_1163,CCN20230722_SUPT,4,5224,cluster,#551799,1,131046
CS20230722_CLUS_5226,5226 Astro-TE NN_3,CCN20230722_CLUS,CS20230722_SUPT_1163,CCN20230722_SUPT,4,5225,cluster,#90CC5C,1,7734
CS20230722_CLUS_5227,5227 Astro-TE NN_3,CCN20230722_CLUS,CS20230722_SUPT_1163,CCN20230722_SUPT,4,5226,cluster,#280066,1,7503
CS20230722_CLUS_5228,5228 Astro-TE NN_4,CCN20230722_CLUS,CS20230722_SUPT_1164,CCN20230722_SUPT,4,5227,cluster,#99FFAA,1,982
CS20230722_CLUS_5229,5229 Astro-TE NN_5,CCN20230722_CLUS,CS20230722_SUPT_1165,CCN20230722_SUPT,4,5228,cluster,#00992C,1,773
CS20230722_CLUS_5230,5230 Astro-TE NN_5,CCN20230722_CLUS,CS20230722_SUPT_1165,CCN20230722_SUPT,4,5229,cluster,#CC0052,1,564
CS20230722_CLUS_5231,5231 Astro-OLF NN_1,CCN20230722_CLUS,CS20230722_SUPT_1166,CCN20230722_SUPT,4,5230,cluster,#45997D,1,991
CS20230722_CLUS_5232,5232 Astro-OLF NN_1,CCN20230722_CLUS,CS20230722_SUPT_1166,CCN20230722_SUPT,4,5231,cluster,#FF2630,1,202
CS20230722_CLUS_5233,5233 Astro-OLF NN_2,CCN20230722_CLUS,CS20230722_SUPT_1167,CCN20230722_SUPT,4,5232,cluster,#664C2E,1,384
CS20230722_CLUS_5234,5234 Astro-OLF NN_2,CCN20230722_CLUS,CS20230722_SUPT_1167,CCN20230722_SUPT,4,5233,cluster,#1FCC8B,1,235
CS20230722_CLUS_5235,5235 Astro-OLF NN_3,CCN20230722_CLUS,CS20230722_SUPT_1168,CCN20230722_SUPT,4,5234,cluster,#4DFFBC,1,424
CS20230722_CLUS_5236,5236 Astro-OLF NN_3,CCN20230722_CLUS,CS20230722_SUPT_1168,CCN20230722_SUPT,4,5235,cluster,#17994C,1,250
CS20230722_CLUS_5237,5237 Astroependymal NN_1,CCN20230722_CLUS,CS20230722_SUPT_1169,CCN20230722_SUPT,4,5236,cluster,#9FFF00,1,329
CS20230722_CLUS_5238,5238 Astroependymal NN_1,CCN20230722_CLUS,CS20230722_SUPT_1169,CCN20230722_SUPT,4,5237,cluster,#995C60,1,57
CS20230722_CLUS_5239,5239 Astroependymal NN_1,CCN20230722_CLUS,CS20230722_SUPT_1169,CCN20230722_SUPT,4,5238,cluster,#00CC51,1,268
CS20230722_CLUS_5240,5240 Astroependymal NN_2,CCN20230722_CLUS,CS20230722_SUPT_1170,CCN20230722_SUPT,4,5239,cluster,#3DCC4A,1,66
CS20230722_CLUS_5241,5241 Astroependymal NN_3,CCN20230722_CLUS,CS20230722_SUPT_1171,CCN20230722_SUPT,4,5240,cluster,#0F2866,1,297
CS20230722_CLUS_5242,5242 Astroependymal NN_3,CCN20230722_CLUS,CS20230722_SUPT_1171,CCN20230722_SUPT,4,5241,cluster,#001FFF,1,215
CS20230722_CLUS_5243,5243 Tanycyte NN_1,CCN20230722_CLUS,CS20230722_SUPT_1172,CCN20230722_SUPT,4,5242,cluster,#26FF6E,1,97
CS20230722_CLUS_5244,5244 Tanycyte NN_1,CCN20230722_CLUS,CS20230722_SUPT_1172,CCN20230722_SUPT,4,5243,cluster,#5C6499,1,38
CS20230722_CLUS_5245,5245 Tanycyte NN_2,CCN20230722_CLUS,CS20230722_SUPT_1173,CCN20230722_SUPT,4,5244,cluster,#99172D,1,198
CS20230722_CLUS_5246,5246 Tanycyte NN_2,CCN20230722_CLUS,CS20230722_SUPT_1173,CCN20230722_SUPT,4,5245,cluster,#81CC5C,1,94
CS20230722_CLUS_5247,5247 Tanycyte NN_2,CCN20230722_CLUS,CS20230722_SUPT_1173,CCN20230722_SUPT,4,5246,cluster,#984599,1,331
CS20230722_CLUS_5248,5248 Tanycyte NN_2,CCN20230722_CLUS,CS20230722_SUPT_1173,CCN20230722_SUPT,4,5247,cluster,#003A99,1,36
CS20230722_CLUS_5249,5249 Tanycyte NN_2,CCN20230722_CLUS,CS20230722_SUPT_1173,CCN20230722_SUPT,4,5248,cluster,#73FFBB,1,237
CS20230722_CLUS_5250,5250 Tanycyte NN_3,CCN20230722_CLUS,CS20230722_SUPT_1174,CCN20230722_SUPT,4,5249,cluster,#999517,1,41
CS20230722_CLUS_5251,5251 Ependymal NN_1,CCN20230722_CLUS,CS20230722_SUPT_1175,CCN20230722_SUPT,4,5250,cluster,#664500,1,301
CS20230722_CLUS_5252,5252 Ependymal NN_1,CCN20230722_CLUS,CS20230722_SUPT_1175,CCN20230722_SUPT,4,5251,cluster,#954DFF,1,90
CS20230722_CLUS_5253,5253 Ependymal NN_1,CCN20230722_CLUS,CS20230722_SUPT_1175,CCN20230722_SUPT,4,5252,cluster,#0F5666,1,47
CS20230722_CLUS_5254,5254 Ependymal NN_1,CCN20230722_CLUS,CS20230722_SUPT_1175,CCN20230722_SUPT,4,5253,cluster,#0F6662,1,24
CS20230722_CLUS_5255,5255 Ependymal NN_1,CCN20230722_CLUS,CS20230722_SUPT_1175,CCN20230722_SUPT,4,5254,cluster,#661F0F,1,85
CS20230722_CLUS_5256,5256 Ependymal NN_1,CCN20230722_CLUS,CS20230722_SUPT_1175,CCN20230722_SUPT,4,5255,cluster,#5CCC67,1,1519
CS20230722_CLUS_5257,5257 Ependymal NN_1,CCN20230722_CLUS,CS20230722_SUPT_1175,CCN20230722_SUPT,4,5256,cluster,#99705C,1,402
CS20230722_CLUS_5258,5258 Ependymal NN_1,CCN20230722_CLUS,CS20230722_SUPT_1175,CCN20230722_SUPT,4,5257,cluster,#998D45,1,315
CS20230722_CLUS_5259,5259 Ependymal NN_1,CCN20230722_CLUS,CS20230722_SUPT_1175,CCN20230722_SUPT,4,5258,cluster,#FF0001,1,198
CS20230722_CLUS_5260,5260 Ependymal NN_2,CCN20230722_CLUS,CS20230722_SUPT_1176,CCN20230722_SUPT,4,5259,cluster,#4BCC00,1,41
CS20230722_CLUS_5261,5261 Ependymal NN_2,CCN20230722_CLUS,CS20230722_SUPT_1176,CCN20230722_SUPT,4,5260,cluster,#B67ACC,1,52
CS20230722_CLUS_5262,5262 Ependymal NN_2,CCN20230722_CLUS,CS20230722_SUPT_1176,CCN20230722_SUPT,4,5261,cluster,#176E99,1,185
CS20230722_CLUS_5263,5263 Hypendymal NN_1,CCN20230722_CLUS,CS20230722_SUPT_1177,CCN20230722_SUPT,4,5262,cluster,#6F5CCC,1,139
CS20230722_CLUS_5264,5264 CHOR NN_1,CCN20230722_CLUS,CS20230722_SUPT_1178,CCN20230722_SUPT,4,5263,cluster,#6A5CCC,1,305
CS20230722_CLUS_5265,5265 CHOR NN_1,CCN20230722_CLUS,CS20230722_SUPT_1178,CCN20230722_SUPT,4,5264,cluster,#2E4266,1,171
CS20230722_CLUS_5266,5266 OPC NN_1,CCN20230722_CLUS,CS20230722_SUPT_1179,CCN20230722_SUPT,4,5265,cluster,#3A662E,1,483
CS20230722_CLUS_5267,5267 OPC NN_1,CCN20230722_CLUS,CS20230722_SUPT_1179,CCN20230722_SUPT,4,5266,cluster,#FF934D,1,210
CS20230722_CLUS_5268,5268 OPC NN_1,CCN20230722_CLUS,CS20230722_SUPT_1179,CCN20230722_SUPT,4,5267,cluster,#560099,1,1342
CS20230722_CLUS_5269,5269 OPC NN_1,CCN20230722_CLUS,CS20230722_SUPT_1179,CCN20230722_SUPT,4,5268,cluster,#5C997B,1,117304
CS20230722_CLUS_5270,5270 OPC NN_1,CCN20230722_CLUS,CS20230722_SUPT_1179,CCN20230722_SUPT,4,5269,cluster,#2E9988,1,2328
CS20230722_CLUS_5271,5271 OPC NN_2,CCN20230722_CLUS,CS20230722_SUPT_1180,CCN20230722_SUPT,4,5270,cluster,#CC0097,1,938
CS20230722_CLUS_5272,5272 COP NN_1,CCN20230722_CLUS,CS20230722_SUPT_1181,CCN20230722_SUPT,4,5271,cluster,#662E56,1,7130
CS20230722_CLUS_5273,5273 COP NN_1,CCN20230722_CLUS,CS20230722_SUPT_1181,CCN20230722_SUPT,4,5272,cluster,#CC915C,1,5971
CS20230722_CLUS_5274,5274 COP NN_1,CCN20230722_CLUS,CS20230722_SUPT_1181,CCN20230722_SUPT,4,5273,cluster,#6ACC3D,1,172
CS20230722_CLUS_5275,5275 COP NN_1,CCN20230722_CLUS,CS20230722_SUPT_1181,CCN20230722_SUPT,4,5274,cluster,#4DFFA4,1,2168
CS20230722_CLUS_5276,5276 COP NN_1,CCN20230722_CLUS,CS20230722_SUPT_1181,CCN20230722_SUPT,4,5275,cluster,#C4FF26,1,429
CS20230722_CLUS_5277,5277 COP NN_1,CCN20230722_CLUS,CS20230722_SUPT_1181,CCN20230722_SUPT,4,5276,cluster,#995C76,1,193
CS20230722_CLUS_5278,5278 NFOL NN_2,CCN20230722_CLUS,CS20230722_SUPT_1182,CCN20230722_SUPT,4,5277,cluster,#661F5A,1,15
CS20230722_CLUS_5279,5279 NFOL NN_2,CCN20230722_CLUS,CS20230722_SUPT_1182,CCN20230722_SUPT,4,5278,cluster,#FF73A1,1,913
CS20230722_CLUS_5280,5280 NFOL NN_2,CCN20230722_CLUS,CS20230722_SUPT_1182,CCN20230722_SUPT,4,5279,cluster,#455699,1,1793
CS20230722_CLUS_5281,5281 NFOL NN_2,CCN20230722_CLUS,CS20230722_SUPT_1182,CCN20230722_SUPT,4,5280,cluster,#CC3D52,1,708
CS20230722_CLUS_5282,5282 MFOL NN_3,CCN20230722_CLUS,CS20230722_SUPT_1183,CCN20230722_SUPT,4,5281,cluster,#51FF4D,1,6615
CS20230722_CLUS_5283,5283 MFOL NN_3,CCN20230722_CLUS,CS20230722_SUPT_1183,CCN20230722_SUPT,4,5282,cluster,#264EFF,1,913
CS20230722_CLUS_5284,5284 MOL NN_4,CCN20230722_CLUS,CS20230722_SUPT_1184,CCN20230722_SUPT,4,5283,cluster,#5B2E66,1,120642
CS20230722_CLUS_5285,5285 MOL NN_4,CCN20230722_CLUS,CS20230722_SUPT_1184,CCN20230722_SUPT,4,5284,cluster,#5A662E,1,264669
CS20230722_CLUS_5286,5286 MOL NN_4,CCN20230722_CLUS,CS20230722_SUPT_1184,CCN20230722_SUPT,4,5285,cluster,#9FFF99,1,5449
CS20230722_CLUS_5287,5287 MOL NN_4,CCN20230722_CLUS,CS20230722_SUPT_1184,CCN20230722_SUPT,4,5286,cluster,#5C996D,1,4007
CS20230722_CLUS_5288,5288 MOL NN_4,CCN20230722_CLUS,CS20230722_SUPT_1184,CCN20230722_SUPT,4,5287,cluster,#3D5666,1,787
CS20230722_CLUS_5289,5289 OEC NN_1,CCN20230722_CLUS,CS20230722_SUPT_1185,CCN20230722_SUPT,4,5288,cluster,#174299,1,119
CS20230722_CLUS_5290,5290 OEC NN_1,CCN20230722_CLUS,CS20230722_SUPT_1185,CCN20230722_SUPT,4,5289,cluster,#73FF73,1,341
CS20230722_CLUS_5291,5291 OEC NN_1,CCN20230722_CLUS,CS20230722_SUPT_1185,CCN20230722_SUPT,4,5290,cluster,#995C88,1,571
CS20230722_CLUS_5292,5292 OEC NN_1,CCN20230722_CLUS,CS20230722_SUPT_1185,CCN20230722_SUPT,4,5291,cluster,#ACFF26,1,101
CS20230722_CLUS_5293,5293 ABC NN_1,CCN20230722_CLUS,CS20230722_SUPT_1186,CCN20230722_SUPT,4,5292,cluster,#00C6CC,1,613
CS20230722_CLUS_5294,5294 ABC NN_1,CCN20230722_CLUS,CS20230722_SUPT_1186,CCN20230722_SUPT,4,5293,cluster,#661F42,1,71
CS20230722_CLUS_5295,5295 ABC NN_1,CCN20230722_CLUS,CS20230722_SUPT_1186,CCN20230722_SUPT,4,5294,cluster,#26FFE8,1,173
CS20230722_CLUS_5296,5296 VLMC NN_1,CCN20230722_CLUS,CS20230722_SUPT_1187,CCN20230722_SUPT,4,5295,cluster,#CCA43D,1,111
CS20230722_CLUS_5297,5297 VLMC NN_1,CCN20230722_CLUS,CS20230722_SUPT_1187,CCN20230722_SUPT,4,5296,cluster,#660F4A,1,539
CS20230722_CLUS_5298,5298 VLMC NN_1,CCN20230722_CLUS,CS20230722_SUPT_1187,CCN20230722_SUPT,4,5297,cluster,#3B9900,1,2441
CS20230722_CLUS_5299,5299 VLMC NN_1,CCN20230722_CLUS,CS20230722_SUPT_1187,CCN20230722_SUPT,4,5298,cluster,#00661A,1,316
CS20230722_CLUS_5300,5300 VLMC NN_2,CCN20230722_CLUS,CS20230722_SUPT_1188,CCN20230722_SUPT,4,5299,cluster,#2E7099,1,314
CS20230722_CLUS_5301,5301 VLMC NN_2,CCN20230722_CLUS,CS20230722_SUPT_1188,CCN20230722_SUPT,4,5300,cluster,#79CC5C,1,5194
CS20230722_CLUS_5302,5302 VLMC NN_3,CCN20230722_CLUS,CS20230722_SUPT_1189,CCN20230722_SUPT,4,5301,cluster,#66522E,1,113
CS20230722_CLUS_5303,5303 VLMC NN_4,CCN20230722_CLUS,CS20230722_SUPT_1190,CCN20230722_SUPT,4,5302,cluster,#99455C,1,76
CS20230722_CLUS_5304,5304 Peri NN_1,CCN20230722_CLUS,CS20230722_SUPT_1191,CCN20230722_SUPT,4,5303,cluster,#BB1FCC,1,24403
CS20230722_CLUS_5305,5305 Peri NN_1,CCN20230722_CLUS,CS20230722_SUPT_1191,CCN20230722_SUPT,4,5304,cluster,#CC311F,1,504
CS20230722_CLUS_5306,5306 SMC NN_1,CCN20230722_CLUS,CS20230722_SUPT_1192,CCN20230722_SUPT,4,5305,cluster,#FF0018,1,4502
CS20230722_CLUS_5307,5307 SMC NN_1,CCN20230722_CLUS,CS20230722_SUPT_1192,CCN20230722_SUPT,4,5306,cluster,#009945,1,9689
CS20230722_CLUS_5308,5308 SMC NN_1,CCN20230722_CLUS,CS20230722_SUPT_1192,CCN20230722_SUPT,4,5307,cluster,#FF4DA8,1,423
CS20230722_CLUS_5309,5309 Endo NN_1,CCN20230722_CLUS,CS20230722_SUPT_1193,CCN20230722_SUPT,4,5308,cluster,#5C9994,1,9290
CS20230722_CLUS_5310,5310 Endo NN_1,CCN20230722_CLUS,CS20230722_SUPT_1193,CCN20230722_SUPT,4,5309,cluster,#FFB473,1,48562
CS20230722_CLUS_5311,5311 Endo NN_1,CCN20230722_CLUS,CS20230722_SUPT_1193,CCN20230722_SUPT,4,5310,cluster,#CC3D76,1,30159
CS20230722_CLUS_5312,5312 Microglia NN_1,CCN20230722_CLUS,CS20230722_SUPT_1194,CCN20230722_SUPT,4,5311,cluster,#651FCC,1,86232
CS20230722_CLUS_5313,5313 BAM NN_1,CCN20230722_CLUS,CS20230722_SUPT_1195,CCN20230722_SUPT,4,5312,cluster,#EEFF99,1,2812
CS20230722_CLUS_5314,5314 BAM NN_1,CCN20230722_CLUS,CS20230722_SUPT_1195,CCN20230722_SUPT,4,5313,cluster,#997E45,1,2814
CS20230722_CLUS_5315,5315 Monocytes NN_1,CCN20230722_CLUS,CS20230722_SUPT_1196,CCN20230722_SUPT,4,5314,cluster,#995C7E,1,33
CS20230722_CLUS_5316,5316 DC NN_1,CCN20230722_CLUS,CS20230722_SUPT_1197,CCN20230722_SUPT,4,5315,cluster,#1F9917,1,30
CS20230722_CLUS_5317,5317 DC NN_1,CCN20230722_CLUS,CS20230722_SUPT_1197,CCN20230722_SUPT,4,5316,cluster,#8A4599,1,73
CS20230722_CLUS_5318,5318 DC NN_1,CCN20230722_CLUS,CS20230722_SUPT_1197,CCN20230722_SUPT,4,5317,cluster,#3D5766,1,182
CS20230722_CLUS_5319,5319 B cells NN_1,CCN20230722_CLUS,CS20230722_SUPT_1198,CCN20230722_SUPT,4,5318,cluster,#A673FF,1,45
CS20230722_CLUS_5320,5320 ILC NN_2,CCN20230722_CLUS,CS20230722_SUPT_1199,CCN20230722_SUPT,4,5319,cluster,#3D6659,1,28
CS20230722_CLUS_5321,5321 NK cells NN_3,CCN20230722_CLUS,CS20230722_SUPT_1200,CCN20230722_SUPT,4,5320,cluster,#5CCCA1,1,132
CS20230722_CLUS_5322,5322 T cells NN_4,CCN20230722_CLUS,CS20230722_SUPT_1201,CCN20230722_SUPT,4,5321,cluster,#931799,1,199
